restaurant,location,first_air_date,model,definitions_version,name_rule,jev_choice,jev_confidence,p_diner,p_drive_in,p_dive,p_other,is_diner,is_drive_in,is_dive,jev_bucket,jev_bucket_confidence,evidence_source,input_tokens
Brint's Diner,"Wichita, Kansas",2007-04-23,jev-1.13.0,v2,Diner,Diner,1.0,1.0,0.0,0.0,0.0,0.92,0.08,0.56,,,foodiepie,986
Mac & Ernie's Roadside Eatery,"Tarpley, Texas",2007-04-23,jev-1.13.0,v2,,Drive-In,0.49,0.0,0.63,0.37,0.0,0.46,0.81,0.85,,,foodiepie,1038
Mad Greek Cafe,"Baker, California",2007-04-23,jev-1.13.0,v2,,Other,0.43,0.0,0.0,0.43,0.57,0.11,0.11,0.56,Global kitchens,1.0,foodiepie,989
Four Kegs Sports Pub,"Las Vegas, Nevada",2007-04-30,jev-1.13.0,v2,,Dive,0.97,0.0,0.0,0.98,0.02,0.17,0.02,0.73,,,foodiepie,1010
Hullabaloo Diner,"Wellborn, Texas",2007-04-30,jev-1.13.0,v2,Diner,Diner,1.0,1.0,0.0,0.0,0.0,0.94,0.08,0.55,,,foodiepie,987
Pizza Palace,"Knoxville, Tennessee",2007-04-30,jev-1.13.0,v2,,Drive-In,0.81,0.0,0.86,0.0,0.14,0.17,0.88,0.57,,,foodiepie,977
Frosted Mug,"Alsip, Illinois",2007-05-07,jev-1.13.0,v2,,Drive-In,1.0,0.0,1.0,0.0,0.0,0.6,0.96,0.48,,,foodiepie,1008
Patrick's Roadhouse,"Santa Monica, California",2007-05-07,jev-1.13.0,v2,,Diner,0.98,0.99,0.0,0.01,0.0,0.91,0.1,0.54,,,foodiepie,1108
The Penguin,"Charlotte, North Carolina",2007-05-07,jev-1.13.0,v2,,Diner,1.0,1.0,0.0,0.0,0.0,0.93,0.12,0.49,,,foodiepie,1067
Franks Diner,"Kenosha, Wisconsin",2007-05-21,jev-1.13.0,v2,Diner,Diner,0.99,0.99,0.01,0.0,0.0,0.94,0.22,0.74,,,foodiepie,1024
Gaffey Street Diner,"San Pedro, California",2007-05-21,jev-1.13.0,v2,Diner,Diner,1.0,1.0,0.0,0.0,0.0,0.95,0.07,0.63,,,foodiepie,971
The Coffee Cup,"Boulder City, Nevada",2007-05-21,jev-1.13.0,v2,,Diner,1.0,1.0,0.0,0.0,0.0,0.93,0.1,0.7,,,foodiepie,967
Baby Blues BBQ,"Venice, Los Angeles, California",2007-05-28,jev-1.13.0,v2,,Other,1.0,0.0,0.0,0.0,1.0,0.08,0.13,0.31,BBQ & smokehouses,1.0,foodiepie,994
Barbecue King Drive-In,"Charlotte, North Carolina",2007-05-28,jev-1.13.0,v2,Drive-In,Drive-In,1.0,0.0,1.0,0.0,0.0,0.21,0.98,0.54,,,web,990
Louie Mueller BBQ,"Taylor, Texas",2007-05-28,jev-1.13.0,v2,,Other,0.99,0.0,0.0,0.0,1.0,0.09,0.17,0.39,BBQ & smokehouses,1.0,foodiepie,1088
A1 Diner,"Gardiner, Maine",2007-06-04,jev-1.13.0,v2,Diner,Diner,1.0,1.0,0.0,0.0,0.0,0.93,0.06,0.4,,,foodiepie,1059
Eveready Diner,"Hyde Park, New York",2007-06-04,jev-1.13.0,v2,Diner,Diner,1.0,1.0,0.0,0.0,0.0,0.91,0.03,0.28,,,foodiepie,1059
Leo's BBQ,"Oklahoma City, Oklahoma",2007-06-04,jev-1.13.0,v2,,Dive,0.41,0.0,0.0,0.56,0.44,0.18,0.22,0.79,,,foodiepie,1054
Hackney's,"Glenview, Illinois",2007-06-11,jev-1.13.0,v2,,Diner,0.27,0.46,0.12,0.4,0.02,0.68,0.3,0.69,,,foodiepie,1078
Squeeze Inn,"Sacramento, California",2007-06-11,jev-1.13.0,v2,,Dive,0.93,0.04,0.01,0.95,0.0,0.54,0.21,0.84,,,foodiepie,1099
Triple XXX Restaurant,"West Lafayette, Indiana",2007-06-11,jev-1.13.0,v2,,Diner,1.0,1.0,0.0,0.0,0.0,0.95,0.16,0.55,,,foodiepie,1125
Hank's Creekside Restaurant,"Santa Rosa, California",2007-06-18,jev-1.13.0,v2,,Diner,0.99,0.99,0.0,0.0,0.01,0.81,0.05,0.33,,,foodiepie,1035
Red Arrow Diner,"Manchester, New Hampshire",2007-06-18,jev-1.13.0,v2,Diner,Diner,1.0,1.0,0.0,0.0,0.0,0.97,0.05,0.43,,,foodiepie,1080
Voula's Offshore Cafe,"Seattle, Washington",2007-06-18,jev-1.13.0,v2,,Diner,0.83,0.87,0.0,0.01,0.12,0.66,0.08,0.49,,,foodiepie,1030
Byways Cafe,"Portland, Oregon",2007-07-09,jev-1.13.0,v2,,Diner,1.0,1.0,0.0,0.0,0.0,0.86,0.04,0.54,,,foodiepie,999
South Side Soda Shop and Diner,"Goshen, Indiana",2007-07-09,jev-1.13.0,v2,Diner,Diner,1.0,1.0,0.0,0.0,0.0,0.95,0.08,0.51,,,foodiepie,1019
Taylor's Automatic Refresher,"St. Helena, California",2007-07-09,jev-1.13.0,v2,,Drive-In,1.0,0.0,1.0,0.0,0.0,0.28,0.87,0.48,,,web,1009
Big Star Diner,"Bainbridge Island, Washington",2007-07-16,jev-1.13.0,v2,Diner,Diner,1.0,1.0,0.0,0.0,0.0,0.98,0.07,0.45,,,web,997
Harold's Café,"Gaffney, South Carolina",2007-07-16,jev-1.13.0,v2,,Diner,0.96,0.97,0.0,0.02,0.01,0.85,0.21,0.67,,,foodiepie,1064
Mo Gridder's BBQ,"The Bronx, New York City, New York",2007-07-16,jev-1.13.0,v2,,Drive-In,0.74,0.0,0.81,0.14,0.05,0.08,0.76,0.83,,,foodiepie,986
Bay Way Diner,"Linden, New Jersey",2007-07-23,jev-1.13.0,v2,Diner,Diner,1.0,1.0,0.0,0.0,0.0,0.96,0.26,0.77,,,foodiepie,1012
Beacon Drive-In,"Spartanburg, South Carolina",2007-07-23,jev-1.13.0,v2,Drive-In,Drive-In,1.0,0.0,1.0,0.0,0.0,0.63,0.95,0.57,,,foodiepie,1099
Kelly's Diner,"Somerville, Massachusetts",2007-07-23,jev-1.13.0,v2,Diner,Diner,1.0,1.0,0.0,0.0,0.0,0.96,0.04,0.46,,,foodiepie,1040
Al's Breakfast,"Minneapolis, Minnesota",2007-07-30,jev-1.13.0,v2,,Diner,0.99,0.99,0.0,0.01,0.0,0.93,0.04,0.52,,,foodiepie,991
Dari-ette Drive-In,"St. Paul, Minnesota",2007-07-30,jev-1.13.0,v2,Drive-In,Drive-In,0.96,0.03,0.97,0.0,0.0,0.78,0.79,0.61,,,foodiepie,950
Rosie's Diner,"Rockford, Michigan",2007-07-30,jev-1.13.0,v2,Diner,Diner,1.0,1.0,0.0,0.0,0.0,0.95,0.08,0.5,,,foodiepie,988
Russian River Pub,"Forestville, California",2007-07-30,jev-1.13.0,v2,,Dive,0.68,0.09,0.0,0.76,0.15,0.42,0.04,0.5,,,foodiepie,1136
Falafel's Drive-In,"San Jose, California",2007-10-01,jev-1.13.0,v2,Drive-In,Drive-In,0.97,0.0,0.98,0.0,0.02,0.33,0.77,0.57,,,foodiepie,1072
Ramona Café,"Ramona, California",2007-10-01,jev-1.13.0,v2,,Diner,1.0,1.0,0.0,0.0,0.0,0.86,0.08,0.5,,,foodiepie,1003
Silk City Diner,"Philadelphia, Pennsylvania",2007-10-01,jev-1.13.0,v2,Diner,Diner,0.99,1.0,0.0,0.0,0.0,0.84,0.05,0.32,,,foodiepie,1028
Café on the Route,"Baxter Springs, Kansas",2007-10-08,jev-1.13.0,v2,,Diner,0.51,0.64,0.02,0.0,0.34,0.46,0.2,0.3,,,foodiepie,940
Emma Jean's Holland Burger Café,"Victorville, California",2007-10-08,jev-1.13.0,v2,,Diner,0.99,1.0,0.0,0.0,0.0,0.86,0.36,0.66,,,foodiepie,982
The Rock Café,"Stroud, Oklahoma",2007-10-08,jev-1.13.0,v2,,Diner,0.87,0.9,0.0,0.02,0.08,0.7,0.17,0.54,,,foodiepie,983
Evelyn's Drive-In,"Tiverton, Rhode Island",2007-10-15,jev-1.13.0,v2,Drive-In,Drive-In,0.82,0.08,0.86,0.0,0.06,0.41,0.67,0.31,,,foodiepie,1063
Hodad's,"Ocean Beach, San Diego, California",2007-10-15,jev-1.13.0,v2,,Dive,0.39,0.12,0.31,0.55,0.02,0.42,0.32,0.66,,,foodiepie,1139
Keegan's Seafood Grille,"Indian Rocks Beach, Florida",2007-10-15,jev-1.13.0,v2,,Other,0.73,0.04,0.0,0.16,0.8,0.25,0.06,0.42,Seafood,1.0,foodiepie,1056
Clanton's Café,"Vinita, Oklahoma",2007-10-22,jev-1.13.0,v2,,Diner,0.94,0.96,0.0,0.04,0.0,0.78,0.14,0.62,,,foodiepie,1042
Duarte's Tavern,"Pescadero, California",2007-10-22,jev-1.13.0,v2,,Dive,0.85,0.08,0.0,0.89,0.03,0.46,0.07,0.67,,,foodiepie,1076
Mike's Chili Parlor,"Seattle, Washington",2007-10-22,jev-1.13.0,v2,,Dive,0.99,0.0,0.0,1.0,0.0,0.38,0.09,0.89,,,foodiepie,1025
Bobby's Hawaiian Style Restaurant,"Everett, Washington",2007-10-29,jev-1.13.0,v2,,Other,1.0,0.0,0.0,0.0,1.0,0.09,0.09,0.36,Global kitchens,1.0,foodiepie,1021
Psycho Suzie's Motor Lounge,"Minneapolis, Minnesota",2007-10-29,jev-1.13.0,v2,,Dive,0.85,0.08,0.0,0.88,0.04,0.41,0.05,0.61,,,foodiepie,1078
Ted Peters Famous Smoked Fish,"South Pasadena, Florida",2007-10-29,jev-1.13.0,v2,,Dive,0.72,0.12,0.02,0.79,0.07,0.47,0.39,0.78,,,foodiepie,1034
BBQ Shack,"Paola, Kansas",2007-11-05,jev-1.13.0,v2,,Other,0.96,0.0,0.02,0.01,0.97,0.1,0.42,0.58,BBQ & smokehouses,1.0,foodiepie,977
Jay Bee's Bar-B-Que,"Gardena, California",2007-11-05,jev-1.13.0,v2,,Other,0.98,0.0,0.0,0.02,0.98,0.16,0.22,0.49,BBQ & smokehouses,1.0,foodiepie,1014
Smoque,"Chicago, Illinois",2007-11-05,jev-1.13.0,v2,,Other,1.0,0.0,0.0,0.0,1.0,0.08,0.11,0.27,BBQ & smokehouses,1.0,foodiepie,978
Alpine Steakhouse,"Sarasota, Florida",2007-11-10,jev-1.13.0,v2,,Other,1.0,0.0,0.0,0.0,1.0,0.07,0.03,0.18,New American bistros,0.58,foodiepie,1005
Mike's City Diner,"Boston, Massachusetts",2007-11-10,jev-1.13.0,v2,Diner,Diner,1.0,1.0,0.0,0.0,0.0,0.94,0.05,0.41,,,foodiepie,1011
Willie Bird's Restaurant,"Santa Rosa, California",2007-11-10,jev-1.13.0,v2,,Diner,0.75,0.8200000000000001,0.0,0.06,0.12,0.7,0.13,0.46,,,foodiepie,937
Grubstake Diner,"San Francisco, California",2007-11-19,jev-1.13.0,v2,Diner,Diner,1.0,1.0,0.0,0.0,0.0,0.84,0.07,0.53,,,foodiepie,1040
JT Farnham's Seafood & Grill,"Essex, Massachusetts",2007-11-19,jev-1.13.0,v2,,Other,0.53,0.07,0.01,0.28,0.64,0.25,0.16,0.41,Seafood,1.0,foodiepie,1011
Joe's Gizzard City,"Potterville, Michigan",2007-11-19,jev-1.13.0,v2,,Dive,0.96,0.03,0.0,0.97,0.0,0.47,0.18,0.84,,,foodiepie,1048
Los Tapatios,"San Jose, California",2007-11-19,jev-1.13.0,v2,,Other,0.76,0.0,0.0,0.18,0.82,0.05,0.18,0.49,Mexican & Latin,1.0,foodiepie,948
Charlie's Diner,"Spencer, Massachusetts",2007-11-23,jev-1.13.0,v2,Diner,Diner,1.0,1.0,0.0,0.0,0.0,0.95,0.06,0.53,,,foodiepie,970
El Indio,"San Diego, California",2007-11-23,jev-1.13.0,v2,,Other,0.92,0.0,0.0,0.06,0.94,0.05,0.08,0.37,Mexican & Latin,1.0,foodiepie,1147
Paradise Pup,"Des Plaines, Illinois",2007-11-23,jev-1.13.0,v2,,Dive,0.33,0.08,0.39,0.49,0.04,0.34,0.39,0.67,,,foodiepie,1021
Studio Diner,"San Diego, California",2008-01-07,jev-1.13.0,v2,Diner,Diner,1.0,1.0,0.0,0.0,0.0,0.95,0.05,0.29,,,foodiepie,1142
The Dining Car,"Philadelphia, Pennsylvania",2008-01-07,jev-1.13.0,v2,,Diner,1.0,1.0,0.0,0.0,0.0,0.92,0.05,0.51,,,foodiepie,965
White Palace Grill,"Chicago, Illinois",2008-01-07,jev-1.13.0,v2,,Diner,1.0,1.0,0.0,0.0,0.0,0.97,0.03,0.35,,,foodiepie,1033
Galewood Cook Shack,"Chicago, Illinois",2008-01-14,jev-1.13.0,v2,,Drive-In,0.99,0.0,1.0,0.0,0.0,0.13,0.91,0.77,,,foodiepie,970
Grinders Pizza,"Kansas City, Missouri",2008-01-14,jev-1.13.0,v2,,Dive,0.4,0.01,0.0,0.55,0.44,0.25,0.05,0.67,,,foodiepie,1173
Schooner or Later,"Long Beach, California",2008-01-14,jev-1.13.0,v2,,Diner,0.88,0.91,0.0,0.06,0.03,0.75,0.06,0.43,,,foodiepie,1091
The Fly Trap,"Ferndale, Michigan",2008-01-14,jev-1.13.0,v2,,Diner,0.98,0.99,0.0,0.0,0.01,0.77,0.05,0.18,,,foodiepie,1045
Casper & Runyon's Nook,"St. Paul, Minnesota",2008-01-21,jev-1.13.0,v2,,Dive,1.0,0.0,0.0,1.0,0.0,0.27,0.05,0.84,,,foodiepie,1174
Joe's Cable Car Restaurant,"San Francisco, California",2008-01-21,jev-1.13.0,v2,,Diner,1.0,1.0,0.0,0.0,0.0,0.92,0.08,0.44,,,foodiepie,1012
Krazy Jim's Blimpy Burger,"Ann Arbor, Michigan",2008-01-21,jev-1.13.0,v2,,Dive,0.35,0.15,0.32,0.51,0.02,0.44,0.4,0.68,,,foodiepie,1065
Hightstown Diner,"Hightstown, New Jersey",2008-01-28,jev-1.13.0,v2,Diner,Diner,1.0,1.0,0.0,0.0,0.0,0.95,0.06,0.56,,,foodiepie,979
Jefferson Diner,"Lake Hopatcong, New Jersey",2008-01-28,jev-1.13.0,v2,Diner,Diner,0.98,0.99,0.0,0.0,0.01,0.72,0.05,0.46,,,foodiepie,993
Mustache Bill's,"Barnegat Light, New Jersey",2008-01-28,jev-1.13.0,v2,,Diner,1.0,1.0,0.0,0.0,0.0,0.92,0.06,0.67,,,foodiepie,1054
Skylark Diner,"Edison, New Jersey",2008-01-28,jev-1.13.0,v2,Diner,Diner,0.87,0.9,0.0,0.01,0.09,0.71,0.03,0.34,,,foodiepie,975
The Ritz Diner,"Livingston, New Jersey",2008-01-28,jev-1.13.0,v2,Diner,Diner,1.0,1.0,0.0,0.0,0.0,0.91,0.06,0.33,,,foodiepie,961
Tick Tock Diner,"Clifton, New Jersey",2008-01-28,jev-1.13.0,v2,Diner,Diner,1.0,1.0,0.0,0.0,0.0,0.95,0.04,0.32,,,foodiepie,1019
White Manna Hamburgers,"Hackensack, New Jersey",2008-01-28,jev-1.13.0,v2,,Dive,0.63,0.03,0.24,0.72,0.01,0.31,0.3,0.72,,,foodiepie,1020
Brownstone Diner,"Jersey City, New Jersey",2008-03-10,jev-1.13.0,v2,Diner,Diner,0.99,0.99,0.0,0.0,0.01,0.76,0.03,0.28,,,foodiepie,1003
Mama's 39th Street Diner,"Kansas City, Missouri",2008-03-10,jev-1.13.0,v2,Diner,Diner,1.0,1.0,0.0,0.0,0.0,0.95,0.1,0.58,,,foodiepie,973
Matt's Big Breakfast,"Phoenix, Arizona",2008-03-10,jev-1.13.0,v2,,Diner,0.82,0.87,0.0,0.0,0.13,0.6,0.05,0.16,,,foodiepie,1016
Roberto's Mexican Food,"Phoenix, Arizona",2008-03-17,jev-1.13.0,v2,,Dive,1.0,0.0,0.0,1.0,0.0,0.05,0.59,0.93,,,web,973
Smokey Valley Truck Stop,"Olive Hill, Kentucky",2008-03-17,jev-1.13.0,v2,,Diner,0.88,0.92,0.0,0.08,0.0,0.75,0.09,0.68,,,foodiepie,1014
Sweetie Pie's,"St. Louis, Missouri",2008-03-17,jev-1.13.0,v2,,Other,0.97,0.02,0.0,0.01,0.97,0.28,0.07,0.44,"Southern, Cajun & soul",1.0,foodiepie,1027
Charlie Parker's,"Springfield, Illinois",2008-03-24,jev-1.13.0,v2,,Diner,1.0,1.0,0.0,0.0,0.0,0.94,0.12,0.78,,,foodiepie,1051
Tecolote Café,"Santa Fe, New Mexico",2008-03-24,jev-1.13.0,v2,,Other,0.78,0.16,0.0,0.0,0.84,0.34,0.03,0.22,Mexican & Latin,0.84,foodiepie,1079
Virginia Diner,"Wakefield, Virginia",2008-03-24,jev-1.13.0,v2,Diner,Diner,1.0,1.0,0.0,0.0,0.0,0.96,0.07,0.57,,,foodiepie,977
Daddypops,"Hatboro, Pennsylvania",2008-03-31,jev-1.13.0,v2,,Diner,1.0,1.0,0.0,0.0,0.0,0.95,0.12,0.68,,,foodiepie,985
Iron Barley,"St. Louis, Missouri",2008-03-31,jev-1.13.0,v2,,Dive,0.86,0.0,0.0,0.9,0.1,0.25,0.06,0.63,,,foodiepie,1103
The Village Café,"Richmond, Virginia",2008-03-31,jev-1.13.0,v2,,Dive,0.93,0.05,0.0,0.95,0.0,0.51,0.05,0.85,,,foodiepie,999
Thee Pitts Again,"Glendale, Arizona",2008-03-31,jev-1.13.0,v2,,Other,1.0,0.0,0.0,0.0,1.0,0.13,0.23,0.4,BBQ & smokehouses,1.0,foodiepie,986
Chino Bandido,"Phoenix, Arizona",2008-04-07,jev-1.13.0,v2,,Other,0.92,0.0,0.0,0.06,0.94,0.06,0.05,0.32,Mexican & Latin,0.98,foodiepie,1145
Marietta Diner,"Marietta, Georgia",2008-04-07,jev-1.13.0,v2,Diner,Diner,0.99,0.99,0.0,0.0,0.01,0.79,0.04,0.36,,,foodiepie,1037
YJ's Snack Bar,"Kansas City, Missouri",2008-04-07,jev-1.13.0,v2,,Dive,0.9,0.01,0.0,0.93,0.06,0.25,0.12,0.7,,,foodiepie,1041
Dot's Back Inn,"Richmond, Virginia",2008-04-14,jev-1.13.0,v2,,Diner,1.0,1.0,0.0,0.0,0.0,0.9,0.05,0.52,,,foodiepie,1072
Hillbilly Hot Dogs,"Lesage, West Virginia",2008-04-14,jev-1.13.0,v2,,Dive,0.94,0.03,0.02,0.95,0.0,0.46,0.3,0.87,,,foodiepie,1213
Scully's Tavern,"Miami, Florida",2008-04-14,jev-1.13.0,v2,,Dive,0.96,0.0,0.0,0.97,0.03,0.14,0.04,0.51,,,foodiepie,1035
11th Street Diner,"Miami Beach, Florida",2008-05-12,jev-1.13.0,v2,Diner,Diner,1.0,1.0,0.0,0.0,0.0,0.94,0.05,0.36,,,foodiepie,1078
Bobo Drive-In,"Topeka, Kansas",2008-05-12,jev-1.13.0,v2,Drive-In,Drive-In,1.0,0.0,1.0,0.0,0.0,0.36,0.97,0.47,,,foodiepie,1035
Little Tea Shop,"Memphis, Tennessee",2008-05-12,jev-1.13.0,v2,,Other,0.38,0.46,0.0,0.0,0.54,0.38,0.05,0.28,"Southern, Cajun & soul",1.0,foodiepie,1067
Joe's Farm Grill,"Gilbert, Arizona",2008-05-19,jev-1.13.0,v2,,Other,0.62,0.26,0.02,0.0,0.72,0.38,0.2,0.27,New American bistros,0.93,foodiepie,988
Maria's Taco Express,"Austin, Texas",2008-05-19,jev-1.13.0,v2,,Dive,0.39,0.01,0.01,0.54,0.44,0.13,0.19,0.48,,,foodiepie,1007
Panini Pete's,"Fairhope, Alabama",2008-05-19,jev-1.13.0,v2,,Diner,0.4,0.55,0.0,0.0,0.45,0.48,0.14,0.19,,,foodiepie,1051
Cozy Corner,"Memphis, Tennessee",2008-05-26,jev-1.13.0,v2,,Other,1.0,0.0,0.0,0.0,1.0,0.12,0.12,0.41,BBQ & smokehouses,1.0,foodiepie,966
Leonard's BBQ,"Memphis, Tennessee",2008-05-26,jev-1.13.0,v2,,Other,0.84,0.01,0.01,0.1,0.88,0.26,0.22,0.64,BBQ & smokehouses,1.0,foodiepie,991
Marlowe's Ribs,"Memphis, Tennessee",2008-05-26,jev-1.13.0,v2,,Other,1.0,0.0,0.0,0.0,1.0,0.09,0.15,0.38,BBQ & smokehouses,1.0,foodiepie,981
Tom's Bar-B-Q,"Memphis, Tennessee",2008-05-26,jev-1.13.0,v2,,Other,0.9,0.0,0.01,0.06,0.93,0.13,0.28,0.51,BBQ & smokehouses,1.0,foodiepie,972
Blue Moon Café,"Baltimore, Maryland",2008-06-15,jev-1.13.0,v2,,Diner,0.98,0.99,0.0,0.0,0.01,0.72,0.02,0.2,,,foodiepie,1089
Central City Cafe,"Huntington, West Virginia",2008-06-15,jev-1.13.0,v2,,Diner,0.97,0.98,0.0,0.0,0.02,0.64,0.09,0.44,,,foodiepie,976
Grampa's Bakery & Restaurant,"Dania Beach, Florida",2008-06-15,jev-1.13.0,v2,,Diner,0.62,0.71,0.0,0.0,0.29,0.59,0.04,0.28,,,foodiepie,1092
Tip Top Café,"San Antonio, Texas",2008-06-15,jev-1.13.0,v2,,Diner,0.96,0.97,0.0,0.0,0.03,0.72,0.11,0.52,,,foodiepie,1014
Matthews Cafeteria,"Tucker, Georgia",2008-06-23,jev-1.13.0,v2,,Diner,0.96,0.97,0.0,0.0,0.03,0.67,0.05,0.41,,,foodiepie,1058
Monte Carlo Steak House,"Albuquerque, New Mexico",2008-06-23,jev-1.13.0,v2,,Other,0.42,0.0,0.0,0.43,0.57,0.07,0.03,0.6,Global kitchens,0.95,foodiepie,1126
The Rivershack Tavern,"Jefferson, Louisiana",2008-06-23,jev-1.13.0,v2,,Dive,1.0,0.0,0.0,1.0,0.0,0.17,0.23,0.93,,,foodiepie,1177
Benny's Seafood Restaurant,"South Miami, Florida",2008-06-30,jev-1.13.0,v2,,Other,0.99,0.0,0.0,0.0,1.0,0.07,0.09,0.38,Seafood,0.46,foodiepie,1051
Burger Bar,"Roy, Utah",2008-06-30,jev-1.13.0,v2,,Drive-In,0.65,0.17,0.73,0.06,0.04,0.41,0.44,0.57,,,foodiepie,1047
Chaps Pit Beef,"Baltimore, Maryland",2008-06-30,jev-1.13.0,v2,,Other,0.46,0.02,0.05,0.34,0.59,0.24,0.31,0.64,Sandwiches & delis,0.64,foodiepie,1182
Texas Pride BBQ,"Adkins, Texas",2008-07-07,jev-1.13.0,v2,,Other,0.73,0.0,0.0,0.2,0.8,0.11,0.2,0.68,BBQ & smokehouses,1.0,foodiepie,1007
The Joint,"New Orleans, Louisiana",2008-07-07,jev-1.13.0,v2,,Other,0.91,0.0,0.0,0.07,0.93,0.13,0.16,0.36,BBQ & smokehouses,1.0,foodiepie,1020
The Shed,"Ocean Springs, Mississippi",2008-07-07,jev-1.13.0,v2,,Dive,0.99,0.0,0.0,0.99,0.01,0.09,0.21,0.93,,,foodiepie,1105
Blue Plate Diner,"Salt Lake City, Utah",2008-07-14,jev-1.13.0,v2,Diner,Diner,1.0,1.0,0.0,0.0,0.0,0.96,0.05,0.41,,,foodiepie,1068
Broadway Diner,"Baltimore, Maryland",2008-07-14,jev-1.13.0,v2,Diner,Diner,1.0,1.0,0.0,0.0,0.0,0.93,0.03,0.28,,,foodiepie,1055
Town Talk Diner,"Minneapolis, Minnesota",2008-07-14,jev-1.13.0,v2,Diner,Diner,0.98,0.98,0.0,0.02,0.0,0.88,0.06,0.67,,,foodiepie,982
Gumbo Shack,"Fairhope, Alabama",2008-07-21,jev-1.13.0,v2,,Dive,1.0,0.0,0.0,1.0,0.0,0.18,0.2,0.85,,,foodiepie,983
Starlite Lounge,"Blawnox, Pennsylvania",2008-07-21,jev-1.13.0,v2,,Dive,0.92,0.02,0.0,0.9299999999999999,0.05,0.27,0.04,0.71,,,foodiepie,996
The Highlander,"Atlanta, Georgia",2008-07-21,jev-1.13.0,v2,,Dive,1.0,0.0,0.0,1.0,0.0,0.14,0.03,0.83,,,foodiepie,989
Casino El Camino,"Austin, Texas",2008-07-28,jev-1.13.0,v2,,Dive,1.0,0.0,0.0,1.0,0.0,0.29,0.05,0.9,,,foodiepie,1067
G&A Restaurant,"Baltimore, Maryland",2008-07-28,jev-1.13.0,v2,,Diner,0.99,1.0,0.0,0.0,0.0,0.91,0.17,0.67,,,foodiepie,1059
The Wienery,"Minneapolis, Minnesota",2008-07-28,jev-1.13.0,v2,,Diner,0.55,0.66,0.07,0.27,0.0,0.92,0.5,0.87,,,foodiepie,1073
Captain Chuck A Mucks,"Rescue, Virginia",2008-08-04,jev-1.13.0,v2,,Other,0.47,0.04,0.0,0.35,0.61,0.26,0.08,0.45,Seafood,1.0,foodiepie,983
Dixie Quicks,"Omaha, Nebraska",2008-08-04,jev-1.13.0,v2,,Dive,0.22,0.37,0.0,0.42,0.21,0.51,0.12,0.58,,,foodiepie,1003
Uncle Lou's,"Memphis, Tennessee",2008-08-04,jev-1.13.0,v2,,Dive,0.67,0.15,0.01,0.75,0.09,0.36,0.2,0.6,,,foodiepie,998
Aunt Lena's Creamery,"Chandler, Arizona",2008-08-11,jev-1.13.0,v2,,Other,0.87,0.0,0.1,0.0,0.9,0.06,0.28,0.15,"Bakeries, cafes & desserts",1.0,foodiepie,972
Doumar's,"Norfolk, Virginia",2008-08-11,jev-1.13.0,v2,,Diner,0.37,0.53,0.47,0.0,0.0,0.79,0.74,0.47,,,foodiepie,1055
The Creole Creamery,"New Orleans, Louisiana",2008-08-11,jev-1.13.0,v2,,Other,0.69,0.01,0.22,0.0,0.77,0.07,0.19,0.18,"Bakeries, cafes & desserts",1.0,foodiepie,1121
Bryant-Lake Bowl,"Minneapolis, Minnesota",2008-08-18,jev-1.13.0,v2,,Other,0.43,0.01,0.0,0.42,0.57,0.15,0.03,0.48,Brewpubs & bars,0.48,foodiepie,990
Cabbage Town Market,"Atlanta, Georgia",2008-08-18,jev-1.13.0,v2,,Other,0.5,0.1,0.0,0.27,0.63,0.57,0.21,0.68,Butchers & markets,0.98,web,980
The Cove,"San Antonio, Texas",2008-08-18,jev-1.13.0,v2,,Dive,0.5,0.03,0.11,0.62,0.24,0.29,0.28,0.6,,,foodiepie,982
Crystal Restaurant,"Pittsburgh, Pennsylvania",2008-09-15,jev-1.13.0,v2,,Other,1.0,0.0,0.0,0.0,1.0,0.03,0.04,0.24,Global kitchens,1.0,foodiepie,1010
Jamaica Kitchen,"Kendale Lakes, Florida",2008-09-15,jev-1.13.0,v2,,Dive,0.37,0.0,0.0,0.53,0.47,0.09,0.05,0.67,,,foodiepie,1048
Red Iguana,"Salt Lake City, Utah",2008-09-15,jev-1.13.0,v2,,Other,1.0,0.0,0.0,0.0,1.0,0.03,0.04,0.21,Mexican & Latin,1.0,foodiepie,1168
Amato's,"Omaha, Nebraska",2008-09-22,jev-1.13.0,v2,,Diner,0.6,0.7,0.0,0.01,0.29,0.72,0.07,0.46,,,foodiepie,1077
Colonnade,"Atlanta, Georgia",2008-09-22,jev-1.13.0,v2,,Other,0.33,0.3,0.0,0.2,0.5,0.4,0.07,0.37,"Southern, Cajun & soul",0.99,foodiepie,1022
Manci's Antique Club,"Daphne, Alabama",2008-09-22,jev-1.13.0,v2,,Diner,0.34,0.51,0.0,0.46,0.03,0.64,0.1,0.66,,,foodiepie,1054
Brick Oven Pizza,"Baltimore, Maryland",2008-09-29,jev-1.13.0,v2,,Other,0.98,0.0,0.0,0.02,0.98,0.08,0.11,0.43,Pizza & Italian,1.0,foodiepie,973
Darwell's Café,"Long Beach, Mississippi",2008-09-29,jev-1.13.0,v2,,Diner,0.52,0.64,0.0,0.2,0.16,0.61,0.06,0.48,,,foodiepie,1005
Victor's 1959 Café,"Minneapolis, Minnesota",2008-09-29,jev-1.13.0,v2,,Other,0.7,0.22,0.0,0.0,0.78,0.38,0.07,0.43,Mexican & Latin,1.0,foodiepie,982
Big Mama's Kitchen & Catering,"Omaha, Nebraska",2008-10-06,jev-1.13.0,v2,,Diner,0.24,0.43,0.0,0.13,0.44,0.46,0.1,0.55,,,foodiepie,1107
Casamento's Restaurant,"New Orleans, Louisiana",2008-10-06,jev-1.13.0,v2,,Other,0.33,0.01,0.0,0.49,0.5,0.16,0.09,0.5,Seafood,1.0,foodiepie,1037
Nadine's Restaurant,"Pittsburgh, Pennsylvania",2008-10-06,jev-1.13.0,v2,,Diner,1.0,1.0,0.0,0.0,0.0,0.9,0.04,0.65,,,foodiepie,1061
Cemitas Puebla,"Chicago, Illinois",2008-10-13,jev-1.13.0,v2,,Other,0.91,0.0,0.0,0.06,0.9400000000000001,0.05,0.08,0.43,Mexican & Latin,1.0,foodiepie,1123
Moochie's Meatballs & More,"Salt Lake City, Utah",2008-10-13,jev-1.13.0,v2,,Other,0.62,0.14,0.0,0.14,0.72,0.29,0.12,0.46,Sandwiches & delis,0.97,foodiepie,1044
Tioli's Crazee Burger,"San Diego, California",2008-10-13,jev-1.13.0,v2,,Other,0.98,0.01,0.0,0.0,0.99,0.21,0.09,0.13,New American bistros,0.98,foodiepie,1076
Alcenia's,"Memphis, Tennessee",2008-11-03,jev-1.13.0,v2,,Other,0.55,0.32,0.0,0.01,0.67,0.38,0.07,0.42,"Southern, Cajun & soul",1.0,foodiepie,980
Donatelli's,"White Bear Lake, Minnesota",2008-11-03,jev-1.13.0,v2,,Other,0.99,0.0,0.0,0.0,1.0,0.14,0.1,0.4,Pizza & Italian,1.0,foodiepie,1001
Stoney Creek Inn,"Baltimore, Maryland",2008-11-03,jev-1.13.0,v2,,Other,0.97,0.0,0.0,0.01,0.99,0.09,0.04,0.26,Seafood,1.0,foodiepie,959
Brewburger's,"Omaha, Nebraska",2008-11-10,jev-1.13.0,v2,,Dive,0.78,0.01,0.0,0.84,0.15,0.25,0.05,0.48,,,foodiepie,1055
Dor-Stop Restaurant,"Pittsburgh, Pennsylvania",2008-11-10,jev-1.13.0,v2,,Diner,1.0,1.0,0.0,0.0,0.0,0.93,0.07,0.49,,,foodiepie,1020
Harry's Roadhouse,"Santa Fe, New Mexico",2008-11-10,jev-1.13.0,v2,,Diner,0.96,0.97,0.0,0.02,0.01,0.82,0.15,0.54,,,foodiepie,993
Lone Star Taqueria,"Salt Lake City, Utah",2008-11-10,jev-1.13.0,v2,,Dive,0.95,0.0,0.0,0.96,0.04,0.04,0.18,0.71,,,foodiepie,1051
Modern Café,"Minneapolis, Minnesota",2008-11-10,jev-1.13.0,v2,,Diner,0.86,0.9,0.0,0.0,0.1,0.77,0.03,0.1,,,foodiepie,1060
Surrey's Café,"New Orleans, Louisiana",2008-11-10,jev-1.13.0,v2,,Diner,0.96,0.97,0.0,0.0,0.03,0.75,0.05,0.22,,,foodiepie,1043
Di Pasquale's,"Baltimore, Maryland",2008-11-17,jev-1.13.0,v2,,Other,1.0,0.0,0.0,0.0,1.0,0.07,0.04,0.27,Pizza & Italian,0.8,foodiepie,1045
LoBello's Spaghetti House,"Coraopolis, Pennsylvania",2008-11-17,jev-1.13.0,v2,,Other,0.98,0.0,0.0,0.01,0.99,0.12,0.04,0.43,Pizza & Italian,1.0,foodiepie,1005
Pizzeria Luigi,"San Diego, California",2008-11-17,jev-1.13.0,v2,,Other,1.0,0.0,0.0,0.0,1.0,0.05,0.08,0.33,Pizza & Italian,1.0,foodiepie,1134
Glenn's Diner,"Chicago, Illinois",2008-11-24,jev-1.13.0,v2,Diner,Diner,0.98,0.99,0.0,0.0,0.01,0.75,0.04,0.28,,,foodiepie,1066
Magnolia Cafe,"Austin, Texas",2008-11-24,jev-1.13.0,v2,,Diner,0.93,0.95,0.0,0.01,0.04,0.71,0.04,0.34,,,foodiepie,1112
Sophia's Place,"Albuquerque, New Mexico",2008-11-24,jev-1.13.0,v2,,Other,0.98,0.01,0.0,0.0,0.99,0.19,0.05,0.25,Mexican & Latin,0.97,foodiepie,1032
O'Rourke's Diner,"Middletown, Connecticut",2008-12-01,jev-1.13.0,v2,Diner,Diner,1.0,1.0,0.0,0.0,0.0,0.96,0.05,0.27,,,foodiepie,1027
Parasol's,"New Orleans, Louisiana",2008-12-01,jev-1.13.0,v2,,Dive,0.68,0.03,0.0,0.76,0.21,0.25,0.05,0.57,,,foodiepie,1030
Ruth's Diner,"Salt Lake City, Utah",2008-12-01,jev-1.13.0,v2,Diner,Diner,1.0,1.0,0.0,0.0,0.0,0.94,0.05,0.48,,,foodiepie,1031
Big Jim's,"Pittsburgh, Pennsylvania",2009-01-05,jev-1.13.0,v2,,Other,0.39,0.22,0.0,0.23,0.55,0.4,0.06,0.56,Pizza & Italian,0.81,foodiepie,1050
Joe Tess Place,"Omaha, Nebraska",2009-01-05,jev-1.13.0,v2,,Other,0.32,0.01,0.0,0.49,0.5,0.13,0.14,0.55,Seafood,1.0,foodiepie,1016
Tommy's Joynt,"San Francisco, California",2009-01-05,jev-1.13.0,v2,,Dive,0.85,0.09,0.0,0.89,0.02,0.44,0.04,0.78,,,foodiepie,1061
Emily's Lebanese Deli,"Minneapolis, Minnesota",2009-01-12,jev-1.13.0,v2,,Other,1.0,0.0,0.0,0.0,1.0,0.08,0.09,0.51,Sandwiches & delis,0.67,foodiepie,961
The Original Vito & Nick's Pizzeria,"Chicago, Illinois",2009-01-12,jev-1.13.0,v2,,Other,0.94,0.0,0.0,0.04,0.96,0.08,0.07,0.56,Pizza & Italian,1.0,foodiepie,978
Valencia Luncheria,"Norwalk, Connecticut",2009-01-12,jev-1.13.0,v2,,Other,0.92,0.01,0.01,0.04,0.94,0.08,0.2,0.46,Mexican & Latin,1.0,foodiepie,998
Blow Fly Inn,"Gulfport, Mississippi",2009-01-19,jev-1.13.0,v2,,Dive,0.37,0.07,0.01,0.52,0.4,0.25,0.12,0.5,,,foodiepie,1022
Pat's BBQ,"Salt Lake City, Utah",2009-01-19,jev-1.13.0,v2,,Other,0.82,0.0,0.12,0.01,0.87,0.08,0.48,0.47,BBQ & smokehouses,1.0,foodiepie,1005
Tune-Up Café,"Santa Fe, New Mexico",2009-01-19,jev-1.13.0,v2,,Other,0.89,0.07,0.0,0.01,0.92,0.2,0.06,0.32,Mexican & Latin,1.0,foodiepie,1063
Hob Nob Hill,"San Diego, California",2009-01-26,jev-1.13.0,v2,,Diner,0.89,0.92,0.0,0.0,0.08,0.66,0.05,0.38,,,foodiepie,998
The Silver Skillet,"Atlanta, Georgia",2009-01-26,jev-1.13.0,v2,,Diner,0.98,0.99,0.0,0.0,0.01,0.77,0.05,0.38,,,foodiepie,1042
Tufano's Vernon Park Tap,"Chicago, Illinois",2009-01-26,jev-1.13.0,v2,,Other,0.78,0.0,0.0,0.16,0.84,0.13,0.02,0.51,Pizza & Italian,1.0,foodiepie,1046
Dell Rhea's Chicken Basket,"Willowbrook, Illinois",2009-02-02,jev-1.13.0,v2,,Diner,0.25,0.44,0.04,0.38,0.14,0.43,0.28,0.58,,,foodiepie,963
Salsa Brava,"Flagstaff, Arizona",2009-02-02,jev-1.13.0,v2,,Other,0.96,0.0,0.0,0.03,0.97,0.07,0.1,0.33,Mexican & Latin,1.0,foodiepie,1011
Standard Diner,"Albuquerque, New Mexico",2009-02-02,jev-1.13.0,v2,Diner,Diner,1.0,1.0,0.0,0.0,0.0,0.91,0.09,0.57,,,foodiepie,970
Gorilla BBQ,"Pacifica, California",2009-02-09,jev-1.13.0,v2,,Other,0.77,0.04,0.12,0.01,0.83,0.26,0.44,0.49,BBQ & smokehouses,1.0,foodiepie,1014
Green Mesquite,"Austin, Texas",2009-02-09,jev-1.13.0,v2,,Other,0.99,0.0,0.0,0.0,1.0,0.13,0.27,0.43,BBQ & smokehouses,1.0,foodiepie,991
Wilson's Holy Smoke BBQ,"Fairfield, Connecticut",2009-02-09,jev-1.13.0,v2,,Other,0.62,0.0,0.0,0.28,0.72,0.15,0.27,0.72,BBQ & smokehouses,1.0,web,991
Cecilia's Café,"Albuquerque, New Mexico",2009-02-16,jev-1.13.0,v2,,Other,0.89,0.03,0.0,0.05,0.92,0.19,0.09,0.43,Mexican & Latin,1.0,foodiepie,1052
Joey K's Restaurant & Bar,"New Orleans, Louisiana",2009-02-16,jev-1.13.0,v2,,Dive,0.92,0.01,0.0,0.94,0.05,0.3,0.04,0.71,,,foodiepie,1010
Kelly O's Diner,"Pittsburgh, Pennsylvania",2009-02-16,jev-1.13.0,v2,Diner,Diner,1.0,1.0,0.0,0.0,0.0,0.93,0.05,0.56,,,foodiepie,999
Bert's Burger Bowl,"Santa Fe, New Mexico",2009-03-16,jev-1.13.0,v2,,Diner,0.47,0.61,0.23,0.1,0.06,0.51,0.35,0.48,,,foodiepie,987
California Tacos,"Omaha, Nebraska",2009-03-16,jev-1.13.0,v2,,Dive,0.74,0.0,0.0,0.8,0.2,0.06,0.23,0.65,,,foodiepie,996
Super Duper Weenie,"Fairfield, Connecticut",2009-03-16,jev-1.13.0,v2,,Drive-In,0.75,0.07,0.82,0.01,0.1,0.21,0.33,0.5,,,foodiepie,1038
Giusti's,"Walnut Grove, California",2009-03-23,jev-1.13.0,v2,,Dive,0.39,0.01,0.0,0.54,0.45,0.16,0.02,0.62,,,foodiepie,1044
Haus Murphy's,"Glendale, Arizona",2009-03-23,jev-1.13.0,v2,,Other,0.93,0.0,0.0,0.05,0.95,0.1,0.02,0.37,Global kitchens,0.99,foodiepie,1046
Louie's,"Dallas, Texas",2009-03-23,jev-1.13.0,v2,,Dive,1.0,0.0,0.0,1.0,0.0,0.23,0.06,0.94,,,foodiepie,1048
Bizzaro Café,"Seattle, Washington",2009-04-06,jev-1.13.0,v2,,Other,0.99,0.0,0.0,0.01,0.99,0.05,0.01,0.3,Pizza & Italian,0.98,web,986
Chef Point Café,"Watauga, Texas",2009-04-06,jev-1.13.0,v2,,Dive,0.69,0.02,0.0,0.77,0.21,0.29,0.13,0.61,,,foodiepie,1135
Jamie's Bar & Grill,"Sacramento, California",2009-04-06,jev-1.13.0,v2,,Dive,0.99,0.01,0.0,0.99,0.0,0.39,0.04,0.89,,,foodiepie,1153
Blue Water Seafood,"San Diego, California",2009-04-13,jev-1.13.0,v2,,Other,0.73,0.0,0.0,0.2,0.8,0.07,0.1,0.45,Seafood,1.0,foodiepie,1140
Brandy's Restaurant & Bakery,"Flagstaff, Arizona",2009-04-13,jev-1.13.0,v2,,Diner,0.72,0.79,0.0,0.0,0.21,0.67,0.04,0.22,,,foodiepie,1025
Kuma's Corner,"Chicago, Illinois",2009-04-13,jev-1.13.0,v2,,Dive,1.0,0.0,0.0,1.0,0.0,0.22,0.05,0.87,,,foodiepie,1127
Bar Gernika,"Boise, Idaho",2009-04-20,jev-1.13.0,v2,,Dive,0.82,0.0,0.0,0.87,0.13,0.08,0.03,0.7,,,foodiepie,1048
Café Rolle,"Sacramento, California",2009-04-20,jev-1.13.0,v2,,Other,1.0,0.0,0.0,0.0,1.0,0.12,0.03,0.14,Global kitchens,0.6,foodiepie,1010
Havana Hideout,"Lake Worth, Florida",2009-04-20,jev-1.13.0,v2,,Dive,0.57,0.0,0.26,0.68,0.06,0.13,0.63,0.68,,,foodiepie,1032
La Piazza Al Forno,"Glendale, Arizona",2009-04-27,jev-1.13.0,v2,,Other,1.0,0.0,0.0,0.0,1.0,0.04,0.05,0.17,Pizza & Italian,1.0,foodiepie,1029
Slim's Last Chance Chili Shack & Watering Hole,"Seattle, Washington",2009-04-27,jev-1.13.0,v2,,Dive,1.0,0.0,0.0,1.0,0.0,0.16,0.04,0.8,,,foodiepie,1065
Twisted Root Burger Co.,"Dallas, Texas",2009-04-27,jev-1.13.0,v2,,Dive,0.87,0.05,0.0,0.91,0.04,0.31,0.18,0.52,,,foodiepie,1060
Arleta Library Bakery & Cafe,"Portland, Oregon",2009-05-04,jev-1.13.0,v2,,Diner,0.36,0.52,0.0,0.0,0.48,0.54,0.03,0.13,,,foodiepie,1103
Bubba's Diner,"San Anselmo, California",2009-05-04,jev-1.13.0,v2,Diner,Diner,0.47,0.6,0.0,0.0,0.4,0.43,0.06,0.18,,,foodiepie,1052
Flakowitz of Boynton,"Boynton Beach, Florida",2009-05-04,jev-1.13.0,v2,,Other,0.91,0.06,0.0,0.0,0.9400000000000001,0.54,0.05,0.37,Sandwiches & delis,1.0,foodiepie,1017
Backroad Pizza,"Santa Fe, New Mexico",2009-05-11,jev-1.13.0,v2,,Other,0.9,0.0,0.0,0.07,0.93,0.14,0.12,0.46,Pizza & Italian,1.0,foodiepie,1049
Chef Lou's Westside Drive-In,"Boise, Idaho",2009-05-11,jev-1.13.0,v2,Drive-In,Diner,0.37,0.53,0.47,0.0,0.0,0.92,0.62,0.48,,,foodiepie,1067
Jamaica Gates Caribbean Cuisine,"Arlington, Texas",2009-05-11,jev-1.13.0,v2,,Other,1.0,0.0,0.0,0.0,1.0,0.04,0.08,0.36,Mexican & Latin,1.0,foodiepie,978
Black Duck Café,"Westport, Connecticut",2009-05-25,jev-1.13.0,v2,,Dive,1.0,0.0,0.0,1.0,0.0,0.27,0.04,0.85,,,foodiepie,1070
Otto's Sausage Kitchen,"Portland, Oregon",2009-05-25,jev-1.13.0,v2,,Other,0.99,0.0,0.01,0.0,0.99,0.15,0.22,0.52,Butchers & markets,0.99,foodiepie,1083
Sol Food Puerto Rican Cuisine,"San Rafael, California",2009-05-25,jev-1.13.0,v2,,Other,1.0,0.0,0.0,0.0,1.0,0.17,0.07,0.25,Mexican & Latin,1.0,foodiepie,1081
Giuseppe's Restaurant,"Phoenix, Arizona",2009-06-01,jev-1.13.0,v2,,Other,0.83,0.12,0.0,0.0,0.88,0.27,0.02,0.3,Pizza & Italian,0.95,foodiepie,1067
Southern Kitchen Restaurant,"Tacoma, Washington",2009-06-01,jev-1.13.0,v2,,Other,0.92,0.06,0.0,0.0,0.94,0.29,0.04,0.18,"Southern, Cajun & soul",1.0,foodiepie,1024
Zia Diner & Angel Food Catering,"Santa Fe, New Mexico",2009-06-01,jev-1.13.0,v2,Diner,Diner,0.99,0.99,0.0,0.0,0.01,0.83,0.05,0.19,,,foodiepie,1084
Blue Marlin Fish House Restaurant,"North Miami Beach, Florida",2009-06-08,jev-1.13.0,v2,,Other,0.95,0.0,0.0,0.03,0.97,0.1,0.07,0.26,Seafood,1.0,foodiepie,968
Fred's Texas Café,"Fort Worth, Texas",2009-06-08,jev-1.13.0,v2,,Diner,0.72,0.79,0.0,0.02,0.19,0.64,0.11,0.39,,,foodiepie,1044
Pine State Biscuits,"Portland, Oregon",2009-06-08,jev-1.13.0,v2,,Diner,0.86,0.9,0.0,0.0,0.1,0.61,0.05,0.21,,,foodiepie,1063
Georgia's Greek Restaurant & Deli,"Seattle, Washington",2009-06-15,jev-1.13.0,v2,,Other,0.91,0.0,0.0,0.07,0.93,0.1,0.05,0.55,Global kitchens,0.99,foodiepie,1036
Los Tacquitos Grill,"Phoenix, Arizona",2009-06-15,jev-1.13.0,v2,,Other,0.37,0.0,0.06,0.41,0.53,0.1,0.36,0.57,Mexican & Latin,1.0,foodiepie,1052
Rocco's Café,"San Francisco, California",2009-06-15,jev-1.13.0,v2,,Other,0.92,0.06,0.0,0.0,0.94,0.28,0.03,0.15,Pizza & Italian,0.95,foodiepie,1011
Blueplate Lunch Counter and Soda Fountain,"Portland, Oregon",2009-06-22,jev-1.13.0,v2,,Diner,1.0,1.0,0.0,0.0,0.0,0.93,0.1,0.63,,,foodiepie,985
Don's Hilltop Kodiak Grill,"Boise, Idaho",2009-06-22,jev-1.13.0,v2,,Diner,0.45,0.58,0.06,0.01,0.35,0.48,0.23,0.29,,,foodiepie,983
La Camoronera Restaurant & Fish Market,"Miami, Florida",2009-06-22,jev-1.13.0,v2,,Other,0.71,0.0,0.06,0.16,0.78,0.14,0.41,0.54,Seafood,1.0,foodiepie,992
Comet Café,"Milwaukee, Wisconsin",2009-06-29,jev-1.13.0,v2,,Diner,0.99,1.0,0.0,0.0,0.0,0.85,0.11,0.53,,,foodiepie,1026
Dottie's True Blue Café,"San Francisco, California",2009-06-29,jev-1.13.0,v2,,Diner,0.95,0.96,0.0,0.0,0.04,0.7,0.05,0.26,,,foodiepie,995
Over Easy,"Phoenix, Arizona",2009-06-29,jev-1.13.0,v2,,Diner,1.0,1.0,0.0,0.0,0.0,0.85,0.09,0.35,,,foodiepie,991
Avila's Café,"Dallas, Texas",2009-07-27,jev-1.13.0,v2,,Other,0.54,0.0,0.0,0.34,0.66,0.08,0.1,0.56,Mexican & Latin,1.0,foodiepie,1034
Mama E's,"Oklahoma City, Oklahoma",2009-07-27,jev-1.13.0,v2,,Other,0.88,0.07,0.0,0.01,0.92,0.25,0.08,0.46,"Southern, Cajun & soul",1.0,foodiepie,1013
Polka Restaurant & Catering,"Los Angeles, California",2009-07-27,jev-1.13.0,v2,,Other,0.97,0.0,0.0,0.02,0.98,0.08,0.01,0.54,Global kitchens,1.0,web,996
Bunk Sandwiches,"Portland, Oregon",2009-08-03,jev-1.13.0,v2,,Dive,0.5,0.03,0.0,0.63,0.34,0.25,0.08,0.44,,,foodiepie,1145
Sonny's Famous Steak Hogies,"Hollywood, Florida",2009-08-03,jev-1.13.0,v2,,Other,0.67,0.2,0.0,0.05,0.75,0.36,0.19,0.49,Sandwiches & delis,1.0,foodiepie,1011
The Depot American Diner,"Chicago, Illinois",2009-08-03,jev-1.13.0,v2,Diner,Diner,1.0,1.0,0.0,0.0,0.0,0.92,0.07,0.31,,,foodiepie,1048
Cempazuchi,"Milwaukee, Wisconsin",2009-08-10,jev-1.13.0,v2,,Other,1.0,0.0,0.0,0.0,1.0,0.02,0.04,0.19,Mexican & Latin,1.0,foodiepie,1090
Fab Hot Dogs,"Reseda, California",2009-08-10,jev-1.13.0,v2,,Drive-In,0.83,0.02,0.88,0.03,0.07,0.2,0.49,0.51,,,foodiepie,1087
Lankford Grocery,"Houston, Texas",2009-08-10,jev-1.13.0,v2,,Diner,0.35,0.51,0.0,0.48,0.01,0.78,0.19,0.74,,,foodiepie,1106
Nic's Grill,"Oklahoma City, Oklahoma",2009-08-17,jev-1.13.0,v2,,Dive,0.37,0.42,0.04,0.53,0.01,0.49,0.18,0.67,,,foodiepie,1008
Pam's Kitchen,"Seattle, Washington",2009-08-17,jev-1.13.0,v2,,Other,0.99,0.0,0.0,0.01,0.99,0.05,0.06,0.32,Mexican & Latin,0.99,foodiepie,1137
Rick's Press Room & Grill,"Meridian, Idaho",2009-08-17,jev-1.13.0,v2,,Other,0.64,0.19,0.0,0.07,0.74,0.37,0.05,0.3,New American bistros,0.83,foodiepie,1028
La Texanita,"Santa Rosa, California",2009-08-24,jev-1.13.0,v2,,Other,0.54,0.0,0.02,0.32,0.66,0.09,0.28,0.56,Mexican & Latin,1.0,foodiepie,1039
Prince Lebanese Grill,"Arlington, Texas",2009-08-24,jev-1.13.0,v2,,Other,0.96,0.0,0.03,0.0,0.97,0.11,0.18,0.47,Global kitchens,1.0,foodiepie,1107
Tre Kronor,"Chicago, Illinois",2009-08-24,jev-1.13.0,v2,,Other,1.0,0.0,0.0,0.0,1.0,0.09,0.03,0.2,Global kitchens,1.0,foodiepie,1024
Donnie Mac's Trailer Park Cuisine,"Boise, Idaho",2009-08-31,jev-1.13.0,v2,,Dive,0.68,0.18,0.05,0.77,0.0,0.58,0.39,0.83,,,foodiepie,1069
Podnah's Pit Barbecue,"Portland, Oregon",2009-08-31,jev-1.13.0,v2,,Other,1.0,0.0,0.0,0.0,1.0,0.14,0.12,0.3,BBQ & smokehouses,1.0,foodiepie,1036
Whale's Rib,"Deerfield Beach, Florida",2009-08-31,jev-1.13.0,v2,,Dive,0.5,0.06,0.0,0.62,0.32,0.24,0.16,0.45,,,foodiepie,1006
Eischen's Bar,"Okarche, Oklahoma",2009-09-07,jev-1.13.0,v2,,Dive,1.0,0.0,0.0,1.0,0.0,0.24,0.13,0.81,,,foodiepie,1005
Kenny & Ziggy's,"Houston, Texas",2009-09-07,jev-1.13.0,v2,,Other,0.85,0.11,0.0,0.0,0.89,0.55,0.05,0.4,Sandwiches & delis,1.0,foodiepie,1113
Mom's Tamales,"Los Angeles, California",2009-09-07,jev-1.13.0,v2,,Dive,0.37,0.0,0.01,0.54,0.45,0.05,0.22,0.7,,,foodiepie,1077
Niko Niko's,"Houston, Texas",2009-10-05,jev-1.13.0,v2,,Other,0.99,0.0,0.0,0.0,1.0,0.04,0.06,0.35,Global kitchens,1.0,foodiepie,1007
Pok Pok,"Portland, Oregon",2009-10-05,jev-1.13.0,v2,,Other,0.99,0.0,0.0,0.01,0.99,0.03,0.02,0.23,Global kitchens,1.0,foodiepie,1154
Tap Tap Haitian Restaurant,"Miami Beach, Florida",2009-10-05,jev-1.13.0,v2,,Other,1.0,0.0,0.0,0.0,1.0,0.04,0.01,0.12,Mexican & Latin,0.91,web,976
Honky Tonk BBQ,"Chicago, Illinois",2009-10-12,jev-1.13.0,v2,,Other,0.89,0.0,0.0,0.08,0.92,0.09,0.07,0.46,BBQ & smokehouses,1.0,foodiepie,1048
Lucky's Café,"Cleveland, Ohio",2009-10-12,jev-1.13.0,v2,,Diner,0.8,0.85,0.0,0.0,0.15,0.61,0.03,0.2,,,foodiepie,1098
Pizzalchik,"Boise, Idaho",2009-10-12,jev-1.13.0,v2,,Other,1.0,0.0,0.0,0.0,1.0,0.08,0.09,0.26,Pizza & Italian,1.0,foodiepie,1093
Cattlemen's Steakhouse,"Oklahoma City, Oklahoma",2009-10-19,jev-1.13.0,v2,,Other,0.99,0.0,0.0,0.0,1.0,0.07,0.02,0.24,New American bistros,0.63,foodiepie,1123
Nickel Diner,"Los Angeles, California",2009-10-19,jev-1.13.0,v2,Diner,Diner,1.0,1.0,0.0,0.0,0.0,0.95,0.05,0.4,,,foodiepie,1039
Sam LaGrassa's,"Boston, Massachusetts",2009-10-19,jev-1.13.0,v2,,Other,0.98,0.01,0.0,0.0,0.99,0.35,0.09,0.38,Sandwiches & delis,1.0,foodiepie,1015
Grover's Bar & Grill,"East Amherst, New York",2009-10-26,jev-1.13.0,v2,,Dive,0.76,0.08,0.0,0.82,0.1,0.35,0.08,0.52,,,foodiepie,1037
Parkview Nightclub,"Cleveland, Ohio",2009-10-26,jev-1.13.0,v2,,Dive,0.9,0.0,0.0,0.93,0.07,0.09,0.02,0.53,,,foodiepie,1041
The Shanty,"Wadsworth, Illinois",2009-10-26,jev-1.13.0,v2,,Other,0.96,0.0,0.0,0.03,0.97,0.14,0.03,0.27,Seafood,0.71,foodiepie,1077
Café Pita+,"Houston, Texas",2009-11-02,jev-1.13.0,v2,,Other,1.0,0.0,0.0,0.0,1.0,0.09,0.07,0.3,Global kitchens,1.0,foodiepie,1079
Louis Restaurant,"Providence, Rhode Island",2009-11-02,jev-1.13.0,v2,,Diner,1.0,1.0,0.0,0.0,0.0,0.89,0.04,0.41,,,foodiepie,1044
Mambos Café,"Glendale, California",2009-11-02,jev-1.13.0,v2,,Other,0.53,0.0,0.0,0.35,0.65,0.09,0.06,0.65,Mexican & Latin,1.0,foodiepie,1040
Santa Cruz Diner,"Santa Cruz, California",2009-11-09,jev-1.13.0,v2,Diner,Diner,0.98,0.98,0.0,0.0,0.02,0.8,0.05,0.5,,,foodiepie,1053
The Diner,"Norman, Oklahoma",2009-11-09,jev-1.13.0,v2,Diner,Diner,1.0,1.0,0.0,0.0,0.0,0.97,0.05,0.51,,,foodiepie,1018
The Little Depot Diner,"Peabody, Massachusetts",2009-11-09,jev-1.13.0,v2,Diner,Diner,1.0,1.0,0.0,0.0,0.0,0.96,0.04,0.62,,,foodiepie,1094
Geraci's Restaurant,"Cleveland, Ohio",2009-11-16,jev-1.13.0,v2,,Other,0.99,0.0,0.0,0.01,0.99,0.09,0.05,0.42,Pizza & Italian,1.0,foodiepie,1018
Lake Effect Diner,"Buffalo, New York",2009-11-16,jev-1.13.0,v2,Diner,Diner,1.0,1.0,0.0,0.0,0.0,0.97,0.06,0.51,,,foodiepie,1095
Morin's Hometown Bar & Grill,"Attleboro, Massachusetts",2009-11-16,jev-1.13.0,v2,,Diner,0.82,0.86,0.0,0.01,0.13,0.79,0.02,0.35,,,web,996
Mr. Bartley's Gourmet Burgers,"Cambridge, Massachusetts",2009-11-23,jev-1.13.0,v2,,Other,0.25,0.35,0.19,0.03,0.43,0.29,0.17,0.19,Sandwiches & delis,0.63,foodiepie,1099
T-Bone Tom's Steakhouse,"Kemah, Texas",2009-11-23,jev-1.13.0,v2,,Other,0.99,0.0,0.0,0.0,1.0,0.09,0.04,0.27,BBQ & smokehouses,0.91,foodiepie,1015
Tee Off Bar & Grill,"San Francisco, California",2009-11-23,jev-1.13.0,v2,,Dive,0.99,0.0,0.0,1.0,0.0,0.25,0.03,0.65,,,foodiepie,1035
Pizza Junction,"North Tonawanda, New York",2010-01-11,jev-1.13.0,v2,,Other,0.99,0.0,0.0,0.01,0.99,0.1,0.12,0.49,Pizza & Italian,1.0,foodiepie,991
Q Restaurant,"San Francisco, California",2010-01-11,jev-1.13.0,v2,,Other,0.87,0.09,0.0,0.0,0.91,0.28,0.01,0.22,New American bistros,0.92,web,964
Sterle's Slovenian Country House,"Cleveland, Ohio",2010-01-11,jev-1.13.0,v2,,Other,0.76,0.0,0.0,0.18,0.82,0.06,0.03,0.49,Global kitchens,0.99,foodiepie,972
Bob's Taco Station,"Rosenberg, Texas",2010-01-18,jev-1.13.0,v2,,Dive,0.96,0.0,0.03,0.97,0.0,0.17,0.57,0.81,,,foodiepie,1036
Crazy Burger Café & Juice Bar,"Narragansett, Rhode Island",2010-01-18,jev-1.13.0,v2,,Diner,0.51,0.63,0.01,0.11,0.25,0.38,0.14,0.37,,,foodiepie,1098
The Oinkster,"Eagle Rock, California",2010-01-18,jev-1.13.0,v2,,Other,0.6,0.14,0.16,0.0,0.7,0.28,0.31,0.2,BBQ & smokehouses,0.45,foodiepie,1066
900 Grayson Restaurant,"Berkeley, California",2010-01-25,jev-1.13.0,v2,,Diner,0.6,0.7,0.0,0.0,0.3,0.57,0.09,0.2,,,foodiepie,942
Rick & Ann's Restaurant,"Berkeley, California",2010-01-25,jev-1.13.0,v2,,Diner,1.0,1.0,0.0,0.0,0.0,0.91,0.07,0.5,,,foodiepie,940
Rudy's Can't Fail Cafe,"Emeryville, California",2010-01-25,jev-1.13.0,v2,,Diner,1.0,1.0,0.0,0.0,0.0,0.82,0.04,0.29,,,foodiepie,961
Blackthorn Restaurant & Pub,"Buffalo, New York",2010-02-01,jev-1.13.0,v2,,Dive,0.9,0.0,0.0,0.92,0.08,0.17,0.02,0.59,,,foodiepie,976
Ingrid's Kitchen,"Oklahoma City, Oklahoma",2010-02-01,jev-1.13.0,v2,,Other,1.0,0.0,0.0,0.0,1.0,0.2,0.07,0.31,Sandwiches & delis,0.45,foodiepie,970
Taste of Peru,"Chicago, Illinois",2010-02-01,jev-1.13.0,v2,,Other,1.0,0.0,0.0,0.0,1.0,0.03,0.04,0.16,Mexican & Latin,1.0,foodiepie,1005
Melt Bar & Grilled,"Lakewood, Ohio",2010-02-08,jev-1.13.0,v2,,Diner,0.49,0.62,0.0,0.13,0.25,0.46,0.07,0.33,,,foodiepie,1164
Red Lion Pub & Restaurant,"Houston, Texas",2010-02-08,jev-1.13.0,v2,,Dive,0.39,0.0,0.0,0.55,0.45,0.06,0.02,0.31,,,foodiepie,1056
South 21 Drive-In,"Charlotte, North Carolina",2010-02-08,jev-1.13.0,v2,Drive-In,Drive-In,1.0,0.0,1.0,0.0,0.0,0.44,0.96,0.66,,,foodiepie,1002
Bette's Oceanview Diner,"Berkeley, California",2010-02-15,jev-1.13.0,v2,Diner,Diner,1.0,1.0,0.0,0.0,0.0,0.96,0.03,0.29,,,foodiepie,1068
Pawley's Front Porch,"Columbia, South Carolina",2010-02-15,jev-1.13.0,v2,,Diner,0.48,0.6,0.08,0.04,0.28,0.4,0.19,0.31,,,foodiepie,1053
Sophia's Restaurant,"Buffalo, New York",2010-02-15,jev-1.13.0,v2,,Diner,1.0,1.0,0.0,0.0,0.0,0.84,0.06,0.53,,,foodiepie,996
Dish,"Charlotte, North Carolina",2010-02-22,jev-1.13.0,v2,,Diner,0.34,0.51,0.0,0.04,0.45,0.41,0.05,0.36,,,foodiepie,1037
Naglee Park Garage,"San Jose, California",2010-02-22,jev-1.13.0,v2,,Other,0.95,0.03,0.0,0.01,0.96,0.3,0.05,0.22,New American bistros,0.98,foodiepie,1032
The Liberty Elm Diner,"Providence, Rhode Island",2010-02-22,jev-1.13.0,v2,Diner,Diner,1.0,1.0,0.0,0.0,0.0,0.97,0.05,0.39,,,foodiepie,1110
Aldo's Harbor Restaurant,"Santa Cruz, California",2010-03-22,jev-1.13.0,v2,,Other,0.9,0.01,0.0,0.07,0.92,0.14,0.03,0.39,Seafood,0.99,foodiepie,1049
Earl's Drive-In,"Chaffee, New York",2010-03-22,jev-1.13.0,v2,Drive-In,Drive-In,0.75,0.19,0.81,0.0,0.0,0.78,0.77,0.61,,,foodiepie,1017
Momocho,"Cleveland, Ohio",2010-03-22,jev-1.13.0,v2,,Other,0.9,0.0,0.0,0.07,0.93,0.04,0.07,0.36,Mexican & Latin,1.0,foodiepie,1021
Dish Café & Catering,"Reno, Nevada",2010-03-29,jev-1.13.0,v2,,Other,0.93,0.05,0.0,0.0,0.95,0.3,0.09,0.22,Sandwiches & delis,0.97,foodiepie,1071
Landmark Restaurant,"Charlotte, North Carolina",2010-03-29,jev-1.13.0,v2,,Diner,0.99,1.0,0.0,0.0,0.0,0.82,0.03,0.25,,,foodiepie,1008
Pier 23 Café,"San Francisco, California",2010-03-29,jev-1.13.0,v2,,Other,0.86,0.0,0.0,0.1,0.9,0.1,0.02,0.24,Seafood,0.98,foodiepie,1096
Germaine's Luau,"Kapolei, Hawaii",2010-04-05,jev-1.13.0,v2,,Other,1.0,0.0,0.0,0.0,1.0,0.05,0.04,0.21,Global kitchens,1.0,foodiepie,1000
Hank's Haute Dogs,"Honolulu, Hawaii",2010-04-05,jev-1.13.0,v2,,Drive-In,0.51,0.06,0.63,0.03,0.28,0.22,0.35,0.34,,,foodiepie,1099
Highway Inn & Ho'okipa Catering,"Waipahu, Hawaii",2010-04-05,jev-1.13.0,v2,,Other,0.99,0.0,0.0,0.01,0.99,0.12,0.18,0.44,Global kitchens,1.0,foodiepie,1018
Nico's Pier 38,"Honolulu, Hawaii",2010-04-05,jev-1.13.0,v2,,Other,0.97,0.01,0.0,0.02,0.97,0.19,0.05,0.19,Seafood,0.93,foodiepie,1116
Gold ‘N Silver Inn,"Reno, Nevada",2010-04-27,jev-1.13.0,v2,,Diner,0.98,0.98,0.0,0.02,0.0,0.93,0.1,0.75,,,foodiepie,1022
North End Caffé,"Manhattan Beach, California",2010-04-27,jev-1.13.0,v2,,Other,0.57,0.32,0.0,0.0,0.68,0.34,0.04,0.16,New American bistros,0.55,foodiepie,999
Singleton's Seafood Shack,"Atlantic Beach, Florida",2010-04-27,jev-1.13.0,v2,,Dive,1.0,0.0,0.0,1.0,0.0,0.12,0.27,0.76,,,foodiepie,978
Mulberry Café,"Lackawanna, New York",2010-05-03,jev-1.13.0,v2,,Other,0.99,0.01,0.0,0.0,0.99,0.13,0.04,0.31,Pizza & Italian,1.0,foodiepie,1002
Poke Stop at Mililana Mauka Llc.,"Mililani, Hawaii",2010-05-03,jev-1.13.0,v2,,Other,0.99,0.0,0.0,0.0,1.0,0.03,0.23,0.3,Global kitchens,0.63,foodiepie,1040
The Farmer's Shed,"Lexington, South Carolina",2010-05-03,jev-1.13.0,v2,,Other,0.81,0.06,0.0,0.08,0.86,0.25,0.11,0.51,"Southern, Cajun & soul",0.98,foodiepie,1041
13 Gypsies,"Jacksonville, Florida",2010-05-10,jev-1.13.0,v2,,Other,1.0,0.0,0.0,0.0,1.0,0.03,0.03,0.16,Global kitchens,0.94,foodiepie,961
Gloria's Café,"Los Angeles, California",2010-05-10,jev-1.13.0,v2,,Other,0.89,0.01,0.0,0.08,0.91,0.1,0.09,0.47,Mexican & Latin,1.0,foodiepie,986
Louis' Basque Corner,"Reno, Nevada",2010-05-10,jev-1.13.0,v2,,Other,1.0,0.0,0.0,0.0,1.0,0.11,0.02,0.33,Global kitchens,1.0,foodiepie,1064
Cabo Fish Taco,"Charlotte, North Carolina",2010-05-17,jev-1.13.0,v2,,Other,0.78,0.0,0.0,0.16,0.84,0.04,0.19,0.33,Mexican & Latin,0.88,foodiepie,957
Café Citti (New location in Santa Rosa),"Kenwood, California",2010-05-17,jev-1.13.0,v2,,Other,1.0,0.0,0.0,0.0,1.0,0.05,0.05,0.2,Pizza & Italian,1.0,foodiepie,990
Murphy's Bar & Grill,"Honolulu, Hawaii",2010-05-17,jev-1.13.0,v2,,Dive,0.9,0.01,0.0,0.92,0.07,0.21,0.03,0.54,,,foodiepie,957
At Last Café,"Long Beach, California",2010-05-24,jev-1.13.0,v2,,Diner,0.87,0.91,0.0,0.0,0.09,0.68,0.04,0.2,,,foodiepie,985
Martin's Bar-B-Que Joint,"Nolensville, Tennessee",2010-05-24,jev-1.13.0,v2,,Other,0.98,0.0,0.0,0.01,0.99,0.14,0.2,0.48,BBQ & smokehouses,1.0,foodiepie,1110
Virgil's Café,"Bellevue, Kentucky",2010-05-24,jev-1.13.0,v2,,Other,0.52,0.35,0.0,0.01,0.64,0.41,0.06,0.33,"Southern, Cajun & soul",0.99,foodiepie,982
Jake's Good Eats,"Charlotte, North Carolina",2010-05-31,jev-1.13.0,v2,,Other,0.14,0.29,0.01,0.34,0.36,0.45,0.13,0.54,,,foodiepie,1025
Schellville Grill,"Sonoma, California",2010-05-31,jev-1.13.0,v2,,Other,0.8,0.15,0.0,0.0,0.85,0.45,0.07,0.23,BBQ & smokehouses,0.83,foodiepie,1111
Terry's Turf Club,"Cincinnati, Ohio",2010-05-31,jev-1.13.0,v2,,Dive,0.48,0.28,0.0,0.61,0.11,0.46,0.12,0.53,,,foodiepie,1037
Blue Ash Chili Restaurant,"Cincinnati, Ohio",2010-06-07,jev-1.13.0,v2,,Diner,0.99,0.99,0.0,0.0,0.01,0.78,0.08,0.62,,,foodiepie,1066
Culhane's Irish Pub,"Atlantic Beach, Florida",2010-06-07,jev-1.13.0,v2,,Dive,0.83,0.01,0.0,0.87,0.12,0.24,0.03,0.51,,,foodiepie,1017
Jax At The Trax,"Truckee, California",2010-06-07,jev-1.13.0,v2,,Diner,1.0,1.0,0.0,0.0,0.0,0.89,0.06,0.33,,,foodiepie,977
Don Chow Tacos,"Los Angeles, California",2010-06-21,jev-1.13.0,v2,,Drive-In,0.99,0.0,1.0,0.0,0.0,0.03,0.94,0.73,,,foodiepie,1063
Northern Waters Smokehaus,"Duluth, Minnesota",2010-06-21,jev-1.13.0,v2,,Other,1.0,0.0,0.0,0.0,1.0,0.16,0.08,0.12,Sandwiches & delis,0.46,foodiepie,1134
Rainbow Drive-In,"Honolulu, Hawaii",2010-06-21,jev-1.13.0,v2,Drive-In,Drive-In,0.77,0.17,0.83,0.0,0.0,0.79,0.75,0.63,,,foodiepie,1096
Blackwater Grill,"St. Simons Island, Georgia",2010-06-28,jev-1.13.0,v2,,Other,0.82,0.0,0.0,0.13,0.87,0.12,0.05,0.34,"Southern, Cajun & soul",0.51,foodiepie,1016
Comet Ping Pong,"Washington, D.C.",2010-06-28,jev-1.13.0,v2,,Other,0.99,0.0,0.0,0.01,0.99,0.05,0.02,0.24,Pizza & Italian,1.0,foodiepie,1138
Wallace Station,"Versailles, Kentucky",2010-06-28,jev-1.13.0,v2,,Diner,0.87,0.9,0.0,0.0,0.1,0.78,0.1,0.26,,,foodiepie,1035
Johnny's Bar-B-Q,"Mission, Kansas",2010-07-12,jev-1.13.0,v2,,Other,0.98,0.0,0.0,0.01,0.99,0.13,0.29,0.51,BBQ & smokehouses,1.0,web,982
RJ's Bob-Be-Que Shack,"Mission, Kansas",2010-07-12,jev-1.13.0,v2,,Other,1.0,0.0,0.0,0.0,1.0,0.08,0.14,0.18,BBQ & smokehouses,1.0,foodiepie,1088
Smokin' Guns BBQ,"North Kansas City, Missouri",2010-07-12,jev-1.13.0,v2,,Other,1.0,0.0,0.0,0.0,1.0,0.11,0.17,0.27,BBQ & smokehouses,1.0,foodiepie,1110
Woodyard Bar-B-Que,"Kansas City, Kansas",2010-07-12,jev-1.13.0,v2,,Other,0.96,0.0,0.0,0.02,0.98,0.14,0.3,0.51,BBQ & smokehouses,1.0,foodiepie,973
Athens Family Restaurant,"Nashville, Tennessee",2010-07-19,jev-1.13.0,v2,,Other,0.47,0.39,0.0,0.0,0.61,0.51,0.05,0.28,Global kitchens,1.0,foodiepie,1040
Burger Me!,"Truckee, California",2010-07-19,jev-1.13.0,v2,,Drive-In,0.86,0.07,0.9,0.0,0.03,0.29,0.64,0.31,,,foodiepie,1105
Swagger Fine Spirits & Food,"Kansas City, Missouri",2010-07-19,jev-1.13.0,v2,,Dive,0.88,0.04,0.0,0.91,0.05,0.37,0.07,0.61,,,foodiepie,1071
Gordy's Hi-Hat,"Cloquet, Minnesota",2010-07-26,jev-1.13.0,v2,,Drive-In,0.78,0.14,0.83,0.03,0.0,0.58,0.61,0.69,,,foodiepie,1018
Paul's Coffee Shop,"Fountain Valley, California",2010-07-26,jev-1.13.0,v2,,Diner,1.0,1.0,0.0,0.0,0.0,0.92,0.09,0.64,,,foodiepie,1046
Rick's White Light Diner,"Frankfort, Kentucky",2010-07-26,jev-1.13.0,v2,Diner,Diner,0.97,0.98,0.0,0.02,0.0,0.94,0.08,0.81,,,foodiepie,1049
Arnold's Country Kitchen,"Nashville, Tennessee",2010-08-09,jev-1.13.0,v2,,Diner,0.64,0.73,0.0,0.0,0.27,0.46,0.06,0.25,,,foodiepie,1099
Maine Diner,"Wells, Maine",2010-08-09,jev-1.13.0,v2,Diner,Diner,1.0,1.0,0.0,0.0,0.0,0.95,0.04,0.34,,,foodiepie,1105
Southern Soul Barbeque,"St. Simons Island, Georgia",2010-08-09,jev-1.13.0,v2,,Other,0.81,0.0,0.0,0.14,0.86,0.14,0.19,0.69,BBQ & smokehouses,0.99,foodiepie,1102
Happy Gillis Café & Hangout,"Kansas City, Missouri",2010-08-30,jev-1.13.0,v2,,Diner,0.92,0.94,0.0,0.0,0.06,0.65,0.05,0.22,,,foodiepie,1051
Kramarczuk Sausage Company,"Minneapolis, Minnesota",2010-08-30,jev-1.13.0,v2,,Other,1.0,0.0,0.0,0.0,1.0,0.16,0.06,0.29,Global kitchens,0.57,foodiepie,1152
Bob's Clam Hut,"Kittery, Maine",2010-09-09,jev-1.13.0,v2,,Drive-In,0.66,0.0,0.75,0.12,0.13,0.12,0.64,0.6,,,foodiepie,1019
Mama Cozza's,"Anaheim, California",2010-09-09,jev-1.13.0,v2,,Other,0.99,0.0,0.0,0.01,0.99,0.1,0.07,0.42,Pizza & Italian,1.0,foodiepie,1064
Tune Inn Restaurant,"Washington, D.C.",2010-09-09,jev-1.13.0,v2,,Dive,1.0,0.0,0.0,1.0,0.0,0.51,0.05,0.9,,,foodiepie,1086
Bro's Cajun Cuisine,"Nashville, Tennessee",2010-09-13,jev-1.13.0,v2,,Other,0.97,0.01,0.0,0.02,0.97,0.18,0.13,0.39,"Southern, Cajun & soul",1.0,foodiepie,1030
Greek Corner Restaurant,"Cambridge, Massachusetts",2010-09-13,jev-1.13.0,v2,,Other,1.0,0.0,0.0,0.0,1.0,0.05,0.04,0.29,Global kitchens,1.0,foodiepie,1068
The General Store,"Silver Spring, Maryland",2010-09-13,jev-1.13.0,v2,,Diner,1.0,1.0,0.0,0.0,0.0,0.86,0.1,0.45,,,foodiepie,1066
Metro Diner,"Jacksonville, Florida",2010-09-20,jev-1.13.0,v2,Diner,Diner,1.0,1.0,0.0,0.0,0.0,0.92,0.04,0.28,,,foodiepie,1065
Parkette Drive In,"Lexington, Kentucky",2010-09-20,jev-1.13.0,v2,Drive-In,Drive-In,0.95,0.03,0.97,0.0,0.0,0.88,0.89,0.69,,,foodiepie,1012
Oohh's & Aahh's Gourmet Deli,"Washington, D.C.",2010-09-27,jev-1.13.0,v2,,Other,0.98,0.01,0.0,0.0,0.99,0.23,0.08,0.25,"Southern, Cajun & soul",0.98,foodiepie,973
The Brick,"Kansas City, Missouri",2010-09-27,jev-1.13.0,v2,,Dive,0.97,0.01,0.0,0.98,0.01,0.29,0.04,0.6,,,foodiepie,1031
The Lobster Shanty,"Salem, Massachusetts",2010-09-27,jev-1.13.0,v2,,Dive,1.0,0.0,0.0,1.0,0.0,0.17,0.05,0.69,,,foodiepie,1061
At Sara's Table Chester Creek Café,"Duluth, Minnesota",2010-10-04,jev-1.13.0,v2,,Other,0.89,0.08,0.0,0.0,0.92,0.29,0.04,0.18,New American bistros,1.0,foodiepie,1026
Café Rakka,"Hendersonville, Tennessee",2010-10-04,jev-1.13.0,v2,,Other,1.0,0.0,0.0,0.0,1.0,0.06,0.03,0.17,Global kitchens,1.0,foodiepie,1090
J.J. McBrewster's,"Lexington, Kentucky",2010-10-04,jev-1.13.0,v2,,Other,0.95,0.0,0.0,0.03,0.97,0.25,0.12,0.52,BBQ & smokehouses,1.0,foodiepie,1042
Rino's Place,"East Boston, Massachusetts",2010-10-25,jev-1.13.0,v2,,Other,1.0,0.0,0.0,0.0,1.0,0.05,0.02,0.23,Pizza & Italian,1.0,foodiepie,1072
The Blue Door Pub (New Location),"St. Paul, Minnesota",2010-10-25,jev-1.13.0,v2,,Dive,0.98,0.0,0.0,0.99,0.01,0.25,0.07,0.61,,,foodiepie,993
Chaps Diner & Bakery,"Spokane, Washington",2010-11-01,jev-1.13.0,v2,Diner,Diner,1.0,1.0,0.0,0.0,0.0,0.94,0.05,0.36,,,web,990
Good Dog Bar & Restaurant,"Philadelphia, Pennsylvania",2010-11-01,jev-1.13.0,v2,,Dive,1.0,0.0,0.0,1.0,0.0,0.28,0.03,0.76,,,foodiepie,1047
Porthole Restaurant,"Portland, Maine",2010-11-01,jev-1.13.0,v2,,Diner,0.99,0.99,0.0,0.0,0.01,0.88,0.04,0.34,,,foodiepie,1073
Brats Brothers,"Sherman Oaks, California",2010-11-08,jev-1.13.0,v2,,Other,0.89,0.02,0.02,0.04,0.92,0.18,0.17,0.25,Global kitchens,0.97,foodiepie,1017
LaCaraquena,"Falls Church, Virginia",2010-11-08,jev-1.13.0,v2,,Other,0.69,0.0,0.0,0.23,0.77,0.11,0.08,0.61,Mexican & Latin,1.0,foodiepie,1030
Savarino's Cucina,"Nashville, Tennessee",2010-11-08,jev-1.13.0,v2,,Other,1.0,0.0,0.0,0.0,1.0,0.07,0.03,0.21,Pizza & Italian,0.98,foodiepie,1037
Becky's Diner,"Portland, Maine",2010-11-15,jev-1.13.0,v2,Diner,Diner,0.99,1.0,0.0,0.0,0.0,0.87,0.03,0.21,,,foodiepie,1028
George's Place,"Cape May, New Jersey",2010-11-15,jev-1.13.0,v2,,Other,0.98,0.01,0.0,0.0,0.99,0.2,0.04,0.2,Global kitchens,1.0,foodiepie,1066
Sammy's Food Service & Deli,"New Orleans, Louisiana",2010-11-15,jev-1.13.0,v2,,Other,0.88,0.08,0.0,0.0,0.92,0.55,0.09,0.43,Sandwiches & delis,0.51,foodiepie,1053
Duluth Grill,"Duluth, Minnesota",2010-11-26,jev-1.13.0,v2,,Diner,0.9,0.92,0.0,0.0,0.08,0.64,0.04,0.25,,,foodiepie,1043
Meal Ticket,"Berkeley, California",2010-11-26,jev-1.13.0,v2,,Diner,0.94,0.96,0.0,0.0,0.04,0.71,0.09,0.28,,,foodiepie,1066
Metro 29 Diner,"Arlington, Virginia",2010-11-26,jev-1.13.0,v2,Diner,Diner,1.0,1.0,0.0,0.0,0.0,0.93,0.04,0.38,,,foodiepie,1000
10th Ave Burrito Co,"Belmar, New Jersey",2010-12-13,jev-1.13.0,v2,,Other,0.93,0.0,0.0,0.05,0.95,0.05,0.16,0.28,Mexican & Latin,1.0,foodiepie,1014
Capone's Pub,"Coeur d'Alene, Idaho",2010-12-13,jev-1.13.0,v2,,Dive,0.91,0.0,0.0,0.9400000000000001,0.06,0.22,0.03,0.65,,,foodiepie,1124
Jamaicaway,"Nashville, Tennessee",2010-12-13,jev-1.13.0,v2,,Other,0.79,0.0,0.1,0.06,0.84,0.06,0.42,0.5,Mexican & Latin,0.94,foodiepie,1021
Colossal Café (New Location),"Minneapolis, Minnesota",2010-12-18,jev-1.13.0,v2,,Diner,0.9,0.93,0.0,0.0,0.07,0.62,0.07,0.17,,,foodiepie,992
Elk Public House,"Spokane, Washington",2010-12-18,jev-1.13.0,v2,,Dive,0.86,0.01,0.0,0.89,0.1,0.19,0.03,0.5,,,foodiepie,975
Maui's Dog House,"Wildwood, New Jersey",2010-12-18,jev-1.13.0,v2,,Drive-In,0.49,0.1,0.62,0.24,0.04,0.39,0.44,0.58,,,foodiepie,994
Memphis Taproom,"Philadelphia, Pennsylvania",2011-01-03,jev-1.13.0,v2,,Other,0.69,0.0,0.0,0.23,0.77,0.11,0.02,0.36,Brewpubs & bars,1.0,foodiepie,1045
The Golden Bear,"Sacramento, California",2011-01-03,jev-1.13.0,v2,,Dive,0.88,0.02,0.0,0.9,0.08,0.26,0.06,0.64,,,foodiepie,1016
Tortilla Café,"Washington, D.C.",2011-01-03,jev-1.13.0,v2,,Other,0.91,0.0,0.0,0.06,0.9400000000000001,0.12,0.06,0.48,Mexican & Latin,1.0,foodiepie,1036
Hill's Restaurant & Lounge,"Spokane, Washington",2011-01-10,jev-1.13.0,v2,,Other,0.99,0.01,0.0,0.0,0.99,0.2,0.02,0.11,New American bistros,0.97,foodiepie,1024
Mahoney's Po-Boy Shop,"New Orleans, Louisiana",2011-01-10,jev-1.13.0,v2,,Other,0.33,0.03,0.0,0.46,0.51,0.23,0.11,0.42,Sandwiches & delis,0.98,foodiepie,1080
Q Fanatic BBQ,"Champlin, Minnesota",2011-01-10,jev-1.13.0,v2,,Other,1.0,0.0,0.0,0.0,1.0,0.08,0.11,0.27,BBQ & smokehouses,1.0,foodiepie,985
Quahog's Seafood Shack,"Stone Harbor, New Jersey",2011-01-17,jev-1.13.0,v2,,Other,0.87,0.0,0.01,0.08,0.91,0.08,0.2,0.31,Seafood,1.0,foodiepie,1036
Sage General Store,"Queens, New York City, New York",2011-01-17,jev-1.13.0,v2,,Other,0.75,0.18,0.0,0.0,0.82,0.42,0.02,0.28,"Southern, Cajun & soul",0.47,web,987
W.O.W. – Worth Our Weight,"Santa Rosa, California",2011-01-17,jev-1.13.0,v2,,Other,0.16,0.33,0.29,0.0,0.38,0.27,0.3,0.2,Breakfast & brunch,1.0,foodiepie,1029
Honey's Sit-N-Eat,"Philadelphia, Pennsylvania",2011-01-24,jev-1.13.0,v2,,Diner,0.39,0.55,0.0,0.02,0.43,0.43,0.09,0.41,,,foodiepie,1035
Louie & The Red Head Lady,"Mandeville, Louisiana",2011-01-24,jev-1.13.0,v2,,Other,0.74,0.19,0.0,0.0,0.81,0.41,0.04,0.28,"Southern, Cajun & soul",0.96,foodiepie,1062
Picabu Neighborhood Bistro,"Spokane, Washington",2011-01-24,jev-1.13.0,v2,,Other,0.99,0.0,0.0,0.0,1.0,0.23,0.03,0.14,New American bistros,1.0,foodiepie,1046
Anchor Bar,"Superior, Wisconsin",2011-01-31,jev-1.13.0,v2,,Dive,1.0,0.0,0.0,1.0,0.0,0.25,0.22,0.94,,,foodiepie,1031
Gatsby's Diner,"Sacramento, California",2011-01-31,jev-1.13.0,v2,Diner,Diner,0.99,0.99,0.0,0.0,0.01,0.77,0.04,0.27,,,foodiepie,1056
The Pit Stop,"Merrick, New York",2011-01-31,jev-1.13.0,v2,,Diner,0.6,0.69,0.24,0.03,0.04,0.53,0.37,0.55,,,foodiepie,1048
3 Sisters Café,"Indianapolis, Indiana",2011-02-07,jev-1.13.0,v2,,Diner,0.88,0.91,0.0,0.0,0.09,0.6,0.05,0.24,,,foodiepie,1066
La Pines Café,"Slidell, Louisiana",2011-02-07,jev-1.13.0,v2,,Diner,1.0,1.0,0.0,0.0,0.0,0.9,0.09,0.49,,,foodiepie,1035
Steuben's Food Service,"Denver, Colorado",2011-02-07,jev-1.13.0,v2,,Other,0.59,0.25,0.0,0.06,0.69,0.35,0.14,0.3,New American bistros,0.68,foodiepie,1049
Aunt Mary's Café,"Oakland, California",2011-02-28,jev-1.13.0,v2,,Diner,0.84,0.88,0.0,0.0,0.12,0.59,0.04,0.31,,,foodiepie,1028
Corey's Catsup & Mustard,"Manchester, Connecticut",2011-02-28,jev-1.13.0,v2,,Diner,0.34,0.51,0.29,0.13,0.07,0.49,0.38,0.54,,,foodiepie,975
Jimmy's Down the Street,"Coeur d'Alene, Idaho",2011-02-28,jev-1.13.0,v2,,Diner,0.99,0.99,0.0,0.0,0.01,0.72,0.09,0.37,,,foodiepie,960
Dad's Kitchen,"Sacramento, California",2011-03-07,jev-1.13.0,v2,,Diner,0.98,0.98,0.0,0.0,0.02,0.74,0.1,0.24,,,foodiepie,1090
Indy's Historic Steer-In Restaurant,"Indianapolis, Indiana",2011-03-07,jev-1.13.0,v2,,Drive-In,0.62,0.27,0.72,0.0,0.01,0.67,0.6,0.54,,,foodiepie,966
Pineville Tavern,"Pineville, Pennsylvania",2011-03-07,jev-1.13.0,v2,,Dive,0.95,0.0,0.0,0.97,0.03,0.23,0.05,0.69,,,foodiepie,989
Ben's Best Deli,"Queens, New York City, New York",2011-03-14,jev-1.13.0,v2,,Other,0.99,0.01,0.0,0.0,0.99,0.31,0.05,0.45,Sandwiches & delis,1.0,foodiepie,1047
Foolish Craig's Café,"Boulder, Colorado",2011-03-14,jev-1.13.0,v2,,Diner,0.86,0.9,0.0,0.02,0.08,0.62,0.04,0.39,,,foodiepie,1022
Waddell's Pub & Grille,"Spokane, Washington",2011-03-14,jev-1.13.0,v2,,Dive,0.96,0.0,0.0,0.97,0.03,0.29,0.05,0.64,,,foodiepie,1133
Jersey Café,"Carmel, Indiana",2011-03-21,jev-1.13.0,v2,,Diner,0.59,0.7,0.0,0.0,0.3,0.54,0.1,0.32,,,foodiepie,1069
Katie's Restaurant,"New Orleans, Louisiana",2011-03-21,jev-1.13.0,v2,,Other,0.42,0.08,0.0,0.35,0.5700000000000001,0.34,0.05,0.48,"Southern, Cajun & soul",0.98,foodiepie,1051
Merritt Canteen Inc.,"Bridgeport, Connecticut",2011-03-21,jev-1.13.0,v2,,Diner,0.53,0.64,0.13,0.21,0.02,0.67,0.36,0.66,,,foodiepie,1001
Hildebrandt's,"Williston Park, New York",2011-03-28,jev-1.13.0,v2,,Diner,0.4,0.55,0.19,0.0,0.26,0.43,0.22,0.27,,,foodiepie,1006
Sunflower Caffé,"Sonoma, California",2011-03-28,jev-1.13.0,v2,,Diner,0.69,0.77,0.0,0.0,0.23,0.55,0.06,0.16,,,foodiepie,1024
The Bagel Delicatessen & Restaurant,"Denver, Colorado",2011-03-28,jev-1.13.0,v2,,Other,0.99,0.01,0.0,0.0,0.99,0.28,0.04,0.31,Sandwiches & delis,1.0,foodiepie,1024
Putah Creek Café,"Winters, California",2011-04-04,jev-1.13.0,v2,,Diner,0.93,0.95,0.0,0.0,0.05,0.8,0.08,0.25,,,foodiepie,1106
The Barking Dog,"Indianapolis, Indiana",2011-04-04,jev-1.13.0,v2,,Diner,0.4,0.54,0.01,0.33,0.12,0.58,0.14,0.54,,,foodiepie,1028
The Old Coffee Pot Restaurant,"New Orleans, Louisiana",2011-04-04,jev-1.13.0,v2,,Other,0.6,0.29,0.0,0.01,0.7,0.37,0.02,0.22,"Southern, Cajun & soul",1.0,foodiepie,1014
Dough Pizzeria Napoletana,"San Antonio, Texas",2011-04-11,jev-1.13.0,v2,,Other,1.0,0.0,0.0,0.0,1.0,0.02,0.02,0.07,Pizza & Italian,1.0,foodiepie,1148
Jimtown Store,"Healdsburg, California",2011-04-11,jev-1.13.0,v2,,Diner,0.45,0.59,0.0,0.0,0.41,0.53,0.09,0.28,,,foodiepie,1030
Sam's No. 3,"Denver, Colorado",2011-04-11,jev-1.13.0,v2,,Diner,0.99,0.99,0.0,0.01,0.0,0.89,0.13,0.56,,,foodiepie,1078
Catelli's,"Geyserville, California",2011-05-09,jev-1.13.0,v2,,Other,0.99,0.0,0.0,0.0,1.0,0.18,0.04,0.2,Pizza & Italian,0.83,foodiepie,1127
The Sparrow Tavern,"Queens, New York City, New York",2011-05-09,jev-1.13.0,v2,,Dive,1.0,0.0,0.0,1.0,0.0,0.38,0.04,0.85,,,foodiepie,1030
Zest,"Indianapolis, Indiana",2011-05-09,jev-1.13.0,v2,,Other,0.99,0.01,0.0,0.0,0.99,0.18,0.02,0.12,New American bistros,1.0,foodiepie,1139
California Tacos To Go,"Tampa, Florida",2011-05-16,jev-1.13.0,v2,,Dive,0.35,0.0,0.24,0.52,0.24,0.04,0.45,0.54,,,foodiepie,954
Lauer-Krauts,"Brighton, Colorado",2011-05-16,jev-1.13.0,v2,,Diner,0.55,0.66,0.01,0.08,0.25,0.58,0.21,0.6,,,foodiepie,1007
Moroccan Bites,"San Antonio, Texas",2011-05-16,jev-1.13.0,v2,,Other,1.0,0.0,0.0,0.0,1.0,0.03,0.09,0.25,Global kitchens,1.0,foodiepie,983
Garifuna Flava,"Chicago, Illinois",2011-05-23,jev-1.13.0,v2,,Other,1.0,0.0,0.0,0.0,1.0,0.04,0.07,0.28,Mexican & Latin,1.0,foodiepie,1031
HRD Coffee Shop,"San Francisco, California",2011-05-23,jev-1.13.0,v2,,Other,0.61,0.26,0.0,0.03,0.71,0.28,0.09,0.32,Global kitchens,0.69,foodiepie,992
The Tamale Place,"Indianapolis, Indiana",2011-05-23,jev-1.13.0,v2,,Other,0.93,0.0,0.0,0.05,0.95,0.05,0.16,0.37,Mexican & Latin,1.0,foodiepie,993
Bun ‘N Barrel,"San Antonio, Texas",2011-09-12,jev-1.13.0,v2,,Drive-In,1.0,0.0,1.0,0.0,0.0,0.35,0.93,0.51,,,foodiepie,1034
Munch's Restaurant & Sundries,"St. Petersburg, Florida",2011-09-12,jev-1.13.0,v2,,Diner,0.99,0.99,0.0,0.01,0.0,0.85,0.13,0.65,,,foodiepie,1007
Tocabe American Indian Eatery,"Denver, Colorado",2011-09-12,jev-1.13.0,v2,,Other,0.98,0.01,0.0,0.01,0.98,0.17,0.06,0.26,New American bistros,0.44,foodiepie,1059
Bang!,"Denver, Colorado",2011-09-19,jev-1.13.0,v2,,Other,0.54,0.34,0.0,0.0,0.66,0.36,0.05,0.22,"Southern, Cajun & soul",0.91,foodiepie,1003
Broken Record,"San Francisco, California",2011-09-19,jev-1.13.0,v2,,Dive,1.0,0.0,0.0,1.0,0.0,0.17,0.02,0.72,,,foodiepie,1042
Jose's Real Cuban Food,"Bradenton, Florida",2011-09-19,jev-1.13.0,v2,,Other,0.97,0.0,0.0,0.02,0.98,0.1,0.1,0.49,Mexican & Latin,1.0,foodiepie,1019
Get Fresh Café,"Norfolk, Virginia",2011-09-26,jev-1.13.0,v2,,Other,0.64,0.25,0.0,0.02,0.73,0.38,0.07,0.41,New American bistros,0.29,foodiepie,999
Nana Organic,"Chicago, Illinois",2011-09-26,jev-1.13.0,v2,,Other,0.77,0.17,0.0,0.0,0.83,0.36,0.03,0.18,New American bistros,0.88,foodiepie,1068
The Sink,"Boulder, Colorado",2011-09-26,jev-1.13.0,v2,,Other,0.81,0.11,0.0,0.03,0.86,0.33,0.06,0.23,New American bistros,0.48,foodiepie,1157
Chilam Balam,"Chicago, Illinois",2011-10-03,jev-1.13.0,v2,,Other,0.79,0.0,0.0,0.16,0.84,0.02,0.02,0.19,Mexican & Latin,1.0,foodiepie,1062
Tampa Bay Brewing Co.,"Tampa, Florida",2011-10-03,jev-1.13.0,v2,,Other,0.99,0.0,0.0,0.01,0.99,0.13,0.03,0.24,Brewpubs & bars,1.0,foodiepie,1111
Zydeco's,"Mooresville, Indiana",2011-10-03,jev-1.13.0,v2,,Other,0.99,0.0,0.0,0.0,1.0,0.17,0.04,0.3,"Southern, Cajun & soul",1.0,foodiepie,1065
Beto's Comida Latina,"San Antonio, Texas",2011-10-10,jev-1.13.0,v2,,Other,0.74,0.0,0.01,0.19,0.8,0.19,0.25,0.47,Mexican & Latin,1.0,web,984
Irazu,"Chicago, Illinois",2011-10-10,jev-1.13.0,v2,,Other,1.0,0.0,0.0,0.0,1.0,0.08,0.04,0.33,Mexican & Latin,1.0,foodiepie,1017
Tortilleria Nixtamal,"Queens, New York City, New York",2011-10-10,jev-1.13.0,v2,,Other,0.37,0.0,0.0,0.47,0.53,0.03,0.11,0.61,Mexican & Latin,1.0,foodiepie,1015
DMK Burger Bar,"Chicago, Illinois",2011-10-17,jev-1.13.0,v2,,Other,0.67,0.16,0.07,0.02,0.75,0.25,0.12,0.16,New American bistros,0.88,foodiepie,1060
Taco Taco Cafe,"San Antonio, Texas",2011-10-17,jev-1.13.0,v2,,Other,0.49,0.0,0.0,0.37,0.63,0.07,0.16,0.37,Mexican & Latin,1.0,foodiepie,1015
Whitner's Barbeque,"Virginia Beach, Virginia",2011-10-17,jev-1.13.0,v2,,Other,1.0,0.0,0.0,0.0,1.0,0.14,0.18,0.32,BBQ & smokehouses,1.0,foodiepie,1008
Chuck's Southern Comforts Café,"Burbank, Illinois",2011-10-24,jev-1.13.0,v2,,Other,0.95,0.03,0.0,0.0,0.97,0.25,0.1,0.35,"Southern, Cajun & soul",0.98,foodiepie,979
El Bohio,"San Antonio, Texas",2011-10-24,jev-1.13.0,v2,,Other,0.94,0.0,0.0,0.04,0.96,0.08,0.09,0.52,Mexican & Latin,1.0,foodiepie,994
Rigoletto Italian Bakery & Café,"Virginia Beach, Virginia",2011-10-24,jev-1.13.0,v2,,Other,1.0,0.0,0.0,0.0,1.0,0.11,0.05,0.16,"Bakeries, cafes & desserts",0.74,foodiepie,1062
Beach Pub,"Virginia Beach, Virginia",2011-10-31,jev-1.13.0,v2,,Dive,0.94,0.0,0.0,0.96,0.04,0.24,0.04,0.68,,,foodiepie,1045
Magnolia Pancake Haus (New Locations),"San Antonio, Texas",2011-10-31,jev-1.13.0,v2,,Diner,0.6,0.7,0.0,0.0,0.3,0.47,0.05,0.14,,,foodiepie,1032
Taco Bus,"Tampa, Florida",2011-10-31,jev-1.13.0,v2,,Drive-In,0.98,0.0,0.99,0.0,0.01,0.04,0.94,0.58,,,foodiepie,1059
Big & Littles,"Chicago, Illinois",2011-11-07,jev-1.13.0,v2,,Dive,0.62,0.03,0.01,0.72,0.24,0.21,0.13,0.38,,,foodiepie,1074
Citrus Breakfast & Lunch,"Virginia Beach, Virginia",2011-11-07,jev-1.13.0,v2,,Diner,0.84,0.88,0.0,0.0,0.12,0.56,0.04,0.18,,,foodiepie,1027
Supino Pizzeria,"Detroit, Michigan",2011-11-07,jev-1.13.0,v2,,Other,1.0,0.0,0.0,0.0,1.0,0.04,0.06,0.28,Pizza & Italian,1.0,foodiepie,982
Jethro's Fine Grub,"Vancouver, British Columbia, Canada",2011-11-21,jev-1.13.0,v2,,Diner,0.39,0.54,0.0,0.0,0.46,0.52,0.1,0.2,,,foodiepie,1007
Leaping Lizards Café,"Virginia Beach, Virginia",2011-11-21,jev-1.13.0,v2,,Other,0.4,0.45,0.0,0.0,0.55,0.41,0.06,0.21,New American bistros,0.45,foodiepie,1029
Polish Village Café,"Hamtramck, Michigan",2011-11-21,jev-1.13.0,v2,,Other,0.88,0.07,0.0,0.02,0.91,0.3,0.05,0.54,Global kitchens,1.0,foodiepie,1048
Fresh Local Wild,"Vancouver, British Columbia, Canada",2011-11-28,jev-1.13.0,v2,,Drive-In,0.96,0.0,0.97,0.0,0.03,0.12,0.84,0.31,,,foodiepie,1011
Panozzo's Italian Market,"Chicago, Illinois",2011-11-28,jev-1.13.0,v2,,Other,1.0,0.0,0.0,0.0,1.0,0.16,0.08,0.42,Sandwiches & delis,1.0,foodiepie,1079
Traffic Jam & Snug,"Detroit, Michigan",2011-11-28,jev-1.13.0,v2,,Other,0.51,0.03,0.0,0.33,0.64,0.32,0.03,0.4,Brewpubs & bars,0.99,foodiepie,1040
Danny's All American Diner,"Tampa, Florida",2011-12-05,jev-1.13.0,v2,Diner,Diner,1.0,1.0,0.0,0.0,0.0,0.93,0.1,0.62,,,foodiepie,1136
Tomahawk Restaurant,"North Vancouver, British Columbia, Canada",2011-12-05,jev-1.13.0,v2,,Other,0.97,0.01,0.0,0.01,0.98,0.14,0.03,0.32,BBQ & smokehouses,0.88,foodiepie,1105
Clarkston Union Bar & Kitchen,"Clarkston, Michigan",2011-12-12,jev-1.13.0,v2,,Diner,0.4,0.55,0.0,0.09,0.36,0.51,0.02,0.31,,,foodiepie,984
Michigan Brewing Co.,"Webberville, Michigan",2011-12-12,jev-1.13.0,v2,,Other,0.89,0.0,0.0,0.08,0.92,0.04,0.05,0.41,Brewpubs & bars,1.0,foodiepie,956
Union Wood Shop,"Clarkston, Michigan",2011-12-12,jev-1.13.0,v2,,Other,0.55,0.06,0.0,0.27,0.67,0.42,0.11,0.65,BBQ & smokehouses,0.83,foodiepie,1032
Mama's Food Shop,"Manhattan, New York City, New York",2011-12-19,jev-1.13.0,v2,,Other,0.44,0.36,0.0,0.05,0.59,0.35,0.09,0.33,"Southern, Cajun & soul",1.0,foodiepie,985
Perfectly Frank's,"Summerville, South Carolina",2011-12-19,jev-1.13.0,v2,,Drive-In,0.16,0.36,0.37,0.19,0.08,0.41,0.31,0.52,,,foodiepie,1046
Red Wagon Café,"Vancouver, British Columbia, Canada",2011-12-19,jev-1.13.0,v2,,Diner,1.0,1.0,0.0,0.0,0.0,0.78,0.04,0.37,,,foodiepie,1047
Lito's Mexican Restaurant,"Santa Barbara, California",2011-12-26,jev-1.13.0,v2,,Dive,0.68,0.01,0.0,0.76,0.23,0.16,0.31,0.64,,,web,982
Save On Meats,"Vancouver, British Columbia, Canada",2011-12-26,jev-1.13.0,v2,,Diner,0.99,0.99,0.0,0.0,0.01,0.91,0.08,0.5,,,foodiepie,1024
The Redhead,"Manhattan, New York City, New York",2011-12-26,jev-1.13.0,v2,,Dive,0.58,0.06,0.0,0.68,0.26,0.28,0.02,0.39,,,foodiepie,1008
Falconetti's,"Vancouver, British Columbia, Canada",2012-01-16,jev-1.13.0,v2,,Dive,0.43,0.0,0.01,0.57,0.42,0.18,0.19,0.57,,,foodiepie,1017
Rincon Criollo,"Queens, New York City, New York",2012-01-16,jev-1.13.0,v2,,Other,1.0,0.0,0.0,0.0,1.0,0.07,0.04,0.34,Mexican & Latin,1.0,foodiepie,1025
Tattooed Moose,"Charleston, South Carolina",2012-01-16,jev-1.13.0,v2,,Dive,0.78,0.03,0.0,0.84,0.13,0.34,0.04,0.58,,,foodiepie,1059
John's of 12th Street,"Manhattan, New York City, New York",2012-01-23,jev-1.13.0,v2,,Other,1.0,0.0,0.0,0.0,1.0,0.05,0.01,0.17,Pizza & Italian,1.0,foodiepie,1053
Mac's Fish & Chip Shop,"Santa Barbara, California",2012-01-23,jev-1.13.0,v2,,Other,0.5,0.0,0.03,0.34,0.63,0.1,0.23,0.39,Seafood,0.86,foodiepie,1094
Boulevard Diner,"Dundalk, Maryland",2012-01-30,jev-1.13.0,v2,Diner,Diner,1.0,1.0,0.0,0.0,0.0,0.8,0.04,0.25,,,foodiepie,1022
The Early Bird Diner,"Charleston, South Carolina",2012-01-30,jev-1.13.0,v2,Diner,Diner,1.0,1.0,0.0,0.0,0.0,0.95,0.05,0.41,,,foodiepie,993
The Kitchen,"Oxnard, California",2012-01-30,jev-1.13.0,v2,,Other,0.73,0.01,0.0,0.19,0.8,0.3,0.06,0.48,Brewpubs & bars,1.0,foodiepie,1000
Flip Flops Grill & Chill,"Virginia Beach, Virginia",2012-02-06,jev-1.13.0,v2,,Other,1.0,0.0,0.0,0.0,1.0,0.06,0.1,0.13,Mexican & Latin,0.99,foodiepie,996
Peaceful Restaurant,"Vancouver, British Columbia, Canada",2012-02-06,jev-1.13.0,v2,,Other,1.0,0.0,0.0,0.0,1.0,0.02,0.03,0.27,Global kitchens,1.0,foodiepie,1120
Sidecar (New Location),"Brooklyn, New York City, New York",2012-02-06,jev-1.13.0,v2,,Other,0.66,0.24,0.0,0.01,0.75,0.31,0.02,0.18,New American bistros,0.71,web,983
Fuel Cantina,"Charleston, South Carolina",2012-02-13,jev-1.13.0,v2,,Dive,0.85,0.01,0.02,0.88,0.09,0.29,0.22,0.7,,,foodiepie,1042
Meat & Bread,"Vancouver, British Columbia, Canada",2012-02-13,jev-1.13.0,v2,,Other,0.84,0.01,0.01,0.1,0.88,0.14,0.16,0.36,Sandwiches & delis,1.0,foodiepie,999
Norton's,"Santa Barbara, California",2012-02-13,jev-1.13.0,v2,,Other,0.98,0.02,0.0,0.0,0.98,0.43,0.13,0.4,Sandwiches & delis,1.0,foodiepie,1010
Defonte's Sandwich Shop,"Brooklyn, New York City, New York",2012-02-20,jev-1.13.0,v2,,Other,0.98,0.01,0.0,0.0,0.99,0.28,0.07,0.43,Sandwiches & delis,1.0,foodiepie,1049
Galway Bay Irish Pub,"Annapolis, Maryland",2012-02-20,jev-1.13.0,v2,,Dive,0.76,0.0,0.0,0.82,0.18,0.11,0.02,0.38,,,foodiepie,1016
The Glass Onion,"Charleston, South Carolina",2012-02-20,jev-1.13.0,v2,,Other,0.67,0.14,0.0,0.11,0.75,0.29,0.08,0.32,"Southern, Cajun & soul",0.96,foodiepie,1053
Moseberth's Fried Chicken,"Portsmouth, Virginia",2012-02-27,jev-1.13.0,v2,,Drive-In,0.3,0.0,0.48,0.29,0.23,0.08,0.51,0.62,,,foodiepie,985
Nye's Polonaise Room,"Minneapolis, Minnesota",2012-02-27,jev-1.13.0,v2,,Dive,0.93,0.0,0.0,0.95,0.05,0.16,0.02,0.78,,,foodiepie,1058
R&R Taqueria,"Elkridge, Maryland",2012-02-27,jev-1.13.0,v2,,Dive,0.99,0.0,0.0,1.0,0.0,0.04,0.48,0.82,,,foodiepie,1109
Joe Squared Pizza,"Baltimore, Maryland",2012-03-05,jev-1.13.0,v2,,Other,0.98,0.0,0.0,0.01,0.99,0.1,0.04,0.24,Pizza & Italian,1.0,foodiepie,1170
Pepe's and Mito's,"Dallas, Texas",2012-03-05,jev-1.13.0,v2,,Other,0.53,0.0,0.0,0.35,0.65,0.07,0.1,0.53,Mexican & Latin,1.0,foodiepie,1097
Savoy Café & Deli,"Santa Barbara, California",2012-03-05,jev-1.13.0,v2,,Other,0.8,0.15,0.0,0.0,0.85,0.5,0.06,0.23,Sandwiches & delis,0.95,foodiepie,1041
Monument Cafe,"Georgetown, Texas",2012-04-02,jev-1.13.0,v2,,Diner,1.0,1.0,0.0,0.0,0.0,0.81,0.21,0.28,,,foodiepie,1098
Pizzeria Lola,"Minneapolis, Minnesota",2012-04-02,jev-1.13.0,v2,,Other,1.0,0.0,0.0,0.0,1.0,0.04,0.04,0.09,Pizza & Italian,1.0,foodiepie,1152
Luke's Inside Out,"Austin, Texas",2012-04-09,jev-1.13.0,v2,,Drive-In,0.97,0.0,0.98,0.0,0.02,0.17,0.85,0.58,,,foodiepie,1095
Maple & Motor,"Dallas, Texas",2012-04-09,jev-1.13.0,v2,,Drive-In,0.98,0.01,0.98,0.01,0.0,0.45,0.76,0.65,,,foodiepie,981
Smack Shack at The 1029 Bar,"Minneapolis, Minnesota",2012-04-09,jev-1.13.0,v2,,Dive,0.98,0.0,0.0,0.99,0.01,0.25,0.08,0.61,,,foodiepie,1148
Broders' Cucina Italiana,"Minneapolis, Minnesota",2012-04-16,jev-1.13.0,v2,,Other,1.0,0.0,0.0,0.0,1.0,0.05,0.04,0.34,Pizza & Italian,1.0,foodiepie,1046
Chop House Burgers,"Arlington, Texas",2012-04-16,jev-1.13.0,v2,,Other,0.64,0.25,0.0,0.01,0.74,0.29,0.13,0.24,New American bistros,0.5,foodiepie,1126
Pete's Breakfast House,"Ventura, California",2012-04-23,jev-1.13.0,v2,,Diner,1.0,1.0,0.0,0.0,0.0,0.76,0.1,0.33,,,foodiepie,1032
Sip & Bite Restaurant,"Baltimore, Maryland",2012-04-23,jev-1.13.0,v2,,Diner,1.0,1.0,0.0,0.0,0.0,0.89,0.04,0.43,,,foodiepie,1080
Cane Rosso,"Dallas, Texas",2012-04-30,jev-1.13.0,v2,,Other,1.0,0.0,0.0,0.0,1.0,0.07,0.03,0.11,Pizza & Italian,1.0,foodiepie,1162
Counter Cafe,"Austin, Texas",2012-04-30,jev-1.13.0,v2,,Diner,1.0,1.0,0.0,0.0,0.0,0.95,0.1,0.64,,,foodiepie,1039
Marla's Caribbean Cuisine,"Minneapolis, Minnesota",2012-04-30,jev-1.13.0,v2,,Other,1.0,0.0,0.0,0.0,1.0,0.04,0.07,0.24,Mexican & Latin,0.89,foodiepie,1021
Harvey's Hot Dogs II,"Portsmouth, Virginia",2012-05-07,jev-1.13.0,v2,,Diner,0.21,0.39999999999999997,0.27,0.31,0.02,0.42,0.36,0.69,,,foodiepie,964
Johnny Garlic's,"Santa Rosa, California",2012-05-07,jev-1.13.0,v2,,Other,0.68,0.06,0.0,0.18,0.76,0.24,0.04,0.32,New American bistros,0.93,foodiepie,1142
Smalley's Caribbean Barbeque,"Stillwater, Minnesota",2012-05-07,jev-1.13.0,v2,,Other,0.92,0.0,0.0,0.06,0.94,0.05,0.17,0.45,BBQ & smokehouses,0.7,foodiepie,1066
John Mull's Meats and Road Kill Grill,"Las Vegas, Nevada",2012-05-28,jev-1.13.0,v2,,Other,0.87,0.0,0.01,0.09,0.9,0.1,0.23,0.56,BBQ & smokehouses,0.79,foodiepie,1072
Pecan Lodge,"Dallas, Texas",2012-05-28,jev-1.13.0,v2,,Other,1.0,0.0,0.0,0.0,1.0,0.13,0.13,0.25,BBQ & smokehouses,1.0,foodiepie,1109
Forte European Tapas Bar & Bistro,"Las Vegas, Nevada",2012-06-04,jev-1.13.0,v2,,Other,1.0,0.0,0.0,0.0,1.0,0.03,0.01,0.14,Global kitchens,0.99,foodiepie,1076
Naked City Pizza,"Las Vegas, Nevada",2012-06-04,jev-1.13.0,v2,,Dive,0.98,0.0,0.0,0.98,0.02,0.1,0.06,0.88,,,foodiepie,1111
UNLV,"Las Vegas, Nevada",2012-06-04,jev-1.13.0,v2,,Other,0.99,0.0,0.01,0.0,0.99,0.08,0.1,0.16,Global kitchens,0.88,foodiepie,972
Lola's – A Louisiana Kitchen,"Las Vegas, Nevada",2012-06-11,jev-1.13.0,v2,,Other,0.99,0.0,0.0,0.0,1.0,0.2,0.06,0.29,"Southern, Cajun & soul",1.0,foodiepie,1039
Noble Pig Sandwiches,"Austin, Texas",2012-06-11,jev-1.13.0,v2,,Diner,0.33,0.5,0.0,0.02,0.48,0.49,0.09,0.25,,,foodiepie,1187
Afrah,"Richardson, Texas",2012-06-18,jev-1.13.0,v2,,Other,1.0,0.0,0.0,0.0,1.0,0.05,0.06,0.22,Global kitchens,1.0,foodiepie,1010
Bachi Burger,"Las Vegas, Nevada",2012-06-18,jev-1.13.0,v2,,Other,0.96,0.03,0.01,0.0,0.96,0.16,0.1,0.11,New American bistros,0.65,foodiepie,1146
Gazala's Place,"Manhattan, New York City, New York",2012-06-18,jev-1.13.0,v2,,Other,1.0,0.0,0.0,0.0,1.0,0.04,0.04,0.28,Global kitchens,1.0,foodiepie,997
Foreign & Domestic,"Austin, Texas",2012-06-25,jev-1.13.0,v2,,Other,0.96,0.03,0.0,0.0,0.97,0.23,0.02,0.15,New American bistros,0.98,foodiepie,1076
Hopleaf Bar,"Chicago, Illinois",2012-06-25,jev-1.13.0,v2,,Other,0.39,0.0,0.0,0.45,0.55,0.07,0.01,0.28,Brewpubs & bars,1.0,foodiepie,1080
Jawaiian Irie Jerk Restaurant,"Honolulu, Hawaii",2012-07-02,jev-1.13.0,v2,,Other,0.58,0.0,0.31,0.0,0.6900000000000001,0.04,0.63,0.36,Mexican & Latin,0.99,foodiepie,1070
Taste of Europe,"Arlington, Texas",2012-07-02,jev-1.13.0,v2,,Other,1.0,0.0,0.0,0.0,1.0,0.11,0.05,0.32,Global kitchens,1.0,foodiepie,992
Yayo Taco,"Las Vegas, Nevada",2012-07-02,jev-1.13.0,v2,,Dive,0.63,0.0,0.0,0.72,0.28,0.04,0.16,0.58,,,foodiepie,998
Camille's on Wheels,"Kailua, Hawaii",2012-07-30,jev-1.13.0,v2,,Drive-In,1.0,0.0,1.0,0.0,0.0,0.03,0.95,0.28,,,foodiepie,1019
Chicago Brauhaus,"Chicago, Illinois",2012-07-30,jev-1.13.0,v2,,Other,1.0,0.0,0.0,0.0,1.0,0.05,0.02,0.26,Global kitchens,0.9,foodiepie,1123
Dixie Supply Bakery & Cafe,"Charleston, South Carolina",2012-07-30,jev-1.13.0,v2,,Diner,0.53,0.65,0.0,0.0,0.35,0.68,0.05,0.25,,,foodiepie,1044
He'eia Kea Pier General Store and Deli,"Kaneohe, Hawaii",2012-08-05,jev-1.13.0,v2,,Other,0.95,0.0,0.0,0.04,0.96,0.16,0.17,0.36,Global kitchens,0.92,foodiepie,1097
Memphis Street Cafe (Name changed to Underground Cafe),"Hernando, Mississippi",2012-08-05,jev-1.13.0,v2,,Other,0.46,0.39,0.0,0.01,0.6,0.44,0.03,0.29,"Southern, Cajun & soul",0.97,foodiepie,1022
Rex Italian Foods,"Norridge, Illinois",2012-08-05,jev-1.13.0,v2,,Other,0.98,0.0,0.0,0.02,0.98,0.11,0.11,0.47,Pizza & Italian,0.99,foodiepie,1006
Sweet Home Waimanalo,"Waimanalo, Hawaii",2012-08-13,jev-1.13.0,v2,,Dive,0.32,0.0,0.09,0.49,0.42,0.18,0.52,0.64,,,foodiepie,1083
bopNgrill,"Chicago, Illinois",2012-08-13,jev-1.13.0,v2,,Other,0.9,0.04,0.03,0.01,0.92,0.16,0.13,0.2,Global kitchens,0.88,foodiepie,1092
90 Miles Cuban Cafe,"Chicago, Illinois",2012-08-19,jev-1.13.0,v2,,Other,0.99,0.0,0.0,0.0,1.0,0.21,0.06,0.35,Mexican & Latin,1.0,foodiepie,1085
Davis' Pub,"Annapolis, Maryland",2012-08-19,jev-1.13.0,v2,,Dive,1.0,0.0,0.0,1.0,0.0,0.23,0.02,0.78,,,foodiepie,1028
Rizzo's Diner,"Memphis, Tennessee",2012-08-19,jev-1.13.0,v2,Diner,Diner,0.9,0.92,0.0,0.06,0.02,0.76,0.06,0.52,,,foodiepie,1048
Fresh Catch,"Honolulu, Hawaii",2012-08-27,jev-1.13.0,v2,,Other,0.93,0.0,0.0,0.05,0.95,0.04,0.11,0.37,Seafood,0.72,foodiepie,1121
Memphis Barbecue Co.,"Horn Lake, Mississippi",2012-08-27,jev-1.13.0,v2,,Other,0.97,0.0,0.0,0.02,0.98,0.19,0.14,0.45,BBQ & smokehouses,1.0,foodiepie,1109
Cutty's,"Brookline, Massachusetts",2012-09-03,jev-1.13.0,v2,,Diner,0.36,0.52,0.0,0.0,0.48,0.44,0.05,0.21,,,foodiepie,1169
Italian Express Pizzeria,"East Boston, Massachusetts",2012-09-03,jev-1.13.0,v2,,Other,1.0,0.0,0.0,0.0,1.0,0.04,0.04,0.12,Pizza & Italian,1.0,foodiepie,1092
Angelo's Civita Farnese,"Providence, Rhode Island",2012-09-24,jev-1.13.0,v2,,Other,1.0,0.0,0.0,0.0,1.0,0.05,0.03,0.39,Pizza & Italian,1.0,foodiepie,1014
Mediterraneo Caffe,"Providence, Rhode Island",2012-09-24,jev-1.13.0,v2,,Other,1.0,0.0,0.0,0.0,1.0,0.06,0.02,0.16,Pizza & Italian,0.98,foodiepie,1042
Patti's Pierogis,"Fall River, Massachusetts",2012-09-24,jev-1.13.0,v2,,Other,0.95,0.02,0.0,0.02,0.96,0.21,0.08,0.43,Global kitchens,1.0,foodiepie,994
Tupelo,"Cambridge, Massachusetts",2012-09-24,jev-1.13.0,v2,,Other,0.89,0.08,0.0,0.0,0.92,0.25,0.09,0.21,"Southern, Cajun & soul",1.0,foodiepie,1006
Big Wave Shrimp Truck,"Haleiwa, Hawaii",2012-10-01,jev-1.13.0,v2,,Drive-In,1.0,0.0,1.0,0.0,0.0,0.04,0.96,0.39,,,foodiepie,1038
South Of Beale (SOB),"Memphis, Tennessee",2012-10-01,jev-1.13.0,v2,,Other,0.93,0.0,0.0,0.05,0.95,0.12,0.02,0.18,Brewpubs & bars,0.97,foodiepie,1035
Anthony's Seafood,"Middletown, Rhode Island",2012-10-08,jev-1.13.0,v2,,Other,0.85,0.0,0.0,0.11,0.89,0.09,0.07,0.44,Seafood,1.0,foodiepie,1031
Boston Burger Company,"Boston, Massachusetts",2012-10-08,jev-1.13.0,v2,,Other,0.28,0.22,0.32,0.0,0.46,0.26,0.23,0.15,Sandwiches & delis,0.47,foodiepie,1016
Guerilla Street Food,"St. Louis, Missouri",2012-10-08,jev-1.13.0,v2,,Drive-In,0.54,0.0,0.66,0.0,0.34,0.03,0.65,0.22,,,foodiepie,1118
Italian Corner,"East Providence, Rhode Island",2012-10-15,jev-1.13.0,v2,,Other,1.0,0.0,0.0,0.0,1.0,0.1,0.06,0.46,Pizza & Italian,0.54,foodiepie,1093
The Elegant Farmer,"Memphis, Tennessee",2012-10-15,jev-1.13.0,v2,,Other,0.82,0.13,0.0,0.0,0.87,0.42,0.03,0.13,New American bistros,1.0,foodiepie,1122
Anthonino's Taverna,"St. Louis, Missouri",2012-10-22,jev-1.13.0,v2,,Other,0.99,0.0,0.0,0.01,0.99,0.05,0.03,0.26,Pizza & Italian,0.58,foodiepie,1000
Opal Thai Food,"Haleiwa, Hawaii",2012-10-22,jev-1.13.0,v2,,Other,1.0,0.0,0.0,0.0,1.0,0.03,0.16,0.27,Global kitchens,1.0,foodiepie,1121
Three Angels Diner,"Memphis, Tennessee",2012-10-22,jev-1.13.0,v2,Diner,Diner,1.0,1.0,0.0,0.0,0.0,0.87,0.05,0.44,,,web,967
Angela's Cafe,"East Boston, Massachusetts",2012-10-29,jev-1.13.0,v2,,Other,1.0,0.0,0.0,0.0,1.0,0.08,0.05,0.26,Mexican & Latin,1.0,foodiepie,1008
Aunt Carrie's,"Narragansett, Rhode Island",2012-10-29,jev-1.13.0,v2,,Drive-In,0.34,0.03,0.5,0.22,0.25,0.18,0.52,0.43,,,foodiepie,1039
The Shaved Duck,"St. Louis, Missouri",2012-10-29,jev-1.13.0,v2,,Other,1.0,0.0,0.0,0.0,1.0,0.18,0.07,0.33,BBQ & smokehouses,0.71,foodiepie,1079
Dressel's Public House,"St. Louis, Missouri",2012-11-05,jev-1.13.0,v2,,Dive,0.83,0.0,0.0,0.87,0.13,0.12,0.02,0.52,,,foodiepie,1153
Edgewood Cafe,"Cranston, Rhode Island",2012-11-05,jev-1.13.0,v2,,Other,0.87,0.1,0.0,0.0,0.9,0.29,0.02,0.15,New American bistros,0.95,foodiepie,1024
Outer Banks Brewing Station,"Kill Devil Hills, North Carolina",2012-11-05,jev-1.13.0,v2,,Other,0.93,0.0,0.0,0.05,0.95,0.12,0.05,0.37,Brewpubs & bars,0.97,foodiepie,1029
Espino's Mexican Bar and Grill,"Chesterfield, Missouri",2012-11-12,jev-1.13.0,v2,,Other,0.81,0.0,0.0,0.14,0.86,0.06,0.05,0.49,Mexican & Latin,1.0,foodiepie,989
Kitty Hoynes,"Syracuse, New York",2012-11-12,jev-1.13.0,v2,,Dive,0.78,0.0,0.0,0.84,0.16,0.11,0.02,0.61,,,foodiepie,1044
Yankee Lobster Company,"Boston, Massachusetts",2012-11-12,jev-1.13.0,v2,,Other,0.94,0.01,0.0,0.03,0.96,0.13,0.05,0.28,Seafood,1.0,foodiepie,988
Byblos Mediterranean Cafe,"Syracuse, New York",2012-12-10,jev-1.13.0,v2,,Other,1.0,0.0,0.0,0.0,1.0,0.04,0.04,0.2,Global kitchens,1.0,foodiepie,1027
Highway 61 Roadhouse and Kitchen,"Webster Groves, Missouri",2012-12-10,jev-1.13.0,v2,,Other,0.94,0.0,0.0,0.04,0.96,0.11,0.04,0.33,"Southern, Cajun & soul",1.0,foodiepie,1113
Brine and Bottle,"Nags Head, North Carolina",2012-12-17,jev-1.13.0,v2,,Other,0.98,0.0,0.0,0.01,0.99,0.09,0.04,0.15,Brewpubs & bars,0.96,foodiepie,1060
Pastabilities,"Syracuse, New York",2012-12-17,jev-1.13.0,v2,,Other,1.0,0.0,0.0,0.0,1.0,0.06,0.02,0.18,Pizza & Italian,1.0,foodiepie,1162
Cravings,"Duck, North Carolina",2012-12-24,jev-1.13.0,v2,,Dive,0.87,0.0,0.08,0.9,0.02,0.27,0.52,0.74,,,foodiepie,1115
Funk 'n Waffles,"Syracuse, New York",2012-12-24,jev-1.13.0,v2,,Dive,0.47,0.3,0.0,0.61,0.09,0.41,0.03,0.54,,,foodiepie,1100
La Isla Restaurant,"Hoboken, New Jersey",2012-12-24,jev-1.13.0,v2,,Other,0.99,0.0,0.0,0.0,1.0,0.11,0.04,0.35,Mexican & Latin,1.0,foodiepie,1084
Ortegaz' Southwestern Grill,"Manteo, North Carolina",2013-01-07,jev-1.13.0,v2,,Other,1.0,0.0,0.0,0.0,1.0,0.11,0.04,0.25,Mexican & Latin,0.98,foodiepie,1037
The Smoke Joint,"Brooklyn, New York City, New York",2013-01-07,jev-1.13.0,v2,,Other,0.98,0.0,0.0,0.01,0.99,0.08,0.07,0.32,BBQ & smokehouses,1.0,foodiepie,1057
Jimmy's Diner,"Brooklyn, New York City, New York",2013-01-14,jev-1.13.0,v2,Diner,Diner,1.0,1.0,0.0,0.0,0.0,0.91,0.03,0.34,,,foodiepie,1077
The Weeping Radish,"Jarvisburg, North Carolina",2013-01-14,jev-1.13.0,v2,,Other,0.92,0.0,0.0,0.06,0.94,0.25,0.11,0.56,Brewpubs & bars,1.0,foodiepie,1091
Darby's Cafe,"Olympia, Washington",2013-01-21,jev-1.13.0,v2,,Diner,1.0,1.0,0.0,0.0,0.0,0.93,0.05,0.35,,,foodiepie,1112
Marie's Italian Specialties,"Chatham, New Jersey",2013-01-21,jev-1.13.0,v2,,Other,0.96,0.02,0.0,0.01,0.97,0.19,0.09,0.27,Pizza & Italian,0.75,foodiepie,1056
Black Pelican Oceanfront Restaurant,"Kitty Hawk, North Carolina",2013-02-11,jev-1.13.0,v2,,Other,1.0,0.0,0.0,0.0,1.0,0.07,0.02,0.09,Seafood,0.98,foodiepie,1101
Empire Brewing Company,"Syracuse, New York",2013-02-11,jev-1.13.0,v2,,Other,0.99,0.0,0.0,0.01,0.99,0.06,0.02,0.27,Brewpubs & bars,1.0,web,975
Fish Tale Brew Pub,"Olympia, Washington",2013-02-11,jev-1.13.0,v2,,Other,0.62,0.0,0.0,0.28,0.72,0.16,0.02,0.44,Brewpubs & bars,1.0,foodiepie,1033
Crockett's Public House,"Puyallup, Washington",2013-02-18,jev-1.13.0,v2,,Dive,0.6,0.02,0.0,0.7,0.28,0.25,0.04,0.43,,,foodiepie,1069
Pies 'N' Thighs,"Brooklyn, New York City, New York",2013-02-18,jev-1.13.0,v2,,Other,0.68,0.24,0.0,0.0,0.76,0.47,0.06,0.2,"Southern, Cajun & soul",1.0,foodiepie,1115
Bruno's European Restaurant,"Tacoma, Washington",2013-02-24,jev-1.13.0,v2,,Other,1.0,0.0,0.0,0.0,1.0,0.09,0.02,0.41,Global kitchens,1.0,foodiepie,1038
Eva's European Sweets,"Syracuse, New York",2013-02-24,jev-1.13.0,v2,,Other,0.98,0.01,0.0,0.0,0.99,0.17,0.05,0.47,Global kitchens,0.97,foodiepie,997
Hey Meatball,"Toronto, Ontario, Canada",2013-02-24,jev-1.13.0,v2,,Dive,0.53,0.03,0.0,0.65,0.32,0.18,0.04,0.43,,,foodiepie,1081
Crown Bar,"Tacoma, Washington",2013-03-04,jev-1.13.0,v2,,Dive,0.6,0.0,0.0,0.7,0.3,0.05,0.02,0.38,,,foodiepie,1030
The Golden State,"Los Angeles, California",2013-03-04,jev-1.13.0,v2,,Dive,0.37,0.14,0.0,0.52,0.34,0.32,0.13,0.41,,,foodiepie,1089
Beer Belly,"Los Angeles, California",2013-03-11,jev-1.13.0,v2,,Other,0.79,0.0,0.0,0.16,0.84,0.08,0.02,0.18,Brewpubs & bars,1.0,foodiepie,1141
Lakeview Restaurant,"Toronto, Ontario, Canada",2013-03-11,jev-1.13.0,v2,,Diner,1.0,1.0,0.0,0.0,0.0,0.93,0.05,0.46,,,foodiepie,1063
The Ace,"Toronto, Ontario, Canada",2013-03-18,jev-1.13.0,v2,,Diner,1.0,1.0,0.0,0.0,0.0,0.91,0.05,0.17,,,foodiepie,1113
Tortugas' Lie,"Nags Head, North Carolina",2013-03-18,jev-1.13.0,v2,,Dive,0.65,0.0,0.0,0.74,0.26,0.08,0.07,0.48,,,foodiepie,1066
Caplansky's Deli,"Toronto, Ontario, Canada",2013-03-25,jev-1.13.0,v2,,Other,0.97,0.02,0.0,0.0,0.98,0.39,0.06,0.36,Sandwiches & delis,1.0,foodiepie,1071
Chomp Chomp Nation,"Irvine, California",2013-03-25,jev-1.13.0,v2,,Other,0.75,0.01,0.18,0.0,0.81,0.14,0.34,0.24,Global kitchens,0.9,foodiepie,1058
Dirty Oscar's Annex,"Tacoma, Washington",2013-04-22,jev-1.13.0,v2,,Dive,0.77,0.01,0.0,0.83,0.16,0.26,0.03,0.47,,,foodiepie,1063
Highland Tavern,"Denver, Colorado",2013-04-22,jev-1.13.0,v2,,Dive,0.99,0.0,0.0,0.99,0.01,0.23,0.03,0.63,,,foodiepie,1183
Chili John's,"Burbank, California",2013-04-29,jev-1.13.0,v2,,Diner,1.0,1.0,0.0,0.0,0.0,0.83,0.16,0.68,,,foodiepie,1042
Sidecar Bar and Grille,"Philadelphia, Pennsylvania",2013-04-29,jev-1.13.0,v2,,Other,0.49,0.01,0.0,0.37,0.62,0.17,0.02,0.2,Brewpubs & bars,1.0,foodiepie,1033
Stockyards Smokehouse and Larder,"Toronto, Ontario, Canada",2013-04-29,jev-1.13.0,v2,,Other,0.51,0.36,0.0,0.0,0.64,0.59,0.07,0.26,BBQ & smokehouses,0.98,foodiepie,1089
Atomic Cowboy,"Denver, Colorado",2013-05-06,jev-1.13.0,v2,,Dive,0.35,0.02,0.0,0.51,0.47,0.25,0.06,0.6,,,foodiepie,1078
Perk Eatery,"Scottsdale, Arizona",2013-05-06,jev-1.13.0,v2,,Diner,1.0,1.0,0.0,0.0,0.0,0.88,0.05,0.29,,,foodiepie,1099
South Philadelphia Tap Room,"Philadelphia, Pennsylvania",2013-05-13,jev-1.13.0,v2,,Other,0.55,0.0,0.0,0.33,0.67,0.14,0.03,0.39,Brewpubs & bars,1.0,foodiepie,1105
St. Francis,"Phoenix, Arizona",2013-05-13,jev-1.13.0,v2,,Other,0.97,0.02,0.0,0.0,0.98,0.19,0.03,0.1,New American bistros,0.99,foodiepie,1103
Barrio Cafe,"Phoenix, Arizona",2013-05-20,jev-1.13.0,v2,,Other,1.0,0.0,0.0,0.0,1.0,0.05,0.02,0.13,Mexican & Latin,1.0,foodiepie,1174
Rosedale Diner,"Toronto, Ontario, Canada",2013-05-20,jev-1.13.0,v2,Diner,Diner,1.0,1.0,0.0,0.0,0.0,0.83,0.04,0.42,,,foodiepie,1043
Bludso's Bar & Que,"Los Angeles, California",2013-05-27,jev-1.13.0,v2,,Other,0.94,0.0,0.0,0.04,0.96,0.13,0.09,0.52,BBQ & smokehouses,1.0,foodiepie,1081
Hops & Pie,"Denver, Colorado",2013-05-27,jev-1.13.0,v2,,Other,0.95,0.0,0.0,0.04,0.96,0.13,0.05,0.38,Brewpubs & bars,0.53,foodiepie,1047
Percy Street Barbecue,"Philadelphia, Pennsylvania",2013-05-27,jev-1.13.0,v2,,Other,1.0,0.0,0.0,0.0,1.0,0.1,0.17,0.35,BBQ & smokehouses,1.0,foodiepie,1061
Curry Corner,"Tempe, Arizona",2013-06-17,jev-1.13.0,v2,,Other,1.0,0.0,0.0,0.0,1.0,0.03,0.07,0.33,Global kitchens,1.0,foodiepie,1030
Prohibition,"Denver, Colorado",2013-06-17,jev-1.13.0,v2,,Other,0.98,0.0,0.0,0.01,0.99,0.09,0.02,0.08,Brewpubs & bars,0.94,foodiepie,988
Standard Tap,"Philadelphia, Pennsylvania",2013-06-17,jev-1.13.0,v2,,Other,0.36,0.0,0.0,0.47,0.53,0.16,0.02,0.35,Brewpubs & bars,1.0,foodiepie,1027
CoraFaye's Café,"Denver, Colorado",2013-06-24,jev-1.13.0,v2,,Other,0.6,0.22,0.0,0.08,0.7,0.34,0.06,0.54,"Southern, Cajun & soul",1.0,foodiepie,1038
"DeFalco's Italian Eatery, Grocery & Deli","Scottsdale, Arizona",2013-06-24,jev-1.13.0,v2,,Other,1.0,0.0,0.0,0.0,1.0,0.15,0.08,0.38,Sandwiches & delis,0.88,foodiepie,1069
Jamaican Jerk Hut,"Philadelphia, Pennsylvania",2013-06-24,jev-1.13.0,v2,,Other,1.0,0.0,0.0,0.0,1.0,0.04,0.18,0.26,Mexican & Latin,0.99,foodiepie,1014
Geechee Girl Rice Cafe,"Philadelphia, Pennsylvania",2013-07-01,jev-1.13.0,v2,,Other,0.99,0.01,0.0,0.0,0.99,0.18,0.05,0.15,"Southern, Cajun & soul",1.0,foodiepie,1103
Haggo's Organic Taco,"Leucadia, California",2013-07-01,jev-1.13.0,v2,,Dive,0.74,0.0,0.03,0.81,0.16,0.05,0.4,0.42,,,foodiepie,1017
The Duce,"Phoenix, Arizona",2013-07-01,jev-1.13.0,v2,,Other,0.62,0.08,0.0,0.21,0.71,0.22,0.05,0.31,New American bistros,0.9,foodiepie,1054
Eastside Market Italian Deli,"Los Angeles, California",2013-07-08,jev-1.13.0,v2,,Other,1.0,0.0,0.0,0.0,1.0,0.19,0.07,0.48,Sandwiches & delis,1.0,foodiepie,1067
The Park's Finest BBQ,"Los Angeles, California",2013-07-08,jev-1.13.0,v2,,Other,1.0,0.0,0.0,0.0,1.0,0.1,0.07,0.2,BBQ & smokehouses,1.0,foodiepie,1177
OB Noodle House,"Ocean Beach, San Diego, California",2013-08-05,jev-1.13.0,v2,,Other,0.58,0.0,0.0,0.31,0.6900000000000001,0.06,0.04,0.47,Global kitchens,0.73,foodiepie,1100
Nopalito,"San Francisco, California",2013-08-12,jev-1.13.0,v2,,Other,1.0,0.0,0.0,0.0,1.0,0.04,0.05,0.15,Mexican & Latin,1.0,foodiepie,1084
Shirley's Tippy Canoe,"Troutdale, Oregon",2013-08-12,jev-1.13.0,v2,,Diner,0.86,0.89,0.0,0.1,0.01,0.77,0.06,0.44,,,foodiepie,1156
Spirito's Italian Diner,"Carlsbad, California",2013-08-12,jev-1.13.0,v2,Diner,Diner,0.4,0.55,0.0,0.0,0.45,0.44,0.04,0.34,,,foodiepie,1013
Edelweiss Sausage & Delicatessen,"Portland, Oregon",2013-08-19,jev-1.13.0,v2,,Other,1.0,0.0,0.0,0.0,1.0,0.12,0.06,0.26,Sandwiches & delis,0.72,foodiepie,1080
Pica Pica,"San Francisco, California",2013-08-19,jev-1.13.0,v2,,Other,1.0,0.0,0.0,0.0,1.0,0.05,0.08,0.19,Mexican & Latin,1.0,foodiepie,1116
Crest Café,"San Diego, California",2013-08-26,jev-1.13.0,v2,,Diner,1.0,1.0,0.0,0.0,0.0,0.93,0.07,0.38,,,foodiepie,1056
Industrial Cafe and Saloon,"Portland, Oregon",2013-08-26,jev-1.13.0,v2,,Diner,0.88,0.91,0.0,0.09,0.0,0.84,0.05,0.77,,,foodiepie,1015
Show Dogs,"San Francisco, California",2013-08-26,jev-1.13.0,v2,,Other,0.4,0.44,0.0,0.0,0.56,0.47,0.05,0.13,Sandwiches & delis,0.58,foodiepie,1087
The Country Cat,"Portland, Oregon",2013-09-02,jev-1.13.0,v2,,Other,0.71,0.21,0.0,0.0,0.79,0.37,0.03,0.19,New American bistros,0.88,foodiepie,1160
The Refuge,"San Carlos, California",2013-09-02,jev-1.13.0,v2,,Other,0.99,0.0,0.0,0.01,0.99,0.13,0.03,0.08,Brewpubs & bars,1.0,foodiepie,1129
KoJa Kitchen,"San Francisco, California",2013-09-09,jev-1.13.0,v2,,Other,0.99,0.0,0.01,0.0,0.99,0.05,0.12,0.27,Global kitchens,0.99,foodiepie,1032
Miller's East Coast Deli,"San Francisco, California",2013-09-09,jev-1.13.0,v2,,Other,0.92,0.06,0.0,0.0,0.94,0.55,0.05,0.34,Sandwiches & delis,1.0,foodiepie,1045
The Front Porch,"San Francisco, California",2013-09-09,jev-1.13.0,v2,,Other,0.98,0.02,0.0,0.0,0.98,0.19,0.03,0.19,"Southern, Cajun & soul",1.0,foodiepie,1075
A Taste of Home Cooking,"Wheat Ridge, Colorado",2013-09-16,jev-1.13.0,v2,,Other,0.58,0.26,0.01,0.05,0.68,0.31,0.15,0.38,Pizza & Italian,0.43,foodiepie,1022
PDX671,"Portland, Oregon",2013-09-16,jev-1.13.0,v2,,Drive-In,0.94,0.0,0.96,0.0,0.04,0.03,0.91,0.54,,,web,992
Senor Sisig Food Truck,"San Francisco, California",2013-09-16,jev-1.13.0,v2,,Drive-In,0.98,0.0,0.99,0.0,0.01,0.03,0.95,0.38,,,foodiepie,1027
Casa Chimayo Restaurant,"Santa Fe, New Mexico",2013-10-21,jev-1.13.0,v2,,Other,0.98,0.0,0.0,0.01,0.99,0.07,0.04,0.37,Mexican & Latin,1.0,foodiepie,1032
Frank's Noodle House,"Portland, Oregon",2013-10-21,jev-1.13.0,v2,,Other,1.0,0.0,0.0,0.0,1.0,0.04,0.04,0.32,Global kitchens,1.0,foodiepie,1068
Torinos,"Albuquerque, New Mexico",2013-10-21,jev-1.13.0,v2,,Other,1.0,0.0,0.0,0.0,1.0,0.02,0.01,0.12,Pizza & Italian,1.0,foodiepie,1069
Bocadillos,"Albuquerque, New Mexico",2013-10-28,jev-1.13.0,v2,,Diner,0.38,0.55,0.0,0.03,0.42,0.47,0.09,0.54,,,foodiepie,1084
Jambo Cafe,"Santa Fe, New Mexico",2013-10-28,jev-1.13.0,v2,,Other,1.0,0.0,0.0,0.0,1.0,0.05,0.05,0.17,Global kitchens,0.99,foodiepie,1051
Back Street Bistro,"Santa Fe, New Mexico",2013-11-18,jev-1.13.0,v2,,Other,0.97,0.02,0.0,0.0,0.98,0.26,0.02,0.19,New American bistros,0.98,foodiepie,992
Danny Edward's BBQ,"Kansas City, Missouri",2013-11-18,jev-1.13.0,v2,,Other,0.99,0.0,0.01,0.0,0.99,0.13,0.27,0.46,BBQ & smokehouses,1.0,foodiepie,1041
Golden Crown Restaurant,"Albuquerque, New Mexico",2013-11-18,jev-1.13.0,v2,,Other,1.0,0.0,0.0,0.0,1.0,0.12,0.07,0.28,"Bakeries, cafes & desserts",1.0,foodiepie,1065
BB's Lawnside BBQ,"Kansas City, Missouri",2013-11-25,jev-1.13.0,v2,,Other,0.7,0.0,0.0,0.23,0.77,0.11,0.11,0.64,BBQ & smokehouses,1.0,foodiepie,1052
Nexus Brewery,"Albuquerque, New Mexico",2013-11-25,jev-1.13.0,v2,,Other,0.97,0.0,0.0,0.02,0.98,0.17,0.06,0.4,Brewpubs & bars,0.56,foodiepie,1031
Tin Shed Garden Cafe,"Portland, Oregon",2013-11-25,jev-1.13.0,v2,,Diner,0.57,0.67,0.0,0.01,0.32,0.5,0.05,0.21,,,foodiepie,1077
Cupini's,"Kansas City, Missouri",2013-12-02,jev-1.13.0,v2,,Other,1.0,0.0,0.0,0.0,1.0,0.05,0.03,0.13,Pizza & Italian,1.0,foodiepie,1054
Succotash,"Kansas City, Missouri",2013-12-02,jev-1.13.0,v2,,Diner,0.99,0.99,0.0,0.0,0.01,0.77,0.04,0.31,,,foodiepie,1168
The Cube,"Albuquerque, New Mexico",2013-12-02,jev-1.13.0,v2,,Other,0.97,0.0,0.01,0.01,0.98,0.2,0.2,0.37,BBQ & smokehouses,1.0,foodiepie,1074
Asi y Asado,"Cabo San Lucas, Mexico",2013-12-09,jev-1.13.0,v2,,Dive,0.82,0.0,0.13,0.86,0.01,0.04,0.84,0.86,,,web,989
Solomon's Landing,"Cabo San Lucas, Mexico",2013-12-09,jev-1.13.0,v2,,Other,1.0,0.0,0.0,0.0,1.0,0.11,0.01,0.07,Breakfast & brunch,0.92,web,981
Tiki Bar,"Cabo San Lucas, Mexico",2013-12-09,jev-1.13.0,v2,,Other,0.62,0.0,0.0,0.28,0.72,0.03,0.05,0.28,Brewpubs & bars,0.83,web,980
Center Point Pit Barbecue,"Hendersonville, Tennessee",2013-12-16,jev-1.13.0,v2,,Other,1.0,0.0,0.0,0.0,1.0,0.14,0.09,0.36,BBQ & smokehouses,1.0,foodiepie,1123
Mas Tacos,"Nashville, Tennessee",2013-12-16,jev-1.13.0,v2,,Dive,0.35,0.0,0.07,0.51,0.42,0.04,0.42,0.51,,,foodiepie,1144
Blue Koi,"Kansas City, Missouri",2013-12-23,jev-1.13.0,v2,,Other,1.0,0.0,0.0,0.0,1.0,0.03,0.04,0.22,Global kitchens,1.0,foodiepie,1133
Caffe Nonna,"Nashville, Tennessee",2013-12-23,jev-1.13.0,v2,,Other,1.0,0.0,0.0,0.0,1.0,0.07,0.03,0.12,Pizza & Italian,0.99,foodiepie,1031
The Grilled Cheeserie,"Nashville, Tennessee",2013-12-23,jev-1.13.0,v2,,Other,0.37,0.13,0.34,0.0,0.53,0.22,0.39,0.18,Sandwiches & delis,1.0,foodiepie,1065
55 South,"Franklin, Tennessee",2013-12-30,jev-1.13.0,v2,,Other,0.43,0.02,0.0,0.4,0.58,0.22,0.05,0.39,"Southern, Cajun & soul",1.0,foodiepie,1062
Phat Bites,"Nashville, Tennessee",2013-12-30,jev-1.13.0,v2,,Other,0.28,0.19,0.0,0.34,0.47000000000000003,0.26,0.06,0.45,New American bistros,0.54,foodiepie,1091
Pot Pie,"Kansas City, Missouri",2013-12-30,jev-1.13.0,v2,,Diner,0.62,0.71,0.0,0.01,0.28,0.37,0.05,0.32,,,foodiepie,984
Clendenen's Cider Works,"Fortuna, California",2014-02-07,jev-1.13.0,v2,,Other,0.97,0.0,0.02,0.0,0.98,0.06,0.28,0.22,Butchers & markets,0.83,foodiepie,1008
Ferndale Meat Co.,"Ferndale, California",2014-02-07,jev-1.13.0,v2,,Other,0.99,0.0,0.0,0.0,1.0,0.05,0.16,0.41,Butchers & markets,1.0,foodiepie,989
Humboldt Sweets,"Ferndale, California",2014-02-07,jev-1.13.0,v2,,Other,0.99,0.0,0.0,0.0,1.0,0.14,0.06,0.13,"Bakeries, cafes & desserts",1.0,foodiepie,1022
Ivanhoe,"Ferndale, California",2014-02-07,jev-1.13.0,v2,,Other,0.99,0.0,0.0,0.0,1.0,0.11,0.02,0.15,Pizza & Italian,0.71,foodiepie,1067
Loleta Cheese Shop,"Loleta, California",2014-02-07,jev-1.13.0,v2,,Other,1.0,0.0,0.0,0.0,1.0,0.02,0.07,0.12,Butchers & markets,1.0,foodiepie,988
Pretzel Cart,"Ferndale, California",2014-02-07,jev-1.13.0,v2,,Drive-In,0.94,0.0,0.95,0.0,0.05,0.02,0.81,0.21,,,web,980
Black Tree,"Manhattan, New York City, New York",2014-02-14,jev-1.13.0,v2,,Other,0.97,0.02,0.0,0.0,0.98,0.15,0.02,0.08,Sandwiches & delis,0.47,foodiepie,1047
Paul's Live From New York,"Eureka, California",2014-02-14,jev-1.13.0,v2,,Other,1.0,0.0,0.0,0.0,1.0,0.13,0.09,0.32,Pizza & Italian,1.0,foodiepie,1043
Queen's Comfort,"Queens, New York City, New York",2014-02-14,jev-1.13.0,v2,,Diner,0.92,0.95,0.0,0.02,0.03,0.65,0.05,0.36,,,foodiepie,1052
Brick & Fire,"Eureka, California",2014-02-21,jev-1.13.0,v2,,Other,1.0,0.0,0.0,0.0,1.0,0.04,0.03,0.13,Pizza & Italian,0.97,foodiepie,1061
Brindle Room,"Manhattan, New York City, New York",2014-02-21,jev-1.13.0,v2,,Other,0.71,0.17,0.0,0.05,0.78,0.34,0.03,0.21,New American bistros,0.94,foodiepie,1101
Bun-Ker Vietnamese,"Queens, New York City, New York",2014-02-21,jev-1.13.0,v2,,Other,0.73,0.0,0.0,0.2,0.8,0.04,0.04,0.49,Global kitchens,1.0,web,996
Bless My Soul,"Eureka, California",2014-02-28,jev-1.13.0,v2,,Other,1.0,0.0,0.0,0.0,1.0,0.12,0.06,0.25,"Southern, Cajun & soul",1.0,foodiepie,1043
Don Antonio By Starita,"Manhattan, New York City, New York",2014-02-28,jev-1.13.0,v2,,Other,1.0,0.0,0.0,0.0,1.0,0.03,0.03,0.09,Pizza & Italian,1.0,foodiepie,1077
Sakaya Kitchen,"Miami, Florida",2014-02-28,jev-1.13.0,v2,,Other,1.0,0.0,0.0,0.0,1.0,0.1,0.1,0.22,Global kitchens,0.99,foodiepie,1068
Café Nooner,"Eureka, California",2014-03-07,jev-1.13.0,v2,,Other,0.81,0.14,0.0,0.01,0.85,0.33,0.08,0.31,New American bistros,0.4,foodiepie,1092
Duck's Eatery,"Manhattan, New York City, New York",2014-03-07,jev-1.13.0,v2,,Other,1.0,0.0,0.0,0.0,1.0,0.1,0.02,0.17,New American bistros,0.41,foodiepie,1071
Whisk Gourmet,"Miami, Florida",2014-03-07,jev-1.13.0,v2,,Other,1.0,0.0,0.0,0.0,1.0,0.16,0.03,0.11,"Southern, Cajun & soul",0.86,foodiepie,1022
Badboy Burrito,"Key West, Florida",2014-03-14,jev-1.13.0,v2,,Other,0.72,0.0,0.0,0.21,0.79,0.05,0.12,0.36,Mexican & Latin,1.0,foodiepie,1136
Dj's Clam Shack,"Key West, Florida",2014-03-14,jev-1.13.0,v2,,Dive,0.3,0.02,0.17,0.48,0.33,0.21,0.18,0.33,,,foodiepie,1034
Garbo's Grill,"Key West, Florida",2014-03-14,jev-1.13.0,v2,,Drive-In,1.0,0.0,1.0,0.0,0.0,0.1,0.94,0.6,,,foodiepie,1039
Latin House Grill,"Miami, Florida",2014-04-25,jev-1.13.0,v2,,Other,0.98,0.0,0.01,0.0,0.99,0.14,0.2,0.25,Mexican & Latin,1.0,foodiepie,1112
Maxwell's East Coast Eatery,"Salt Lake City, Utah",2014-04-25,jev-1.13.0,v2,,Other,0.84,0.01,0.0,0.12,0.87,0.12,0.03,0.42,Pizza & Italian,1.0,foodiepie,1050
Tin Roof Grill,"Sandy, Utah",2014-04-25,jev-1.13.0,v2,,Other,1.0,0.0,0.0,0.0,1.0,0.14,0.02,0.09,New American bistros,1.0,foodiepie,1126
Blue Collar,"Miami, Florida",2014-05-09,jev-1.13.0,v2,,Other,0.36,0.26,0.0,0.22,0.52,0.35,0.06,0.36,New American bistros,0.52,foodiepie,1114
Sammy's Bistro,"Park City, Utah",2014-05-09,jev-1.13.0,v2,,Other,0.96,0.03,0.0,0.0,0.97,0.33,0.04,0.16,New American bistros,0.99,foodiepie,1065
The Silver Star Café,"Park City, Utah",2014-05-09,jev-1.13.0,v2,,Other,0.87,0.1,0.0,0.0,0.9,0.3,0.02,0.14,New American bistros,0.92,foodiepie,1098
Aristo's,"Salt Lake City, Utah",2014-05-16,jev-1.13.0,v2,,Other,1.0,0.0,0.0,0.0,1.0,0.03,0.03,0.08,Global kitchens,1.0,foodiepie,1086
Boot's and Kimo's Homestyle Kitchen,"Kailua, Hawaii",2014-05-16,jev-1.13.0,v2,,Other,0.54,0.31,0.0,0.03,0.66,0.38,0.07,0.45,Global kitchens,0.88,foodiepie,1072
Oh Mai,"Holladay, Utah",2014-05-16,jev-1.13.0,v2,,Other,0.96,0.0,0.01,0.03,0.96,0.09,0.2,0.41,Sandwiches & delis,0.78,web,982
Dean's Drive Inn,"Kaneohe, Hawaii",2014-05-23,jev-1.13.0,v2,,Drive-In,0.95,0.01,0.97,0.0,0.02,0.34,0.8,0.44,,,foodiepie,1109
Elena's Restaurant,"Waipahu, Hawaii",2014-05-23,jev-1.13.0,v2,,Other,0.96,0.0,0.02,0.01,0.97,0.09,0.24,0.4,Global kitchens,1.0,foodiepie,1132
Uahi Island Grill,"Kailua, Hawaii",2014-05-23,jev-1.13.0,v2,,Other,1.0,0.0,0.0,0.0,1.0,0.03,0.04,0.1,Global kitchens,1.0,foodiepie,1050
Mike's Huli Huli Chicken,"Kaneohe, Hawaii",2014-05-30,jev-1.13.0,v2,,Drive-In,0.98,0.0,0.99,0.0,0.01,0.07,0.9,0.64,,,foodiepie,1055
Tamarindo Truck,"Orange County, California",2014-05-30,jev-1.13.0,v2,,Drive-In,0.97,0.0,0.98,0.0,0.02,0.03,0.95,0.47,,,foodiepie,1147
The Federal,"Miami, Florida",2014-05-30,jev-1.13.0,v2,,Other,1.0,0.0,0.0,0.0,1.0,0.1,0.01,0.09,Brewpubs & bars,0.46,web,976
Fat Sal's Deli,"Los Angeles, California",2014-06-06,jev-1.13.0,v2,,Other,0.94,0.04,0.0,0.01,0.95,0.34,0.11,0.33,Sandwiches & delis,1.0,foodiepie,1130
Loulou's Griddle In The Middle,"Monterey, California",2014-06-06,jev-1.13.0,v2,,Diner,0.7,0.77,0.0,0.05,0.18,0.56,0.13,0.37,,,foodiepie,1058
The Alley Restaurant At Aiea Bowl,"Aiea, Hawaii",2014-06-06,jev-1.13.0,v2,,Other,0.33,0.14,0.0,0.37,0.49,0.32,0.05,0.59,Global kitchens,0.73,foodiepie,1111
Cafe Polonia,"Boston, Massachusetts",2014-09-05,jev-1.13.0,v2,,Other,1.0,0.0,0.0,0.0,1.0,0.09,0.02,0.16,Global kitchens,1.0,foodiepie,1034
Deep Ellum,"Allston, Massachusetts",2014-09-05,jev-1.13.0,v2,,Other,0.45,0.02,0.0,0.39,0.59,0.23,0.02,0.36,Brewpubs & bars,0.86,foodiepie,1076
Lone Star Taco Bar,"Allston, Massachusetts",2014-09-05,jev-1.13.0,v2,,Other,0.35,0.0,0.0,0.48,0.52,0.05,0.05,0.35,Mexican & Latin,0.98,foodiepie,1083
Monterey Fish House,"Monterey, California",2014-09-05,jev-1.13.0,v2,,Other,0.99,0.0,0.0,0.01,0.99,0.05,0.05,0.26,Seafood,1.0,foodiepie,1032
Rutt's Hawaiian Cafe,"Los Angeles, California",2014-09-05,jev-1.13.0,v2,,Other,0.79,0.12,0.0,0.04,0.84,0.37,0.1,0.5,Global kitchens,1.0,foodiepie,1025
Sabroso Mexican Grill,"Garden Grove, California",2014-09-05,jev-1.13.0,v2,,Other,0.99,0.0,0.0,0.01,0.99,0.04,0.13,0.42,Mexican & Latin,1.0,foodiepie,998
Blunch,"Boston, Massachusetts",2014-09-12,jev-1.13.0,v2,,Other,0.64,0.26,0.0,0.01,0.73,0.31,0.04,0.31,Sandwiches & delis,0.77,foodiepie,1096
Cafe Genevieve,"Jackson, Wyoming",2014-09-12,jev-1.13.0,v2,,Diner,0.95,0.96,0.0,0.0,0.04,0.77,0.04,0.18,,,foodiepie,1057
Melt Eclectic Cafe,"Cincinnati, Ohio",2014-09-12,jev-1.13.0,v2,,Diner,0.45,0.59,0.0,0.0,0.41,0.54,0.06,0.18,,,foodiepie,1141
Rosine's Restaurant,"Monterey, California",2014-09-12,jev-1.13.0,v2,,Other,0.98,0.01,0.0,0.0,0.99,0.2,0.03,0.26,Pizza & Italian,1.0,foodiepie,1059
Saus,"Boston, Massachusetts",2014-09-12,jev-1.13.0,v2,,Other,0.38,0.12,0.01,0.34,0.53,0.31,0.2,0.4,Sandwiches & delis,0.97,foodiepie,1090
Sidewinder's American Grill,"Jackson, Wyoming",2014-09-12,jev-1.13.0,v2,,Other,0.61,0.01,0.0,0.28,0.71,0.17,0.01,0.3,Brewpubs & bars,0.99,web,999
Cannery Row Brewing Company,"Monterey, California",2014-09-19,jev-1.13.0,v2,,Other,0.97,0.0,0.0,0.02,0.98,0.16,0.02,0.22,Brewpubs & bars,1.0,foodiepie,1083
From Scratch Restaurant,"Carmel, California",2014-09-19,jev-1.13.0,v2,,Diner,1.0,1.0,0.0,0.0,0.0,0.86,0.06,0.28,,,foodiepie,1063
Pinky G's Pizzeria,"Jackson, Wyoming",2014-09-19,jev-1.13.0,v2,,Other,1.0,0.0,0.0,0.0,1.0,0.07,0.1,0.29,Pizza & Italian,1.0,foodiepie,1099
Shorty's Pizza and Smoked Meat,"Superior, Wisconsin",2014-09-19,jev-1.13.0,v2,,Other,0.41,0.0,0.0,0.44,0.56,0.23,0.15,0.62,Pizza & Italian,0.72,foodiepie,1001
The Starling Diner,"Long Beach, California",2014-09-19,jev-1.13.0,v2,Diner,Diner,1.0,1.0,0.0,0.0,0.0,0.84,0.05,0.22,,,foodiepie,1062
Trina's Starlite Lounge,"Somerville, Massachusetts",2014-09-19,jev-1.13.0,v2,,Dive,0.99,0.01,0.0,0.99,0.0,0.34,0.04,0.72,,,foodiepie,1042
Casa Razdora,"Boston, Massachusetts",2014-09-26,jev-1.13.0,v2,,Other,1.0,0.0,0.0,0.0,1.0,0.05,0.06,0.24,Pizza & Italian,1.0,foodiepie,1074
Factory Gastrobar,"Long Beach, California",2014-09-26,jev-1.13.0,v2,,Other,0.71,0.01,0.0,0.21,0.78,0.22,0.04,0.31,Brewpubs & bars,0.9,foodiepie,979
Island Frydays,"Cincinnati, Ohio",2014-09-26,jev-1.13.0,v2,,Other,1.0,0.0,0.0,0.0,1.0,0.04,0.07,0.29,Mexican & Latin,1.0,foodiepie,1023
Little Napoli,"Carmel, California",2014-09-26,jev-1.13.0,v2,,Other,1.0,0.0,0.0,0.0,1.0,0.12,0.04,0.14,Pizza & Italian,1.0,foodiepie,1069
Pak's Green Corner,"Duluth, Minnesota",2014-09-26,jev-1.13.0,v2,,Other,1.0,0.0,0.0,0.0,1.0,0.04,0.11,0.29,Global kitchens,1.0,foodiepie,950
Pica's Mexican Taqueria,"Jackson, Wyoming",2014-09-26,jev-1.13.0,v2,,Dive,0.44,0.0,0.0,0.58,0.42,0.04,0.15,0.58,,,foodiepie,1004
Junkyard Extreme Burgers and Brats,"Junction City, Oregon",2014-10-03,jev-1.13.0,v2,,Drive-In,0.83,0.01,0.87,0.12,0.0,0.36,0.72,0.83,,,foodiepie,1069
Kounty Quarthouse,"South Range, Wisconsin",2014-10-03,jev-1.13.0,v2,,Dive,0.97,0.0,0.0,0.98,0.02,0.26,0.08,0.65,,,foodiepie,1042
Lotus Cafe,"Jackson, Wyoming",2014-10-03,jev-1.13.0,v2,,Other,0.97,0.02,0.0,0.0,0.98,0.19,0.04,0.14,Global kitchens,0.99,foodiepie,1093
Nora's Fish Creek Inn,"Wilson, Wyoming",2014-10-03,jev-1.13.0,v2,,Other,0.53,0.35,0.0,0.0,0.65,0.46,0.03,0.14,Breakfast & brunch,0.91,foodiepie,1026
Tavern on 2,"Long Beach, California",2014-10-03,jev-1.13.0,v2,,Other,0.36,0.01,0.0,0.47,0.52,0.2,0.03,0.31,Brewpubs & bars,0.99,foodiepie,1051
Wild Plum Cafe & Bistro,"Monterey, California",2014-10-03,jev-1.13.0,v2,,Other,0.98,0.01,0.0,0.0,0.99,0.29,0.02,0.1,New American bistros,0.75,foodiepie,1034
Bakersfield OTR,"Cincinnati, Ohio",2014-10-10,jev-1.13.0,v2,,Dive,0.75,0.0,0.0,0.81,0.19,0.05,0.06,0.54,,,foodiepie,1035
Senate Pub,"Cincinnati, Ohio",2014-10-10,jev-1.13.0,v2,,Other,0.41,0.02,0.0,0.42,0.56,0.22,0.06,0.22,Brewpubs & bars,0.94,foodiepie,1100
Taste of Belgium,"Cincinnati, Ohio",2014-10-10,jev-1.13.0,v2,,Other,0.95,0.02,0.0,0.01,0.97,0.23,0.04,0.32,Global kitchens,0.96,foodiepie,1059
Cornbread Cafe,"Eugene, Oregon",2014-10-31,jev-1.13.0,v2,,Diner,0.99,1.0,0.0,0.0,0.0,0.79,0.12,0.3,,,foodiepie,1062
Delta Diner,"Delta, Wisconsin",2014-10-31,jev-1.13.0,v2,Diner,Diner,1.0,1.0,0.0,0.0,0.0,0.95,0.07,0.42,,,foodiepie,1101
Gannucci's Italian Market,"Duluth, Minnesota",2014-10-31,jev-1.13.0,v2,,Other,0.99,0.0,0.0,0.0,1.0,0.13,0.06,0.5,Pizza & Italian,0.57,foodiepie,1024
Grano's Pasta Bar,"Baltimore, Maryland",2014-11-07,jev-1.13.0,v2,,Other,1.0,0.0,0.0,0.0,1.0,0.05,0.02,0.21,Pizza & Italian,1.0,foodiepie,1036
The Brick House Cafe and Catering,"Cable, Wisconsin",2014-11-07,jev-1.13.0,v2,,Diner,0.81,0.86,0.0,0.0,0.14,0.56,0.06,0.17,,,foodiepie,1082
The Sandwich League,"Eugene, Oregon",2014-11-07,jev-1.13.0,v2,,Drive-In,0.99,0.0,1.0,0.0,0.0,0.08,0.93,0.45,,,foodiepie,1034
Pho Lang Thang,"Cincinnati, Ohio",2014-11-14,jev-1.13.0,v2,,Other,0.92,0.0,0.0,0.06,0.94,0.06,0.12,0.53,Global kitchens,1.0,foodiepie,1080
Slainte Irish Pub and Restaurant,"Baltimore, Maryland",2014-11-14,jev-1.13.0,v2,,Other,0.52,0.0,0.0,0.36,0.64,0.14,0.02,0.21,Brewpubs & bars,0.93,foodiepie,1068
Soup Nation,"Eugene, Oregon",2014-11-14,jev-1.13.0,v2,,Other,0.87,0.1,0.0,0.0,0.9,0.22,0.04,0.22,New American bistros,0.67,foodiepie,1054
Clementine,"Baltimore, Maryland",2014-11-21,jev-1.13.0,v2,,Other,0.97,0.02,0.0,0.0,0.98,0.19,0.02,0.1,New American bistros,1.0,foodiepie,1064
Jimmy's Famous Seafood,"Baltimore, Maryland",2014-11-21,jev-1.13.0,v2,,Other,0.92,0.01,0.0,0.05,0.94,0.12,0.05,0.31,Seafood,1.0,foodiepie,1033
Johnny Rad's,"Baltimore, Maryland",2014-11-21,jev-1.13.0,v2,,Other,0.82,0.0,0.0,0.14,0.86,0.08,0.05,0.43,Pizza & Italian,1.0,foodiepie,1064
Papa's Soul Food Kitchen and BBQ,"Eugene, Oregon",2014-11-28,jev-1.13.0,v2,,Other,1.0,0.0,0.0,0.0,1.0,0.25,0.08,0.32,"Southern, Cajun & soul",0.69,foodiepie,1047
Patton's Restaurant & Catering,"Des Moines, Iowa",2014-11-28,jev-1.13.0,v2,,Other,0.97,0.02,0.0,0.0,0.98,0.23,0.04,0.2,"Southern, Cajun & soul",1.0,foodiepie,1054
Swallow at the Hollow,"Baltimore, Maryland",2014-11-28,jev-1.13.0,v2,,Dive,1.0,0.0,0.0,1.0,0.0,0.21,0.04,0.89,,,foodiepie,1042
Fisherman's Market,"Eugene, Oregon",2014-12-05,jev-1.13.0,v2,,Other,0.99,0.0,0.0,0.01,0.99,0.11,0.06,0.31,Seafood,1.0,foodiepie,1078
Mi Patria Ecuadorian Restaurant,"West Des Moines, Iowa",2014-12-05,jev-1.13.0,v2,,Other,1.0,0.0,0.0,0.0,1.0,0.05,0.06,0.32,Mexican & Latin,1.0,foodiepie,1039
Smokey D's BBQ,"Des Moines, Iowa",2014-12-05,jev-1.13.0,v2,,Other,1.0,0.0,0.0,0.0,1.0,0.13,0.08,0.2,BBQ & smokehouses,1.0,foodiepie,1038
Ernest & Son,"Brigantine, New Jersey",2014-12-12,jev-1.13.0,v2,,Other,0.98,0.0,0.0,0.01,0.99,0.14,0.16,0.47,Butchers & markets,0.7,foodiepie,999
George The Chili King Drive-In,"Des Moines, Iowa",2014-12-12,jev-1.13.0,v2,Drive-In,Drive-In,1.0,0.0,1.0,0.0,0.0,0.73,0.96,0.47,,,foodiepie,1038
Oyster Creek Inn,"Leeds Point, New Jersey",2014-12-12,jev-1.13.0,v2,,Other,0.99,0.0,0.0,0.01,0.99,0.09,0.04,0.19,Seafood,1.0,foodiepie,1039
Flying Mango,"Des Moines, Iowa",2015-01-16,jev-1.13.0,v2,,Other,1.0,0.0,0.0,0.0,1.0,0.16,0.1,0.27,BBQ & smokehouses,1.0,foodiepie,1055
Kelsey & Kim's Southern Cafe,"Atlantic City, New Jersey",2015-01-16,jev-1.13.0,v2,,Diner,0.55,0.67,0.0,0.0,0.33,0.55,0.07,0.36,,,foodiepie,1007
Tacopocalypse,"Des Moines, Iowa",2015-01-16,jev-1.13.0,v2,,Other,0.33,0.0,0.0,0.5,0.5,0.05,0.14,0.38,Mexican & Latin,1.0,foodiepie,1107
La Taverna dei Miracoli da Mangiafuoco,"Pescia, Pistoia, Italy",2015-01-23,jev-1.13.0,v2,,Other,0.81,0.0,0.0,0.14,0.86,0.03,0.02,0.63,Pizza & Italian,1.0,web,985
Port Ellen Clan,"Lucca, Italy",2015-01-23,jev-1.13.0,v2,,Other,1.0,0.0,0.0,0.0,1.0,0.02,0.01,0.1,Pizza & Italian,1.0,web,977
Windows of the World (W.O.W.),"Montecatini Terme, Pistoia, Italy",2015-01-23,jev-1.13.0,v2,,Other,1.0,0.0,0.0,0.0,1.0,0.02,0.01,0.05,Pizza & Italian,0.97,web,1005
Fratelli Briganti,"Florence, Italy",2015-01-30,jev-1.13.0,v2,,Other,1.0,0.0,0.0,0.0,1.0,0.02,0.01,0.13,Pizza & Italian,1.0,web,984
Il Gusta Pizza,"Florence, Italy",2015-01-30,jev-1.13.0,v2,,Other,1.0,0.0,0.0,0.0,1.0,0.04,0.05,0.36,Pizza & Italian,1.0,web,981
La Cucina Del Garga,"Florence, Italy",2015-01-30,jev-1.13.0,v2,,Other,1.0,0.0,0.0,0.0,1.0,0.01,0.01,0.08,Pizza & Italian,1.0,web,974
Andreoli – Italian Grocer,"Scottsdale, Arizona",2015-02-06,jev-1.13.0,v2,,Other,1.0,0.0,0.0,0.0,1.0,0.08,0.04,0.21,Pizza & Italian,0.62,foodiepie,1073
Paradise Valley Burger Co.,"Phoenix, Arizona",2015-02-06,jev-1.13.0,v2,,Other,0.35,0.33,0.05,0.11,0.51,0.3,0.2,0.24,New American bistros,0.84,foodiepie,1115
Tom's Thumb Fresh Market,"Scottsdale, Arizona",2015-02-06,jev-1.13.0,v2,,Dive,0.57,0.03,0.09,0.68,0.2,0.44,0.49,0.74,,,foodiepie,1036
Sal's Gilbert Pizza,"Gilbert, Arizona",2015-02-27,jev-1.13.0,v2,,Other,1.0,0.0,0.0,0.0,1.0,0.07,0.09,0.29,Pizza & Italian,1.0,foodiepie,1030
Salty's BBQ & Catering,"Bakersfield, California",2015-02-27,jev-1.13.0,v2,,Other,0.4,0.0,0.43,0.02,0.55,0.13,0.7,0.56,BBQ & smokehouses,1.0,foodiepie,1029
The Anchorage Tavern,"Somers Point, New Jersey",2015-02-27,jev-1.13.0,v2,,Dive,0.4,0.03,0.0,0.55,0.42,0.21,0.03,0.42,,,foodiepie,1037
Grilled Cheese & Crab Cake Co.,"Somers Point, New Jersey",2015-03-06,jev-1.13.0,v2,,Diner,0.37,0.53,0.0,0.01,0.46,0.39,0.09,0.29,,,foodiepie,1006
KC Steakhouse,"Bakersfield, California",2015-03-06,jev-1.13.0,v2,,Other,0.95,0.0,0.0,0.04,0.96,0.07,0.02,0.3,New American bistros,0.58,foodiepie,1041
Mama Roomba,"Bakersfield, California",2015-03-06,jev-1.13.0,v2,,Other,1.0,0.0,0.0,0.0,1.0,0.05,0.04,0.28,Mexican & Latin,1.0,foodiepie,1034
Carluccio's Coal Fired Pizza,"Northfield, New Jersey",2015-03-13,jev-1.13.0,v2,,Other,1.0,0.0,0.0,0.0,1.0,0.04,0.05,0.23,Pizza & Italian,1.0,foodiepie,1046
Muertos Kitchen & Lounge,"Bakersfield, California",2015-03-13,jev-1.13.0,v2,,Dive,0.66,0.01,0.0,0.74,0.25,0.24,0.04,0.51,,,foodiepie,1054
The Wild Thaiger,"Phoenix, Arizona",2015-03-13,jev-1.13.0,v2,,Other,1.0,0.0,0.0,0.0,1.0,0.03,0.05,0.16,Global kitchens,1.0,foodiepie,1020
24th Street Cafe,"Bakersfield, California",2015-04-17,jev-1.13.0,v2,,Diner,1.0,1.0,0.0,0.0,0.0,0.95,0.05,0.43,,,foodiepie,1052
La Santisima Gourmet Taco Shop,"Phoenix, Arizona",2015-04-17,jev-1.13.0,v2,,Other,0.47,0.0,0.01,0.39,0.6,0.04,0.19,0.31,Mexican & Latin,1.0,foodiepie,1097
Moo Creamery,"Bakersfield, California",2015-04-17,jev-1.13.0,v2,,Diner,0.36,0.52,0.02,0.01,0.45,0.55,0.15,0.3,,,foodiepie,1052
Asian Experience,"Taft, California",2015-04-24,jev-1.13.0,v2,,Other,1.0,0.0,0.0,0.0,1.0,0.03,0.08,0.3,Global kitchens,1.0,foodiepie,1004
Athena's Greek Cafe & Bakery,"Bakersfield, California",2015-04-24,jev-1.13.0,v2,,Other,1.0,0.0,0.0,0.0,1.0,0.08,0.05,0.27,Global kitchens,0.99,foodiepie,1000
Pyrenees Cafe,"Bakersfield, California",2015-04-24,jev-1.13.0,v2,,Other,0.76,0.04,0.0,0.14,0.82,0.3,0.04,0.6,Global kitchens,0.99,foodiepie,1001
Pinky's Westside Grill,"Charlotte, North Carolina",2015-05-01,jev-1.13.0,v2,,Drive-In,0.28,0.32,0.46,0.2,0.02,0.53,0.29,0.7,,,foodiepie,1067
Pit Road Bar & Grill,"Charlotte, North Carolina",2015-05-01,jev-1.13.0,v2,,Other,0.77,0.01,0.0,0.17,0.82,0.18,0.05,0.22,Brewpubs & bars,0.71,foodiepie,1046
The Tin Kitchen Food Truck,"Charlotte, North Carolina",2015-05-01,jev-1.13.0,v2,,Drive-In,0.99,0.0,0.99,0.0,0.01,0.03,0.93,0.24,,,foodiepie,1021
300 East,"Charlotte, North Carolina",2015-05-22,jev-1.13.0,v2,,Other,0.99,0.01,0.0,0.0,0.99,0.17,0.01,0.12,New American bistros,1.0,foodiepie,1056
Biergarten,"Los Angeles, California",2015-05-22,jev-1.13.0,v2,,Other,0.87,0.0,0.0,0.09,0.91,0.09,0.04,0.28,Brewpubs & bars,0.98,foodiepie,1036
Krazy Fish,"Charlotte, North Carolina",2015-05-22,jev-1.13.0,v2,,Dive,0.6,0.01,0.0,0.7,0.29,0.13,0.04,0.52,,,foodiepie,1053
Chichen Itza Restaurant,"Los Angeles, California",2015-05-29,jev-1.13.0,v2,,Other,1.0,0.0,0.0,0.0,1.0,0.03,0.05,0.29,Mexican & Latin,1.0,foodiepie,1046
Guy Fieri's Kitchen and Bar,"Las Vegas, Nevada",2015-05-29,jev-1.13.0,v2,,Other,0.47,0.39,0.0,0.0,0.61,0.49,0.02,0.07,New American bistros,0.65,foodiepie,1155
Those Guys Pies,"Las Vegas, Nevada",2015-05-29,jev-1.13.0,v2,,Other,0.94,0.0,0.0,0.04,0.96,0.17,0.12,0.38,Pizza & Italian,0.97,foodiepie,1068
Cha Cha Chili,"Los Angeles, California",2015-06-05,jev-1.13.0,v2,,Other,0.98,0.0,0.0,0.01,0.99,0.05,0.08,0.26,Mexican & Latin,0.79,foodiepie,1113
Intermezzo Pizzeria and Cafe,"Charlotte, North Carolina",2015-06-05,jev-1.13.0,v2,,Other,1.0,0.0,0.0,0.0,1.0,0.11,0.05,0.25,Pizza & Italian,0.66,foodiepie,1029
The Little Jewel of New Orleans,"Los Angeles, California",2015-06-05,jev-1.13.0,v2,,Other,1.0,0.0,0.0,0.0,1.0,0.18,0.08,0.38,"Southern, Cajun & soul",0.49,foodiepie,1046
Crepe Expectations,"Las Vegas, Nevada",2015-07-17,jev-1.13.0,v2,,Other,0.99,0.01,0.0,0.0,0.99,0.13,0.04,0.12,Breakfast & brunch,0.81,foodiepie,1049
Mert's Heart & Soul,"Charlotte, North Carolina",2015-07-17,jev-1.13.0,v2,,Other,0.67,0.25,0.0,0.0,0.75,0.34,0.06,0.29,"Southern, Cajun & soul",1.0,foodiepie,1041
Tubs Fine Chili,"Culver City, California",2015-07-17,jev-1.13.0,v2,,Diner,0.14,0.36,0.25,0.22,0.17,0.39,0.34,0.55,,,foodiepie,1096
DAE GEE Korean BBQ,"Denver, Colorado",2015-07-24,jev-1.13.0,v2,,Other,1.0,0.0,0.0,0.0,1.0,0.03,0.01,0.28,Global kitchens,0.99,foodiepie,1024
Fat Choy,"Las Vegas, Nevada",2015-07-24,jev-1.13.0,v2,,Diner,0.55,0.66,0.0,0.0,0.34,0.5,0.06,0.24,,,foodiepie,1059
Osaka Japanese Bistro,"Las Vegas, Nevada",2015-07-24,jev-1.13.0,v2,,Other,1.0,0.0,0.0,0.0,1.0,0.02,0.01,0.1,Global kitchens,1.0,foodiepie,1056
Biju's Little Curry Shop,"Denver, Colorado",2015-07-31,jev-1.13.0,v2,,Other,1.0,0.0,0.0,0.0,1.0,0.04,0.16,0.31,Global kitchens,1.0,foodiepie,1032
Cafe Brazil,"Denver, Colorado",2015-07-31,jev-1.13.0,v2,,Other,1.0,0.0,0.0,0.0,1.0,0.07,0.04,0.18,Mexican & Latin,1.0,foodiepie,1033
Folk Art,"Atlanta, Georgia",2015-07-31,jev-1.13.0,v2,,Diner,1.0,1.0,0.0,0.0,0.0,0.89,0.07,0.34,,,foodiepie,1054
Buttermilk Kitchen,"Atlanta, Georgia",2015-08-07,jev-1.13.0,v2,,Other,0.87,0.09,0.0,0.0,0.91,0.26,0.02,0.09,Breakfast & brunch,0.52,foodiepie,1061
Fox Bros Bar-B-Q,"Atlanta, Georgia",2015-08-07,jev-1.13.0,v2,,Other,1.0,0.0,0.0,0.0,1.0,0.17,0.11,0.29,BBQ & smokehouses,1.0,foodiepie,1141
Restaurant 415,"Fort Collins, Colorado",2015-08-07,jev-1.13.0,v2,,Other,0.86,0.06,0.0,0.04,0.9,0.24,0.03,0.25,New American bistros,0.98,foodiepie,1026
Andale,"Richfield, Minnesota",2015-08-28,jev-1.13.0,v2,,Other,0.53,0.0,0.0,0.35,0.65,0.06,0.19,0.61,Mexican & Latin,0.99,foodiepie,1074
Axios Estiatorio,"Denver, Colorado",2015-08-28,jev-1.13.0,v2,,Other,1.0,0.0,0.0,0.0,1.0,0.05,0.02,0.08,Global kitchens,1.0,foodiepie,1048
Joy Cafe,"Atlanta, Georgia",2015-08-28,jev-1.13.0,v2,,Diner,0.71,0.78,0.0,0.0,0.22,0.41,0.05,0.18,,,foodiepie,1068
Dana's Kitchen,"Falmouth, Massachusetts",2015-09-11,jev-1.13.0,v2,,Other,0.97,0.02,0.0,0.0,0.98,0.29,0.05,0.17,Sandwiches & delis,1.0,foodiepie,1010
Pickle Jar Kitchen,"Falmouth, Massachusetts",2015-09-11,jev-1.13.0,v2,,Diner,0.79,0.85,0.0,0.0,0.15,0.57,0.05,0.22,,,foodiepie,1103
The Lodge Sasquatch Kitchen,"Fort Collins, Colorado",2015-09-11,jev-1.13.0,v2,,Other,0.54,0.1,0.0,0.25,0.65,0.31,0.03,0.25,Brewpubs & bars,0.57,foodiepie,1082
Buster's on 28th,"Minneapolis, Minnesota",2015-09-18,jev-1.13.0,v2,,Dive,0.28,0.26,0.0,0.46,0.28,0.6,0.02,0.38,,,foodiepie,1067
Driftwood Publick House & Oysteria,"Plymouth, Massachusetts",2015-09-18,jev-1.13.0,v2,,Other,0.72,0.01,0.0,0.21,0.78,0.17,0.02,0.25,Brewpubs & bars,0.99,foodiepie,1093
The General Muir,"Atlanta, Georgia",2015-09-18,jev-1.13.0,v2,,Other,0.91,0.06,0.0,0.0,0.9400000000000001,0.47,0.02,0.12,Sandwiches & delis,1.0,foodiepie,1122
Bayport BBQ,"Bayport, Minnesota",2015-09-25,jev-1.13.0,v2,,Other,0.66,0.0,0.0,0.26,0.74,0.13,0.09,0.71,BBQ & smokehouses,1.0,foodiepie,1024
Maria Empanada,"Denver, Colorado",2015-09-25,jev-1.13.0,v2,,Other,1.0,0.0,0.0,0.0,1.0,0.06,0.15,0.31,Mexican & Latin,1.0,foodiepie,1033
Parkside Market,"Falmouth, Massachusetts",2015-09-25,jev-1.13.0,v2,,Diner,0.76,0.82,0.0,0.0,0.18,0.74,0.15,0.35,,,foodiepie,1032
George and the Dragon,"Minneapolis, Minnesota",2015-10-09,jev-1.13.0,v2,,Dive,0.42,0.0,0.0,0.5700000000000001,0.43,0.14,0.02,0.33,,,foodiepie,1033
Shucker's World Famous Raw Bar,"Woods Hole, Massachusetts",2015-10-09,jev-1.13.0,v2,,Other,0.83,0.01,0.0,0.11,0.88,0.18,0.05,0.31,Seafood,1.0,foodiepie,1045
Wrecking Bar Brewpub,"Atlanta, Georgia",2015-10-09,jev-1.13.0,v2,,Other,0.61,0.0,0.0,0.29,0.71,0.16,0.03,0.43,Brewpubs & bars,1.0,foodiepie,1053
Bird of Smithfield,"London, United Kingdom",2015-10-16,jev-1.13.0,v2,,Other,1.0,0.0,0.0,0.0,1.0,0.02,0.01,0.03,Brewpubs & bars,0.58,web,987
Grillstock,"London, United Kingdom",2015-10-16,jev-1.13.0,v2,,Other,0.99,0.0,0.01,0.0,0.99,0.11,0.18,0.4,BBQ & smokehouses,1.0,web,987
Hook Camden Town,"Camden, London, United Kingdom",2015-10-16,jev-1.13.0,v2,,Other,0.84,0.01,0.0,0.11,0.88,0.06,0.04,0.29,Seafood,1.0,web,980
North Bound Smokehouse and Brewpub,"Minneapolis, Minnesota",2015-11-06,jev-1.13.0,v2,,Other,0.98,0.0,0.0,0.01,0.99,0.15,0.03,0.32,BBQ & smokehouses,0.61,foodiepie,1070
Pig Latin,"Colorado Springs, Colorado",2015-11-06,jev-1.13.0,v2,,Drive-In,0.98,0.0,0.98,0.0,0.02,0.04,0.95,0.33,,,web,960
Unideli,"Minneapolis, Minnesota",2015-11-06,jev-1.13.0,v2,,Other,0.99,0.0,0.0,0.01,0.99,0.03,0.04,0.26,Global kitchens,0.97,foodiepie,1046
Bocadillas: Slow Roasted Sandwich Shop,"Albuquerque, New Mexico",2015-11-19,jev-1.13.0,v2,,Other,0.73,0.2,0.0,0.0,0.8,0.5,0.12,0.26,Sandwiches & delis,1.0,web,989
Parvicini's Italian Bistro,"Colorado Springs, Colorado",2015-12-04,jev-1.13.0,v2,,Other,1.0,0.0,0.0,0.0,1.0,0.05,0.02,0.16,Pizza & Italian,0.94,foodiepie,1038
Rasta Pasta,"Colorado Springs, Colorado",2015-12-04,jev-1.13.0,v2,,Other,1.0,0.0,0.0,0.0,1.0,0.04,0.04,0.19,Mexican & Latin,0.46,foodiepie,1042
The Blue-Eyed Crab Caribbean Grill & Rum Bar,"Plymouth, Massachusetts",2015-12-04,jev-1.13.0,v2,,Other,0.89,0.0,0.0,0.08,0.92,0.08,0.04,0.37,Mexican & Latin,0.65,foodiepie,1023
Big Daddy's BBQ & Banquet,"Fairbanks, Alaska",2015-12-11,jev-1.13.0,v2,,Other,1.0,0.0,0.0,0.0,1.0,0.1,0.02,0.34,BBQ & smokehouses,1.0,web,976
Mountain Shadows Restaurant,"Colorado Springs, Colorado",2015-12-18,jev-1.13.0,v2,,Diner,0.93,0.94,0.0,0.0,0.06,0.66,0.06,0.3,,,foodiepie,996
Piccini Wood Fired Brick Oven Pizza,"Ocean City, New Jersey",2015-12-18,jev-1.13.0,v2,,Other,1.0,0.0,0.0,0.0,1.0,0.11,0.07,0.23,Pizza & Italian,1.0,foodiepie,1070
Toki Underground,"Washington, D.C.",2015-12-18,jev-1.13.0,v2,,Dive,0.42,0.0,0.0,0.57,0.43,0.03,0.02,0.63,,,foodiepie,1120
Alewife Baltimore,"Baltimore, Maryland",2016-01-01,jev-1.13.0,v2,,Dive,0.53,0.0,0.0,0.65,0.35,0.13,0.02,0.41,,,foodiepie,1020
Carving Room,"Washington, D.C.",2016-01-01,jev-1.13.0,v2,,Other,0.81,0.14,0.0,0.0,0.86,0.38,0.06,0.27,Sandwiches & delis,0.98,foodiepie,1059
Spice Island Grill,"Colorado Springs, Colorado",2016-01-01,jev-1.13.0,v2,,Other,1.0,0.0,0.0,0.0,1.0,0.06,0.06,0.28,Mexican & Latin,0.95,foodiepie,1046
Pagoda Restaurant,"North Pole, Alaska",2016-01-03,jev-1.13.0,v2,,Other,0.92,0.0,0.0,0.06,0.94,0.07,0.04,0.38,Global kitchens,0.97,foodiepie,1011
Front Range Barbeque,"Colorado Springs, Colorado",2016-01-15,jev-1.13.0,v2,,Other,0.98,0.0,0.0,0.01,0.99,0.23,0.11,0.37,BBQ & smokehouses,0.98,foodiepie,1088
Miss Shirley's Cafe,"Baltimore, Maryland",2016-01-15,jev-1.13.0,v2,,Diner,0.97,0.98,0.0,0.0,0.02,0.72,0.03,0.11,,,foodiepie,1145
Sam's Rialto Bar & Grill,"Pleasantville, New Jersey",2016-01-15,jev-1.13.0,v2,,Diner,0.96,0.97,0.0,0.02,0.01,0.92,0.05,0.67,,,foodiepie,1001
Bub and Pop's,"Washington, D.C.",2016-01-22,jev-1.13.0,v2,,Other,0.98,0.01,0.0,0.0,0.99,0.3,0.08,0.25,Sandwiches & delis,1.0,foodiepie,1139
Skirted Heiffer,"Colorado Springs, Colorado",2016-01-22,jev-1.13.0,v2,,Diner,0.57,0.68,0.04,0.02,0.26,0.55,0.16,0.34,,,foodiepie,1056
Vagabond Kitchen & Tap House,"Atlantic City, New Jersey",2016-01-22,jev-1.13.0,v2,,Dive,0.79,0.01,0.0,0.84,0.15,0.23,0.03,0.55,,,foodiepie,1060
Islamorada Shrimp Shack,"Islamorada, Florida",2016-03-11,jev-1.13.0,v2,,Other,0.46,0.0,0.04,0.35,0.61,0.1,0.22,0.33,Seafood,1.0,foodiepie,1031
The Fish House,"Key Largo, Florida",2016-03-11,jev-1.13.0,v2,,Other,0.85,0.0,0.0,0.11,0.89,0.07,0.04,0.38,Seafood,1.0,foodiepie,1077
The Smoking Swine,"Baltimore, Maryland",2016-03-11,jev-1.13.0,v2,,Drive-In,0.92,0.0,0.94,0.0,0.06,0.06,0.93,0.45,,,foodiepie,1047
Digiorgio's Cafe Largo,"Key Largo, Florida",2016-03-25,jev-1.13.0,v2,,Other,1.0,0.0,0.0,0.0,1.0,0.05,0.01,0.04,Pizza & Italian,0.98,foodiepie,1046
El Nuevo Frutilandia,"San Francisco, California",2016-03-25,jev-1.13.0,v2,,Other,0.99,0.0,0.0,0.0,1.0,0.14,0.06,0.44,Mexican & Latin,1.0,foodiepie,1025
Green Papaya Food Truck,"Stockton, California",2016-03-25,jev-1.13.0,v2,,Other,0.94,0.0,0.04,0.0,0.96,0.02,0.23,0.43,Global kitchens,1.0,foodiepie,1115
Cosecha Cafe,"Oakland, California",2016-04-08,jev-1.13.0,v2,,Other,1.0,0.0,0.0,0.0,1.0,0.1,0.03,0.17,Mexican & Latin,1.0,foodiepie,1053
Green Turtle Inn,"Islamorada, Florida",2016-04-08,jev-1.13.0,v2,,Other,0.41,0.37,0.0,0.08,0.55,0.48,0.05,0.29,Seafood,0.99,foodiepie,1035
Midtown Creperie,"Stockton, California",2016-04-08,jev-1.13.0,v2,,Other,0.97,0.02,0.0,0.0,0.98,0.23,0.04,0.17,Breakfast & brunch,0.34,foodiepie,1030
Clove and Hoof,"Oakland, California",2016-04-15,jev-1.13.0,v2,,Other,0.88,0.05,0.0,0.04,0.91,0.27,0.07,0.28,Sandwiches & delis,0.81,foodiepie,1064
Food Fix Truck,"Modesto, California",2016-04-15,jev-1.13.0,v2,,Drive-In,1.0,0.0,1.0,0.0,0.0,0.06,0.95,0.37,,,foodiepie,1055
Pilot House Marina & Restaurant,"Key Largo, Florida",2016-04-15,jev-1.13.0,v2,,Other,0.98,0.0,0.0,0.02,0.98,0.18,0.02,0.18,Seafood,1.0,foodiepie,1038
Bauer's 66 1/2,"Modesto, California",2016-04-22,jev-1.13.0,v2,,Other,0.68,0.18,0.0,0.05,0.77,0.34,0.14,0.33,New American bistros,0.41,foodiepie,1053
M.E.A.T. Eatery and Tap Room,"Islamorada, Florida",2016-04-22,jev-1.13.0,v2,,Other,0.55,0.01,0.01,0.32,0.66,0.28,0.2,0.4,BBQ & smokehouses,0.44,foodiepie,1045
Souley Vegan,"Oakland, California",2016-04-22,jev-1.13.0,v2,,Other,0.8,0.15,0.0,0.0,0.85,0.25,0.13,0.26,"Southern, Cajun & soul",1.0,foodiepie,1079
Hofbrau Beer Hall,"Miami Beach, Florida",2016-05-06,jev-1.13.0,v2,,Other,0.86,0.0,0.0,0.1,0.9,0.04,0.02,0.25,Global kitchens,0.48,foodiepie,1012
Lou's Beer Garden,"Miami Beach, Florida",2016-05-06,jev-1.13.0,v2,,Other,0.98,0.0,0.0,0.01,0.99,0.04,0.02,0.13,Brewpubs & bars,1.0,foodiepie,981
Taquiza,"Miami Beach, Florida",2016-05-06,jev-1.13.0,v2,,Dive,0.68,0.0,0.0,0.76,0.24,0.03,0.11,0.5,,,foodiepie,1038
Commonwealth,"Modesto, California",2016-05-26,jev-1.13.0,v2,,Other,0.65,0.01,0.0,0.26,0.73,0.24,0.04,0.3,Brewpubs & bars,1.0,foodiepie,1057
Miami Smokers,"Miami, Florida",2016-05-26,jev-1.13.0,v2,,Other,1.0,0.0,0.0,0.0,1.0,0.12,0.14,0.25,BBQ & smokehouses,1.0,foodiepie,1021
Smitty's Wings & Things,"Stockton, California",2016-05-26,jev-1.13.0,v2,,Dive,0.36,0.03,0.0,0.52,0.45,0.22,0.17,0.52,,,foodiepie,995
El Figaro,"Havana, Cuba",2016-06-03,jev-1.13.0,v2,,Other,1.0,0.0,0.0,0.0,1.0,0.03,0.01,0.06,Mexican & Latin,1.0,web,984
Nazdarovie,"Havana, Cuba",2016-06-03,jev-1.13.0,v2,,Other,1.0,0.0,0.0,0.0,1.0,0.03,0.01,0.17,Global kitchens,1.0,web,974
Restaurante Fonda Paladar la Paila,"Havana, Cuba",2016-06-03,jev-1.13.0,v2,,Other,0.85,0.0,0.0,0.11,0.89,0.09,0.08,0.45,Mexican & Latin,0.82,web,997
Al Carbon,"Havana, Cuba",2016-06-10,jev-1.13.0,v2,,Other,1.0,0.0,0.0,0.0,1.0,0.03,0.01,0.14,Mexican & Latin,0.98,web,981
Casa Abel,"Havana, Cuba",2016-06-10,jev-1.13.0,v2,,Other,1.0,0.0,0.0,0.0,1.0,0.03,0.01,0.17,Mexican & Latin,1.0,web,972
La Catedral,"Havana, Cuba",2016-06-10,jev-1.13.0,v2,,Other,0.93,0.0,0.0,0.05,0.95,0.11,0.01,0.3,Mexican & Latin,0.95,web,978
CatHead's BBQ,"San Francisco, California",2016-06-17,jev-1.13.0,v2,,Other,1.0,0.0,0.0,0.0,1.0,0.21,0.13,0.28,BBQ & smokehouses,1.0,foodiepie,1052
Gian's Deli,"Stockton, California",2016-06-17,jev-1.13.0,v2,,Other,1.0,0.0,0.0,0.0,1.0,0.16,0.07,0.4,Sandwiches & delis,1.0,foodiepie,1052
The Outrigger Pizza Company,"Kihei, Hawaii",2016-06-17,jev-1.13.0,v2,,Drive-In,0.71,0.0,0.78,0.0,0.22,0.05,0.9,0.22,,,foodiepie,1067
Da Kitchen,"Kahului, Hawaii",2016-07-01,jev-1.13.0,v2,,Other,0.36,0.14,0.0,0.34,0.52,0.35,0.18,0.55,Global kitchens,0.9,foodiepie,1027
Fat Daddy's Smokehouse,"Kihei, Hawaii",2016-07-01,jev-1.13.0,v2,,Other,1.0,0.0,0.0,0.0,1.0,0.1,0.17,0.29,BBQ & smokehouses,1.0,foodiepie,1007
Like Poke,"Kahului, Hawaii",2016-07-01,jev-1.13.0,v2,,Drive-In,0.99,0.0,0.99,0.0,0.01,0.03,0.95,0.5,,,foodiepie,1018
Belly & Snout,"Los Angeles, California",2016-07-08,jev-1.13.0,v2,,Other,0.38,0.24,0.02,0.21,0.53,0.38,0.13,0.37,New American bistros,0.41,foodiepie,1039
Gandhi Mahal Restaurant,"Minneapolis, Minnesota",2016-07-08,jev-1.13.0,v2,,Other,1.0,0.0,0.0,0.0,1.0,0.03,0.03,0.12,Global kitchens,1.0,foodiepie,1019
Radio Africa & Kitchen,"San Francisco, California",2016-07-08,jev-1.13.0,v2,,Other,1.0,0.0,0.0,0.0,1.0,0.07,0.03,0.12,Global kitchens,0.95,foodiepie,1050
Harold & Belle's,"Los Angeles, California",2016-07-15,jev-1.13.0,v2,,Other,0.51,0.0,0.0,0.37,0.63,0.13,0.04,0.6,"Southern, Cajun & soul",1.0,foodiepie,1035
Star Noodle,"Lahaina, Hawaii",2016-07-15,jev-1.13.0,v2,,Other,1.0,0.0,0.0,0.0,1.0,0.03,0.04,0.15,Global kitchens,1.0,foodiepie,1082
The Herbivorous Butcher,"Minneapolis, Minnesota",2016-07-15,jev-1.13.0,v2,,Other,1.0,0.0,0.0,0.0,1.0,0.09,0.08,0.15,Butchers & markets,0.88,foodiepie,1070
Delancey Pizzeria & Bar,"Hollywood, Los Angeles, California",2016-08-05,jev-1.13.0,v2,,Other,1.0,0.0,0.0,0.0,1.0,0.04,0.02,0.18,Pizza & Italian,1.0,foodiepie,1037
Surly Brewing Company,"Minneapolis, Minnesota",2016-08-05,jev-1.13.0,v2,,Other,0.95,0.0,0.0,0.04,0.96,0.08,0.02,0.28,Brewpubs & bars,1.0,foodiepie,1044
The Local,"Coral Gables, Florida",2016-08-05,jev-1.13.0,v2,,Other,0.81,0.01,0.0,0.14,0.85,0.18,0.02,0.2,Brewpubs & bars,0.98,foodiepie,1099
Holy Land,"Minneapolis, Minnesota",2016-08-12,jev-1.13.0,v2,,Other,1.0,0.0,0.0,0.0,1.0,0.04,0.08,0.22,Global kitchens,0.99,foodiepie,1083
Miso Phat Sushi,"Kihei, Hawaii",2016-08-12,jev-1.13.0,v2,,Other,1.0,0.0,0.0,0.0,1.0,0.03,0.04,0.2,Global kitchens,0.77,foodiepie,1020
The Original Barone's Famous Italian,"Valley Glen, Los Angeles, California",2016-08-12,jev-1.13.0,v2,,Other,0.81,0.0,0.0,0.14,0.86,0.11,0.07,0.59,Pizza & Italian,1.0,foodiepie,1028
Ivan's Cookhouse,"North Miami Beach, Florida",2016-09-09,jev-1.13.0,v2,,Other,1.0,0.0,0.0,0.0,1.0,0.05,0.05,0.21,Global kitchens,0.63,foodiepie,1060
Red Wagon Pizza Company,"Minneapolis, Minnesota",2016-09-09,jev-1.13.0,v2,,Other,0.99,0.0,0.0,0.01,0.99,0.05,0.04,0.25,Pizza & Italian,0.96,foodiepie,1069
Street Food 360,"Portsmouth, New Hampshire",2016-09-09,jev-1.13.0,v2,,Other,0.99,0.0,0.0,0.01,0.99,0.18,0.05,0.22,Global kitchens,0.91,foodiepie,1035
Azla Ethiopian Vegan,"Los Angeles, California",2016-09-16,jev-1.13.0,v2,,Other,1.0,0.0,0.0,0.0,1.0,0.02,0.04,0.2,Global kitchens,1.0,foodiepie,1045
Moxy,"Portsmouth, New Hampshire",2016-09-16,jev-1.13.0,v2,,Other,1.0,0.0,0.0,0.0,1.0,0.11,0.02,0.09,New American bistros,1.0,foodiepie,1038
Prairie Dogs,"Minneapolis, Minnesota",2016-09-16,jev-1.13.0,v2,,Other,0.3,0.05,0.0,0.47,0.48,0.29,0.11,0.33,Brewpubs & bars,0.43,foodiepie,1069
Bagel Street,"Plainsboro Township, New Jersey",2016-10-07,jev-1.13.0,v2,,Diner,0.4,0.55,0.01,0.03,0.41,0.52,0.18,0.47,,,foodiepie,1009
The Bun Shop,"Los Angeles, California",2016-10-07,jev-1.13.0,v2,,Other,0.99,0.0,0.0,0.0,1.0,0.09,0.09,0.24,Global kitchens,0.99,foodiepie,1033
The Kitchen,"Portsmouth, New Hampshire",2016-10-07,jev-1.13.0,v2,,Other,0.73,0.2,0.0,0.0,0.8,0.38,0.08,0.18,Sandwiches & delis,0.99,foodiepie,1063
Rocky Hill Inn,"Rocky Hill, New Jersey",2016-10-14,jev-1.13.0,v2,,Other,0.89,0.01,0.0,0.08,0.91,0.2,0.03,0.23,Brewpubs & bars,0.97,foodiepie,1011
Tuckaway Tavern & Butchery,"Raymond, New Hampshire",2016-10-14,jev-1.13.0,v2,,Dive,0.4,0.01,0.0,0.55,0.44,0.24,0.09,0.54,,,foodiepie,1060
Vincentown Diner,"Vincentown, New Jersey",2016-10-14,jev-1.13.0,v2,Diner,Diner,1.0,1.0,0.0,0.0,0.0,0.95,0.05,0.45,,,foodiepie,1003
Ataula,"Portland, Oregon",2016-11-04,jev-1.13.0,v2,,Other,1.0,0.0,0.0,0.0,1.0,0.04,0.01,0.09,Global kitchens,0.89,foodiepie,1044
P's & Q's Market,"Portland, Oregon",2016-11-04,jev-1.13.0,v2,,Other,0.89,0.08,0.0,0.0,0.92,0.46,0.06,0.31,Sandwiches & delis,0.79,foodiepie,1033
Vida Cantina,"Portsmouth, New Hampshire",2016-11-04,jev-1.13.0,v2,,Other,0.95,0.0,0.0,0.04,0.96,0.06,0.03,0.22,Mexican & Latin,1.0,foodiepie,1002
45 Market Street Bakery & Cafe,"Somersworth, New Hampshire",2016-11-18,jev-1.13.0,v2,,Other,0.89,0.08,0.0,0.0,0.92,0.4,0.09,0.28,"Bakeries, cafes & desserts",0.98,foodiepie,1004
Jammin' Crepes,"Princeton, New Jersey",2016-11-18,jev-1.13.0,v2,,Other,0.96,0.03,0.0,0.0,0.97,0.2,0.04,0.14,"Bakeries, cafes & desserts",0.66,foodiepie,1066
The Table Cafe,"Louisville, Kentucky",2016-11-18,jev-1.13.0,v2,,Diner,0.35,0.51,0.0,0.0,0.49,0.46,0.06,0.25,,,foodiepie,1151
Gralehaus,"Louisville, Kentucky",2016-12-02,jev-1.13.0,v2,,Other,0.83,0.12,0.0,0.01,0.87,0.3,0.02,0.15,Breakfast & brunch,0.32,foodiepie,1070
Grind Burger Kitchen,"Louisville, Kentucky",2016-12-02,jev-1.13.0,v2,,Other,0.32,0.41,0.1,0.0,0.49,0.33,0.17,0.24,New American bistros,0.8,foodiepie,1048
The Original Dinerant,"Portland, Oregon",2016-12-02,jev-1.13.0,v2,,Diner,0.95,0.96,0.0,0.0,0.04,0.68,0.03,0.07,,,foodiepie,1034
Jersey Girl Cafe,"Hamilton Township, New Jersey",2016-12-23,jev-1.13.0,v2,,Diner,0.76,0.82,0.0,0.0,0.18,0.53,0.07,0.21,,,foodiepie,1028
"Momma's Mustard, Pickles & BBQ","Louisville, Kentucky",2016-12-23,jev-1.13.0,v2,,Other,1.0,0.0,0.0,0.0,1.0,0.1,0.19,0.38,BBQ & smokehouses,1.0,foodiepie,1090
Tails & Trotters,"Portland, Oregon",2016-12-23,jev-1.13.0,v2,,Other,1.0,0.0,0.0,0.0,1.0,0.14,0.13,0.36,Sandwiches & delis,0.94,foodiepie,1102
Cal Boter,"Barcelona, Spain",2017-01-06,jev-1.13.0,v2,,Other,0.96,0.0,0.0,0.02,0.98,0.1,0.01,0.34,Global kitchens,0.91,web,988
Can Conesa,"Barcelona, Spain",2017-01-06,jev-1.13.0,v2,,Dive,0.85,0.0,0.0,0.9,0.1,0.11,0.19,0.8,,,web,1005
Pulperia A Gudiña,"Barcelona, Spain",2017-01-06,jev-1.13.0,v2,,Other,0.69,0.0,0.0,0.23,0.77,0.03,0.01,0.56,Seafood,0.79,web,998
Bar Morryssom,"Barcelona, Spain",2017-01-13,jev-1.13.0,v2,,Dive,1.0,0.0,0.0,1.0,0.0,0.02,0.02,0.91,,,web,1004
Can Vilaro,"Barcelona, Spain",2017-01-13,jev-1.13.0,v2,,Dive,0.98,0.0,0.0,0.99,0.01,0.14,0.01,0.88,,,web,1014
El Pacifico,"Barcelona, Spain",2017-01-13,jev-1.13.0,v2,,Other,1.0,0.0,0.0,0.0,1.0,0.03,0.01,0.15,Global kitchens,0.62,web,965
Dolce & Clemente's,"Robbinsville Township, New Jersey",2017-01-20,jev-1.13.0,v2,,Other,1.0,0.0,0.0,0.0,1.0,0.09,0.08,0.25,Butchers & markets,0.62,foodiepie,1083
Matt's BBQ,"Portland, Oregon",2017-01-20,jev-1.13.0,v2,,Drive-In,0.89,0.0,0.92,0.0,0.08,0.08,0.9,0.66,,,foodiepie,1035
The Seafood Lady,"Louisville, Kentucky",2017-01-20,jev-1.13.0,v2,,Diner,0.88,0.91,0.0,0.02,0.07,0.71,0.15,0.62,,,foodiepie,1010
JJ's Red Hots,"Charlotte, North Carolina",2017-02-10,jev-1.13.0,v2,,Drive-In,0.42,0.05,0.5599999999999999,0.19,0.2,0.24,0.33,0.55,,,foodiepie,1037
Papi Queso Food Truck,"Charlotte, North Carolina",2017-02-10,jev-1.13.0,v2,,Other,0.4,0.33,0.11,0.01,0.55,0.24,0.2,0.2,Sandwiches & delis,1.0,foodiepie,1062
Swiss Hibiscus,"Portland, Oregon",2017-02-10,jev-1.13.0,v2,,Other,1.0,0.0,0.0,0.0,1.0,0.04,0.02,0.1,Global kitchens,1.0,foodiepie,1055
Bang Bang Burgers,"Charlotte, North Carolina",2017-02-17,jev-1.13.0,v2,,Other,0.71,0.17,0.05,0.0,0.78,0.25,0.17,0.12,New American bistros,0.96,foodiepie,1005
Irish Rover,"Louisville, Kentucky",2017-02-17,jev-1.13.0,v2,,Other,0.34,0.0,0.0,0.5,0.5,0.07,0.01,0.36,Brewpubs & bars,0.93,foodiepie,1039
The Improper Pig,"Charlotte, North Carolina",2017-02-17,jev-1.13.0,v2,,Other,0.83,0.0,0.0,0.13,0.87,0.1,0.09,0.45,BBQ & smokehouses,0.99,foodiepie,1062
El Rincon de los Antojos,"Cancun, Mexico",2017-03-17,jev-1.13.0,v2,,Dive,0.38,0.0,0.0,0.54,0.46,0.04,0.08,0.62,,,web,975
Guy Fieri's Playa del Carmen Kitchen & Bar,"Playa del Carmen, Mexico",2017-03-17,jev-1.13.0,v2,,Other,0.99,0.0,0.0,0.0,1.0,0.14,0.01,0.12,Mexican & Latin,0.9,web,979
Mora Mora,"Cancun, Mexico",2017-03-17,jev-1.13.0,v2,,Other,1.0,0.0,0.0,0.0,1.0,0.1,0.01,0.12,Global kitchens,0.8,web,977
El Fish Fritanga,"Cancun, Mexico",2017-03-24,jev-1.13.0,v2,,Other,1.0,0.0,0.0,0.0,1.0,0.02,0.02,0.18,Seafood,0.99,web,977
Fud at Salud,"Charlotte, North Carolina",2017-03-24,jev-1.13.0,v2,,Other,0.84,0.12,0.0,0.0,0.88,0.41,0.1,0.22,Sandwiches & delis,0.99,foodiepie,1050
Q-Shi,"Spring, Texas",2017-03-24,jev-1.13.0,v2,,Other,1.0,0.0,0.0,0.0,1.0,0.11,0.03,0.3,BBQ & smokehouses,0.57,web,964
Heist Brewery,"Charlotte, North Carolina",2017-03-31,jev-1.13.0,v2,,Other,1.0,0.0,0.0,0.0,1.0,0.07,0.01,0.15,Brewpubs & bars,1.0,web,972
Pinchez Tacos,"Cancun, Mexico",2017-03-31,jev-1.13.0,v2,,Dive,0.9,0.0,0.0,0.92,0.08,0.03,0.18,0.54,,,web,980
The Original Marini's Empanada House,"Houston, Texas",2017-03-31,jev-1.13.0,v2,,Other,0.95,0.0,0.01,0.03,0.96,0.11,0.24,0.46,Mexican & Latin,1.0,web,1008
Cafe Lili,"Houston, Texas",2017-04-07,jev-1.13.0,v2,,Other,1.0,0.0,0.0,0.0,1.0,0.05,0.05,0.3,Global kitchens,1.0,foodiepie,997
Cool Runnings Jamaican Grill,"Houston, Texas",2017-04-07,jev-1.13.0,v2,,Other,1.0,0.0,0.0,0.0,1.0,0.03,0.09,0.25,Mexican & Latin,0.96,foodiepie,1025
The Surfin' Burrito,"Cancun, Mexico",2017-04-07,jev-1.13.0,v2,,Other,0.46,0.0,0.08,0.33,0.59,0.06,0.28,0.36,Mexican & Latin,1.0,web,972
Irma's Original,"Houston, Texas",2017-04-21,jev-1.13.0,v2,,Other,1.0,0.0,0.0,0.0,1.0,0.06,0.05,0.25,Mexican & Latin,1.0,foodiepie,1011
Se7en Bites Bakeshop,"Orlando, Florida",2017-04-21,jev-1.13.0,v2,,Other,0.79,0.15,0.0,0.0,0.85,0.5,0.07,0.19,"Bakeries, cafes & desserts",0.72,foodiepie,1040
The Meatball Stoppe,"Orlando, Florida",2017-04-21,jev-1.13.0,v2,,Other,0.99,0.0,0.0,0.0,1.0,0.15,0.11,0.26,Pizza & Italian,0.82,foodiepie,1041
Cuchara Restaurant,"Houston, Texas",2017-04-28,jev-1.13.0,v2,,Other,0.99,0.0,0.0,0.0,1.0,0.04,0.03,0.23,Mexican & Latin,1.0,foodiepie,1068
The Pastrami Project,"Orlando, Florida",2017-04-28,jev-1.13.0,v2,,Drive-In,0.9,0.0,0.92,0.0,0.08,0.1,0.93,0.31,,,foodiepie,979
Willie's Pinchos,"Orlando, Florida",2017-04-28,jev-1.13.0,v2,,Other,0.85,0.02,0.0,0.08,0.9,0.3,0.17,0.51,Mexican & Latin,0.99,foodiepie,1012
Fat One's Hot Dogs and Italian Ice,"Orlando, Florida",2017-05-12,jev-1.13.0,v2,,Drive-In,0.68,0.08,0.76,0.01,0.15,0.23,0.37,0.27,,,foodiepie,1123
Mrs. Potato,"Orlando, Florida",2017-05-12,jev-1.13.0,v2,,Other,0.88,0.03,0.06,0.01,0.9,0.13,0.31,0.39,Mexican & Latin,1.0,foodiepie,1034
Sherman's Deli & Bakery,"Palm Springs, California",2017-05-12,jev-1.13.0,v2,,Other,0.99,0.01,0.0,0.0,0.99,0.38,0.1,0.33,Sandwiches & delis,1.0,foodiepie,1081
Grill-a-Burger,"Palm Desert, California",2017-05-26,jev-1.13.0,v2,,Other,0.23,0.25,0.31,0.01,0.43,0.26,0.28,0.26,New American bistros,0.53,foodiepie,1077
HoBo's BBQ,"Temecula, California",2017-05-26,jev-1.13.0,v2,,Other,0.99,0.0,0.0,0.0,1.0,0.22,0.15,0.34,BBQ & smokehouses,1.0,foodiepie,1027
Saigon Noodle and Grill,"Orlando, Florida",2017-05-26,jev-1.13.0,v2,,Other,1.0,0.0,0.0,0.0,1.0,0.04,0.05,0.29,Global kitchens,1.0,foodiepie,1013
Fleetwood's on Front St.,"Lahaina, Hawaii",2017-06-09,jev-1.13.0,v2,,Other,1.0,0.0,0.0,0.0,1.0,0.08,0.01,0.07,New American bistros,0.92,foodiepie,1074
Frankinbun,"Palm Springs, California",2017-06-09,jev-1.13.0,v2,,Drive-In,0.62,0.1,0.72,0.0,0.18,0.32,0.46,0.26,,,foodiepie,1047
Thai Mee Up,"Kahului, Hawaii",2017-06-09,jev-1.13.0,v2,,Drive-In,0.98,0.0,0.99,0.0,0.01,0.03,0.95,0.4,,,foodiepie,1055
Down the Hatch Maui,"Lahaina, Hawaii",2017-06-16,jev-1.13.0,v2,,Other,0.78,0.03,0.0,0.14,0.83,0.18,0.05,0.24,Seafood,1.0,foodiepie,1054
The Dirty Buffalo,"Norfolk, Virginia",2017-06-16,jev-1.13.0,v2,,Dive,0.6,0.14,0.0,0.7,0.16,0.27,0.12,0.58,,,foodiepie,1084
Zobo & Meester's,"Cathedral City, California",2017-06-16,jev-1.13.0,v2,,Diner,0.65,0.74,0.0,0.0,0.26,0.72,0.17,0.36,,,foodiepie,1060
Carib Shack,"Virginia Beach, Virginia",2017-06-30,jev-1.13.0,v2,,Other,0.95,0.0,0.01,0.03,0.96,0.07,0.24,0.39,Mexican & Latin,1.0,foodiepie,1017
Maui Brick Oven,"Kihei, Hawaii",2017-06-30,jev-1.13.0,v2,,Other,1.0,0.0,0.0,0.0,1.0,0.1,0.1,0.27,Pizza & Italian,0.97,foodiepie,1025
Wilma & Frieda,"Palm Desert, California",2017-06-30,jev-1.13.0,v2,,Diner,0.98,0.98,0.0,0.0,0.02,0.74,0.08,0.35,,,foodiepie,1055
Alkaline,"Norfolk, Virginia",2017-07-07,jev-1.13.0,v2,,Other,0.99,0.0,0.0,0.01,0.99,0.04,0.09,0.35,Global kitchens,1.0,foodiepie,1023
Brigit & Bernard's Garden Cafe,"Kahului, Hawaii",2017-07-07,jev-1.13.0,v2,,Other,0.51,0.01,0.0,0.35,0.64,0.23,0.04,0.55,Global kitchens,1.0,foodiepie,1032
Pendulum Fine Meats,"Norfolk, Virginia",2017-07-07,jev-1.13.0,v2,,Other,0.82,0.02,0.0,0.11,0.87,0.23,0.07,0.46,Sandwiches & delis,0.53,foodiepie,1077
Jessy's Tienda y Taqueria,"Norfolk, Virginia",2017-07-14,jev-1.13.0,v2,,Dive,0.65,0.0,0.0,0.74,0.26,0.06,0.11,0.73,,,foodiepie,1059
Maui Fresh Streatery,"Kahului, Hawaii",2017-07-14,jev-1.13.0,v2,,Drive-In,0.99,0.0,0.99,0.0,0.01,0.04,0.93,0.37,,,foodiepie,1093
ediBOL,"Los Angeles, California",2017-07-14,jev-1.13.0,v2,,Other,0.96,0.03,0.0,0.0,0.97,0.19,0.06,0.07,New American bistros,0.54,foodiepie,1046
Batterfish,"Santa Monica, California",2017-07-21,jev-1.13.0,v2,,Drive-In,0.99,0.0,0.99,0.0,0.01,0.04,0.94,0.39,,,web,986
Horse Thief BBQ,"Los Angeles, California",2017-07-21,jev-1.13.0,v2,,Other,0.96,0.0,0.0,0.02,0.98,0.12,0.13,0.34,BBQ & smokehouses,1.0,foodiepie,1013
Three's Bar and Grill,"Kihei, Hawaii",2017-07-21,jev-1.13.0,v2,,Other,0.83,0.0,0.0,0.12,0.88,0.16,0.04,0.3,Global kitchens,0.96,foodiepie,1078
La Tostaderia,"Los Angeles, California",2017-09-15,jev-1.13.0,v2,,Other,0.76,0.0,0.01,0.17,0.82,0.09,0.09,0.28,Mexican & Latin,0.63,foodiepie,1053
Meat Southern BBQ & Carnivore Cuisine,"Lansing, Michigan",2017-09-15,jev-1.13.0,v2,,Other,0.84,0.0,0.0,0.12,0.88,0.16,0.12,0.46,BBQ & smokehouses,1.0,foodiepie,1082
The Grilled Cheese Bistro,"Norfolk, Virginia",2017-09-15,jev-1.13.0,v2,,Other,0.95,0.03,0.0,0.01,0.96,0.28,0.05,0.19,Sandwiches & delis,0.93,foodiepie,1048
Capital City BBQ,"Lansing, Michigan",2017-09-22,jev-1.13.0,v2,,Other,0.39,0.0,0.0,0.45,0.55,0.15,0.13,0.62,BBQ & smokehouses,0.93,foodiepie,991
La Panaderia,"San Antonio, Texas",2017-09-22,jev-1.13.0,v2,,Other,1.0,0.0,0.0,0.0,1.0,0.1,0.07,0.17,"Bakeries, cafes & desserts",0.97,foodiepie,1018
Zaytoon Mediterranean,"Lansing, Michigan",2017-09-22,jev-1.13.0,v2,,Other,1.0,0.0,0.0,0.0,1.0,0.04,0.1,0.26,Global kitchens,1.0,foodiepie,1024
Bun-ker,"Ridgewood, Queens, New York",2017-09-29,jev-1.13.0,v2,,Other,0.98,0.0,0.0,0.02,0.98,0.03,0.08,0.36,Global kitchens,1.0,foodiepie,1059
Blackbrick,"Miami, Florida",2017-10-06,jev-1.13.0,v2,,Other,1.0,0.0,0.0,0.0,1.0,0.03,0.02,0.15,Global kitchens,1.0,foodiepie,1100
Fat Olives,"Flagstaff, Arizona",2017-10-06,jev-1.13.0,v2,,Other,1.0,0.0,0.0,0.0,1.0,0.03,0.04,0.12,Pizza & Italian,1.0,foodiepie,1070
Sunset Pointe,"Fairhope, Alabama",2017-10-06,jev-1.13.0,v2,,Other,0.99,0.0,0.0,0.01,0.99,0.08,0.05,0.15,Seafood,0.96,foodiepie,1063
Bourrée,"New Orleans, Louisiana",2017-10-13,jev-1.13.0,v2,,Dive,0.96,0.0,0.0,0.97,0.03,0.13,0.06,0.64,,,foodiepie,1030
Buya Ramen,"St. Petersburg, Florida",2017-10-13,jev-1.13.0,v2,,Other,0.92,0.0,0.0,0.06,0.94,0.03,0.03,0.3,Global kitchens,1.0,foodiepie,995
Eastside Fish Fry & Grill,"Lansing, Michigan",2017-10-13,jev-1.13.0,v2,,Dive,0.62,0.01,0.02,0.71,0.26,0.21,0.26,0.69,,,foodiepie,1047
Jitlada Restaurant,"Los Angeles, California",2017-11-10,jev-1.13.0,v2,,Other,1.0,0.0,0.0,0.0,1.0,0.04,0.04,0.2,Global kitchens,1.0,foodiepie,1079
Loops,"Columbus, Ohio",2017-11-10,jev-1.13.0,v2,,Other,0.93,0.02,0.01,0.03,0.94,0.22,0.16,0.35,Sandwiches & delis,0.85,foodiepie,1042
The Roost,"Longmont, Colorado",2017-11-10,jev-1.13.0,v2,,Other,0.83,0.01,0.0,0.12,0.87,0.17,0.03,0.15,Brewpubs & bars,0.56,foodiepie,1060
Aloy Thai Cuisine,"Boulder, Colorado",2017-11-17,jev-1.13.0,v2,,Other,1.0,0.0,0.0,0.0,1.0,0.02,0.04,0.17,Global kitchens,1.0,foodiepie,995
Pierogi Mountain,"Columbus, Ohio",2017-11-17,jev-1.13.0,v2,,Other,0.98,0.01,0.0,0.0,0.99,0.19,0.07,0.32,Global kitchens,1.0,foodiepie,1012
Ray Ray's Hog Pit,"Columbus, Ohio",2017-11-17,jev-1.13.0,v2,,Drive-In,0.92,0.0,0.94,0.0,0.06,0.06,0.94,0.44,,,foodiepie,995
Bootleggers Modern America Smokehouse,"Scottsdale, Arizona",2017-12-15,jev-1.13.0,v2,,Other,1.0,0.0,0.0,0.0,1.0,0.13,0.06,0.17,BBQ & smokehouses,1.0,foodiepie,999
Nighthawk Breakfast Bar,"Venice, Los Angeles, California",2017-12-15,jev-1.13.0,v2,,Other,0.64,0.15,0.0,0.12,0.73,0.24,0.05,0.16,Breakfast & brunch,0.78,foodiepie,1032
Sweet Carrot,"Columbus, Ohio",2017-12-15,jev-1.13.0,v2,,Diner,0.49,0.62,0.0,0.04,0.34,0.45,0.08,0.4,,,foodiepie,1059
Ena's Caribbean Kitchen,"Columbus, Ohio",2017-12-22,jev-1.13.0,v2,,Other,1.0,0.0,0.0,0.0,1.0,0.05,0.07,0.42,Mexican & Latin,1.0,foodiepie,1013
Republica Empanada,"Mesa, Arizona",2017-12-22,jev-1.13.0,v2,,Other,0.89,0.0,0.0,0.08,0.92,0.13,0.16,0.51,Mexican & Latin,1.0,foodiepie,1024
Zoe Ma Ma,"Boulder, Colorado",2017-12-22,jev-1.13.0,v2,,Other,0.99,0.0,0.0,0.0,1.0,0.03,0.14,0.36,Global kitchens,1.0,foodiepie,1135
Samples Restaurant,"Longmont, Colorado",2018-01-05,jev-1.13.0,v2,,Diner,0.42,0.56,0.0,0.0,0.44,0.56,0.05,0.2,,,foodiepie,1058
Slanted Rice Vietnamese Bistro,"Scottsdale, Arizona",2018-01-05,jev-1.13.0,v2,,Other,1.0,0.0,0.0,0.0,1.0,0.04,0.05,0.26,Global kitchens,1.0,foodiepie,1052
Tutta's Pizza,"Dallas, Texas",2018-01-05,jev-1.13.0,v2,,Other,0.49,0.0,0.34,0.04,0.62,0.09,0.68,0.41,Pizza & Italian,0.93,foodiepie,1066
Momo Ghar,"Columbus, Ohio",2018-01-19,jev-1.13.0,v2,,Other,0.87,0.0,0.0,0.1,0.9,0.03,0.05,0.62,Global kitchens,0.96,foodiepie,1068
Nora Restaurant and Bar,"Dallas, Texas",2018-01-19,jev-1.13.0,v2,,Other,1.0,0.0,0.0,0.0,1.0,0.04,0.03,0.2,Global kitchens,1.0,foodiepie,1023
Tacos Mariachi,"Dallas, Texas",2018-01-19,jev-1.13.0,v2,,Other,0.74,0.0,0.0,0.19,0.81,0.07,0.09,0.3,Mexican & Latin,1.0,foodiepie,1006
One90 Smoked Meats,"Dallas, Texas",2018-02-02,jev-1.13.0,v2,,Other,1.0,0.0,0.0,0.0,1.0,0.13,0.15,0.19,BBQ & smokehouses,1.0,foodiepie,1065
Tacos Chiwas,"Phoenix, Arizona",2018-02-02,jev-1.13.0,v2,,Dive,0.36,0.0,0.0,0.52,0.48,0.04,0.18,0.57,,,foodiepie,1007
The Post Brewing Company,"Longmont, Colorado",2018-02-02,jev-1.13.0,v2,,Other,1.0,0.0,0.0,0.0,1.0,0.1,0.02,0.24,Brewpubs & bars,1.0,web,969
Audrey Jane's Pizza Garage,"Boulder, Colorado",2018-02-18,jev-1.13.0,v2,,Other,1.0,0.0,0.0,0.0,1.0,0.09,0.12,0.32,Pizza & Italian,1.0,foodiepie,1046
Grubstak,"Gilbert, Arizona",2018-02-18,jev-1.13.0,v2,,Diner,0.82,0.87,0.0,0.0,0.13,0.61,0.06,0.24,,,foodiepie,1055
Whistle Britches,"Dallas, Texas",2018-02-18,jev-1.13.0,v2,,Dive,0.44,0.11,0.0,0.58,0.31,0.33,0.08,0.43,,,foodiepie,1020
Aloha Kitchen,"Mesa, Arizona",2018-03-02,jev-1.13.0,v2,,Other,1.0,0.0,0.0,0.0,1.0,0.07,0.11,0.26,Global kitchens,1.0,foodiepie,1003
Mojo Donuts and Fried Chicken,"Miami, Florida",2018-03-02,jev-1.13.0,v2,,Other,0.48,0.13,0.25,0.01,0.61,0.28,0.36,0.33,"Bakeries, cafes & desserts",0.81,foodiepie,1032
Renee's Organic Oven,"Tucson, Arizona",2018-03-02,jev-1.13.0,v2,,Other,1.0,0.0,0.0,0.0,1.0,0.08,0.04,0.18,Pizza & Italian,1.0,foodiepie,1036
CrushCraft Thai Street Eats,"Dallas, Texas",2018-03-09,jev-1.13.0,v2,,Other,1.0,0.0,0.0,0.0,1.0,0.03,0.06,0.21,Global kitchens,1.0,foodiepie,1063
Milly's Empanada Factory,"Miami, Florida",2018-03-09,jev-1.13.0,v2,,Other,0.59,0.0,0.06,0.25,0.69,0.08,0.3,0.52,Mexican & Latin,1.0,foodiepie,1033
Zemam's,"Tucson, Arizona",2018-03-09,jev-1.13.0,v2,,Other,1.0,0.0,0.0,0.0,1.0,0.02,0.04,0.32,Global kitchens,1.0,foodiepie,1035
Cafe Tumerico,"Tucson, Arizona",2018-03-30,jev-1.13.0,v2,,Other,0.96,0.03,0.0,0.0,0.97,0.12,0.07,0.2,Mexican & Latin,0.28,foodiepie,1084
Ceviche's,"Wilmington, North Carolina",2018-03-30,jev-1.13.0,v2,,Other,1.0,0.0,0.0,0.0,1.0,0.05,0.07,0.2,Mexican & Latin,0.97,foodiepie,1116
Mr. & Mrs. Bun,"Miami, Florida",2018-03-30,jev-1.13.0,v2,,Other,0.99,0.0,0.0,0.0,1.0,0.13,0.13,0.22,Sandwiches & delis,0.87,foodiepie,1087
Copper Penny,"Wilmington, North Carolina",2018-04-06,jev-1.13.0,v2,,Dive,0.99,0.0,0.0,1.0,0.0,0.35,0.1,0.8,,,foodiepie,1054
Inca's Peruvian Cuisine,"Tucson, Arizona",2018-04-06,jev-1.13.0,v2,,Other,1.0,0.0,0.0,0.0,1.0,0.03,0.05,0.19,Mexican & Latin,1.0,foodiepie,1036
The Cosmos,"Lansing, Michigan",2018-04-06,jev-1.13.0,v2,,Other,1.0,0.0,0.0,0.0,1.0,0.05,0.08,0.28,Pizza & Italian,1.0,foodiepie,1050
Chef Alisah's Restaurant,"Tucson, Arizona",2018-04-27,jev-1.13.0,v2,,Other,1.0,0.0,0.0,0.0,1.0,0.04,0.04,0.2,Global kitchens,1.0,foodiepie,1047
Something Fishy Seafood Restaurant,"Wilmington, North Carolina",2018-04-27,jev-1.13.0,v2,,Other,0.8,0.02,0.0,0.12,0.86,0.12,0.07,0.38,Seafood,1.0,foodiepie,1006
The Purple Carrot,"Okemos, Michigan",2018-04-27,jev-1.13.0,v2,,Drive-In,1.0,0.0,1.0,0.0,0.0,0.06,0.93,0.15,,,foodiepie,1047
Doce Provisions,"Miami, Florida",2018-05-04,jev-1.13.0,v2,,Other,0.97,0.0,0.0,0.02,0.98,0.11,0.04,0.17,Mexican & Latin,0.61,foodiepie,1020
Fork-n-Cork,"Wilmington, North Carolina",2018-05-04,jev-1.13.0,v2,,Other,0.99,0.01,0.0,0.0,0.99,0.2,0.02,0.07,New American bistros,1.0,foodiepie,1066
Rocco's Little Chicago,"Tucson, Arizona",2018-05-04,jev-1.13.0,v2,,Other,0.99,0.0,0.0,0.0,1.0,0.13,0.07,0.33,Pizza & Italian,1.0,foodiepie,1045
Cast Iron Kitchen,"Wilmington, North Carolina",2018-05-25,jev-1.13.0,v2,,Diner,0.91,0.93,0.0,0.0,0.07,0.68,0.07,0.3,,,foodiepie,1077
Southern Cafe,"Oakland, California",2018-05-25,jev-1.13.0,v2,,Diner,0.49,0.62,0.0,0.0,0.38,0.49,0.06,0.35,,,foodiepie,979
Wood Shop BBQ,"Seattle, Washington",2018-05-25,jev-1.13.0,v2,,Other,1.0,0.0,0.0,0.0,1.0,0.11,0.19,0.35,BBQ & smokehouses,1.0,foodiepie,1073
Calafia Cafe,"Palo Alto, California",2018-06-08,jev-1.13.0,v2,,Other,0.56,0.33,0.0,0.0,0.67,0.44,0.06,0.13,New American bistros,0.98,foodiepie,1096
Sweet n Savory Cafe,"Wilmington, North Carolina",2018-06-08,jev-1.13.0,v2,,Diner,0.95,0.96,0.0,0.0,0.04,0.73,0.05,0.25,,,foodiepie,1063
W.E.P.A.! at Brix 581,"Oakland, California",2018-06-08,jev-1.13.0,v2,,Dive,0.49,0.0,0.0,0.62,0.38,0.07,0.03,0.47,,,foodiepie,1048
LOBA Restaurant,"Miami, Florida",2018-06-29,jev-1.13.0,v2,,Other,1.0,0.0,0.0,0.0,1.0,0.11,0.04,0.09,Mexican & Latin,0.73,foodiepie,1013
Pazzo,"San Carlos, California",2018-06-29,jev-1.13.0,v2,,Other,1.0,0.0,0.0,0.0,1.0,0.03,0.04,0.15,Pizza & Italian,1.0,foodiepie,1039
Umekes Fishmarket Bar & Grill,"Kailua-Kona, Hawaii",2018-06-29,jev-1.13.0,v2,,Other,0.83,0.0,0.0,0.12,0.88,0.13,0.07,0.39,Seafood,0.7,foodiepie,1136
Foster's Kitchen,"Kailua-Kona, Hawaii",2018-07-06,jev-1.13.0,v2,,Other,0.79,0.03,0.0,0.13,0.84,0.2,0.04,0.28,New American bistros,0.63,foodiepie,1066
Pizzeria Credo,"Seattle, Washington",2018-07-06,jev-1.13.0,v2,,Other,1.0,0.0,0.0,0.0,1.0,0.03,0.04,0.11,Pizza & Italian,1.0,foodiepie,1040
Scolari's Good Eats,"Alameda, California",2018-07-06,jev-1.13.0,v2,,Diner,0.32,0.49,0.07,0.01,0.43,0.36,0.23,0.22,,,foodiepie,1070
Grand Harbor,"San Francisco, California",2018-07-27,jev-1.13.0,v2,,Other,1.0,0.0,0.0,0.0,1.0,0.03,0.01,0.08,Global kitchens,0.69,foodiepie,1021
Rebel Kitchen,"Kealakekua, Hawaii",2018-07-27,jev-1.13.0,v2,,Diner,0.66,0.75,0.0,0.15,0.1,0.64,0.19,0.51,,,foodiepie,1032
The Red Door,"Seattle, Washington",2018-07-27,jev-1.13.0,v2,,Dive,0.98,0.0,0.0,0.99,0.01,0.17,0.02,0.71,,,foodiepie,1019
Island Lava Java,"Kailua-Kona, Hawaii",2018-08-03,jev-1.13.0,v2,,Other,0.97,0.0,0.0,0.02,0.98,0.2,0.03,0.21,Brewpubs & bars,0.39,foodiepie,1055
Saucy Porka,"Chicago, Illinois",2018-08-03,jev-1.13.0,v2,,Other,0.92,0.06,0.0,0.0,0.94,0.2,0.07,0.22,Mexican & Latin,0.33,foodiepie,1049
Sisters and Brothers Bar,"Seattle, Washington",2018-08-03,jev-1.13.0,v2,,Dive,0.95,0.0,0.0,0.97,0.03,0.22,0.15,0.61,,,foodiepie,1034
Kanaka Kava,"Kailua-Kona, Hawaii",2018-08-10,jev-1.13.0,v2,,Other,0.96,0.0,0.0,0.03,0.97,0.05,0.08,0.34,Global kitchens,0.99,foodiepie,1019
Manny's Cafeteria and Delicatessen,"Chicago, Illinois",2018-08-10,jev-1.13.0,v2,,Other,0.86,0.1,0.0,0.0,0.9,0.54,0.04,0.44,Sandwiches & delis,1.0,foodiepie,1035
Piroshki on 3rd,"Seattle, Washington",2018-08-10,jev-1.13.0,v2,,Other,1.0,0.0,0.0,0.0,1.0,0.05,0.13,0.16,"Bakeries, cafes & desserts",0.96,web,993
Bok a Bok,"Seattle, Washington",2018-08-31,jev-1.13.0,v2,,Other,0.92,0.0,0.05,0.01,0.94,0.08,0.24,0.31,Global kitchens,1.0,web,975
Del Seoul,"Chicago, Illinois",2018-08-31,jev-1.13.0,v2,,Other,1.0,0.0,0.0,0.0,1.0,0.09,0.08,0.21,Global kitchens,1.0,foodiepie,1022
Original Thai,"Kailua-Kona, Hawaii",2018-08-31,jev-1.13.0,v2,,Other,1.0,0.0,0.0,0.0,1.0,0.04,0.05,0.28,Global kitchens,1.0,foodiepie,1046
Blue Toba,"Ashland, Oregon",2018-09-07,jev-1.13.0,v2,,Other,1.0,0.0,0.0,0.0,1.0,0.02,0.06,0.24,Global kitchens,1.0,foodiepie,1095
Broke Da Mouth Grindz,"Kailua-Kona, Hawaii",2018-09-07,jev-1.13.0,v2,,Other,0.78,0.04,0.02,0.11,0.83,0.27,0.23,0.32,Global kitchens,1.0,foodiepie,1006
MFK,"Chicago, Illinois",2018-09-07,jev-1.13.0,v2,,Other,1.0,0.0,0.0,0.0,1.0,0.03,0.03,0.12,Seafood,0.96,foodiepie,1003
Bella Luna Cafe,"Chicago, Illinois",2018-09-21,jev-1.13.0,v2,,Other,1.0,0.0,0.0,0.0,1.0,0.09,0.05,0.33,Pizza & Italian,1.0,foodiepie,969
Ruins,"Spokane, Washington",2018-09-21,jev-1.13.0,v2,,Other,0.92,0.0,0.0,0.06,0.94,0.07,0.02,0.19,Brewpubs & bars,0.51,foodiepie,1001
Sun Wah BBQ,"Chicago, Illinois",2018-09-21,jev-1.13.0,v2,,Other,1.0,0.0,0.0,0.0,1.0,0.03,0.06,0.36,Global kitchens,0.92,foodiepie,984
Agave,"Ashland, Oregon",2018-09-28,jev-1.13.0,v2,,Other,0.99,0.0,0.0,0.0,1.0,0.04,0.07,0.16,Mexican & Latin,1.0,foodiepie,1020
Nordic Smoke BBQ,"Spokane, Washington",2018-09-28,jev-1.13.0,v2,,Drive-In,0.85,0.0,0.89,0.0,0.11,0.05,0.92,0.4,,,foodiepie,1051
Roost Fried Chicken,"Bozeman, Montana",2018-09-28,jev-1.13.0,v2,,Other,0.61,0.25,0.02,0.02,0.71,0.29,0.21,0.32,"Southern, Cajun & soul",1.0,foodiepie,1008
Flyway Brewing,"North Little Rock, Arkansas",2018-10-19,jev-1.13.0,v2,,Other,0.97,0.0,0.0,0.02,0.98,0.08,0.06,0.3,Brewpubs & bars,1.0,foodiepie,1027
La Terraza Rum Longe,"Little Rock, Arkansas",2018-10-19,jev-1.13.0,v2,,Other,1.0,0.0,0.0,0.0,1.0,0.03,0.03,0.13,Mexican & Latin,0.55,foodiepie,1025
Storm Castle Cafe,"Bozeman, Montana",2018-10-19,jev-1.13.0,v2,,Diner,0.97,0.98,0.0,0.0,0.02,0.71,0.04,0.35,,,foodiepie,1134
Bruno's Little Italy,"Little Rock, Arkansas",2018-10-26,jev-1.13.0,v2,,Other,0.94,0.0,0.0,0.04,0.96,0.09,0.04,0.4,Pizza & Italian,1.0,foodiepie,1025
North Bar,"Little Rock, Arkansas",2018-10-26,jev-1.13.0,v2,,Dive,0.94,0.03,0.0,0.96,0.01,0.37,0.15,0.66,,,foodiepie,1000
Zoftig Eatery,"Santa Rosa, California",2018-10-26,jev-1.13.0,v2,,Other,0.52,0.36,0.0,0.0,0.64,0.37,0.08,0.14,New American bistros,0.73,foodiepie,1058
Cochon Volant BBQ,"Sonoma, California",2018-11-09,jev-1.13.0,v2,,Other,0.96,0.0,0.03,0.0,0.97,0.15,0.25,0.27,BBQ & smokehouses,1.0,foodiepie,1037
Simply Vietnam Express,"Santa Rosa, California",2018-11-09,jev-1.13.0,v2,,Other,0.98,0.0,0.0,0.01,0.99,0.05,0.09,0.46,Global kitchens,1.0,foodiepie,1010
The Fold: Botanas & Bar,"Little Rock, Arkansas",2018-11-09,jev-1.13.0,v2,,Dive,0.82,0.0,0.0,0.87,0.13,0.11,0.04,0.62,,,foodiepie,1049
Eight Noodle Shop,"Napa, California",2018-11-23,jev-1.13.0,v2,,Other,1.0,0.0,0.0,0.0,1.0,0.04,0.05,0.17,Global kitchens,1.0,foodiepie,1010
Smoke Shack,"San Antonio, Texas",2018-11-23,jev-1.13.0,v2,,Drive-In,0.82,0.0,0.87,0.0,0.13,0.14,0.82,0.61,,,foodiepie,1019
The Root Cafe,"Little Rock, Arkansas",2018-11-23,jev-1.13.0,v2,,Diner,0.79,0.84,0.0,0.03,0.13,0.58,0.08,0.35,,,foodiepie,1039
Fat Tummy,"San Antonio, Texas",2018-11-30,jev-1.13.0,v2,,Other,0.99,0.0,0.0,0.0,1.0,0.05,0.18,0.26,Mexican & Latin,1.0,foodiepie,1029
Wrigleyville,"San Antonio, Texas",2018-11-30,jev-1.13.0,v2,,Other,0.25,0.27,0.16,0.13,0.44,0.39,0.27,0.43,Sandwiches & delis,0.99,foodiepie,1054
Zazu Kitchen + Farm,"Sebastopol, California",2018-11-30,jev-1.13.0,v2,,Other,0.86,0.05,0.04,0.0,0.91,0.32,0.26,0.21,New American bistros,0.98,foodiepie,1179
Dignowity Meats,"San Antonio, Texas",2018-12-14,jev-1.13.0,v2,,Other,1.0,0.0,0.0,0.0,1.0,0.25,0.12,0.26,Sandwiches & delis,0.87,foodiepie,1023
Ma Harper's Creole Kitchen,"San Antonio, Texas",2018-12-14,jev-1.13.0,v2,,Other,0.94,0.01,0.0,0.03,0.96,0.18,0.06,0.49,"Southern, Cajun & soul",1.0,foodiepie,1026
Taqueria Molcajetes,"Santa Rosa, California",2018-12-14,jev-1.13.0,v2,,Other,0.73,0.0,0.0,0.2,0.8,0.03,0.09,0.42,Mexican & Latin,1.0,foodiepie,1048
Curry Pizza,"West Valley City, Utah",2019-01-04,jev-1.13.0,v2,,Other,1.0,0.0,0.0,0.0,1.0,0.05,0.08,0.24,Pizza & Italian,0.78,foodiepie,1052
Finn's Cafe,"Salt Lake City, Utah",2019-01-04,jev-1.13.0,v2,,Diner,1.0,1.0,0.0,0.0,0.0,0.93,0.05,0.27,,,foodiepie,1070
Red's Chinese,"New Orleans, Louisiana",2019-01-04,jev-1.13.0,v2,,Other,1.0,0.0,0.0,0.0,1.0,0.07,0.04,0.17,Global kitchens,1.0,foodiepie,1063
Luna Rosa Puerto Rican Grill y Tapas,"San Antonio, Texas",2019-01-11,jev-1.13.0,v2,,Other,1.0,0.0,0.0,0.0,1.0,0.07,0.05,0.3,Mexican & Latin,1.0,foodiepie,1035
Marjie's Grill,"New Orleans, Louisiana",2019-01-11,jev-1.13.0,v2,,Other,1.0,0.0,0.0,0.0,1.0,0.12,0.09,0.26,"Southern, Cajun & soul",0.74,foodiepie,1049
Turkey and the Wolf,"New Orleans, Louisiana",2019-01-11,jev-1.13.0,v2,,Other,0.5,0.08,0.0,0.3,0.62,0.24,0.08,0.31,Sandwiches & delis,0.98,foodiepie,1087
Hruska's Kolaches,"Salt Lake City, Utah",2019-01-25,jev-1.13.0,v2,,Other,1.0,0.0,0.0,0.0,1.0,0.08,0.09,0.16,"Bakeries, cafes & desserts",0.99,foodiepie,1039
Proper Burger Company,"Salt Lake City, Utah",2019-01-25,jev-1.13.0,v2,,Other,0.8,0.01,0.0,0.13,0.86,0.3,0.17,0.37,Brewpubs & bars,0.98,foodiepie,1042
Rreal Tacos,"Atlanta, Georgia",2019-01-25,jev-1.13.0,v2,,Dive,0.66,0.0,0.0,0.74,0.26,0.04,0.14,0.55,,,foodiepie,1048
Laziz Kitchen,"Salt Lake City, Utah",2019-02-08,jev-1.13.0,v2,,Other,1.0,0.0,0.0,0.0,1.0,0.09,0.13,0.19,Global kitchens,1.0,web,985
OneTaco,"Austin, Texas",2019-02-08,jev-1.13.0,v2,,Other,0.41,0.0,0.02,0.42,0.56,0.04,0.28,0.34,Mexican & Latin,1.0,web,981
Yakitori Jinbei,"Smyrna, Georgia",2019-02-08,jev-1.13.0,v2,,Other,1.0,0.0,0.0,0.0,1.0,0.05,0.02,0.26,Global kitchens,1.0,web,977
Purgatory,"Salt Lake City, Utah",2019-02-15,jev-1.13.0,v2,,Other,0.71,0.0,0.0,0.21,0.79,0.04,0.02,0.23,Brewpubs & bars,0.75,foodiepie,1024
Twisted Soul Cookhouse & Pours,"Atlanta, Georgia",2019-02-15,jev-1.13.0,v2,,Other,0.97,0.02,0.0,0.0,0.98,0.21,0.03,0.12,"Southern, Cajun & soul",0.99,foodiepie,1129
Valentina's,"Austin, Texas",2019-02-15,jev-1.13.0,v2,,Drive-In,0.98,0.0,0.98,0.0,0.02,0.09,0.94,0.38,,,foodiepie,1064
Holy Roller,"Austin, Texas",2019-02-22,jev-1.13.0,v2,,Diner,1.0,1.0,0.0,0.0,0.0,0.92,0.05,0.35,,,foodiepie,1042
SLAB BBQ & Beer,"Austin, Texas",2019-02-22,jev-1.13.0,v2,,Other,0.68,0.0,0.0,0.23,0.77,0.12,0.17,0.48,BBQ & smokehouses,1.0,foodiepie,1116
Vinny's Bakery,"Pasco, Washington",2019-02-22,jev-1.13.0,v2,,Other,0.97,0.02,0.0,0.0,0.98,0.35,0.08,0.25,"Bakeries, cafes & desserts",0.94,foodiepie,1059
Avery's on Tulane,"New Orleans, Louisiana",2019-03-01,jev-1.13.0,v2,,Other,0.68,0.07,0.0,0.17,0.76,0.24,0.13,0.31,"Southern, Cajun & soul",0.41,foodiepie,1040
Piece of Meat,"New Orleans, Louisiana",2019-03-01,jev-1.13.0,v2,,Other,0.95,0.0,0.0,0.04,0.96,0.14,0.08,0.38,Butchers & markets,0.99,foodiepie,1059
Seither's Seafood,"New Orleans, Louisiana",2019-03-01,jev-1.13.0,v2,,Dive,0.88,0.0,0.0,0.92,0.08,0.09,0.28,0.62,,,foodiepie,1009
Boteco,"Austin, Texas",2019-03-08,jev-1.13.0,v2,,Drive-In,0.92,0.0,0.94,0.02,0.04,0.04,0.94,0.4,,,foodiepie,1028
Greens & Gravy,"Atlanta, Georgia",2019-03-08,jev-1.13.0,v2,,Other,0.93,0.05,0.0,0.0,0.95,0.21,0.08,0.24,"Southern, Cajun & soul",1.0,foodiepie,1016
Porter's Real Barbecue,"Richland, Washington",2019-03-08,jev-1.13.0,v2,,Other,1.0,0.0,0.0,0.0,1.0,0.09,0.18,0.35,BBQ & smokehouses,1.0,foodiepie,994
Hankook Taqueria,"Atlanta, Georgia",2019-03-29,jev-1.13.0,v2,,Other,0.53,0.0,0.01,0.34,0.65,0.05,0.16,0.43,Mexican & Latin,0.77,foodiepie,1050
Pieous,"Austin, Texas",2019-03-29,jev-1.13.0,v2,,Other,1.0,0.0,0.0,0.0,1.0,0.16,0.06,0.08,New American bistros,0.42,foodiepie,1036
The Folded Pizza Pie,"Richland, Washington",2019-03-29,jev-1.13.0,v2,,Other,1.0,0.0,0.0,0.0,1.0,0.09,0.12,0.3,Pizza & Italian,1.0,foodiepie,1036
Barley's Brewhub,"Kennewick, Washington",2019-04-12,jev-1.13.0,v2,,Other,0.83,0.0,0.0,0.12,0.88,0.08,0.02,0.41,Brewpubs & bars,1.0,web,975
Fable Diner,"Vancouver, British Columbia, Canada",2019-04-12,jev-1.13.0,v2,Diner,Diner,1.0,1.0,0.0,0.0,0.0,0.95,0.02,0.08,,,web,987
Pijiu Belly,"Atlanta, Georgia",2019-04-12,jev-1.13.0,v2,,Other,0.52,0.0,0.0,0.36,0.64,0.1,0.03,0.27,Brewpubs & bars,1.0,web,970
Grana,"Chico, California",2019-04-19,jev-1.13.0,v2,,Other,1.0,0.0,0.0,0.0,1.0,0.03,0.01,0.05,Pizza & Italian,0.93,web,966
The Banshee,"Chico, California",2019-04-19,jev-1.13.0,v2,,Dive,0.68,0.0,0.0,0.76,0.24,0.06,0.01,0.52,,,web,958
Upper Crust Bakery & Cafe,"Chico, California",2019-04-19,jev-1.13.0,v2,,Other,0.96,0.03,0.0,0.0,0.97,0.37,0.11,0.15,"Bakeries, cafes & desserts",1.0,web,983
Ethos Bakery & Cafe,"Richland, Washington",2019-05-03,jev-1.13.0,v2,,Other,0.99,0.01,0.0,0.0,0.99,0.28,0.08,0.13,"Bakeries, cafes & desserts",1.0,web,978
Sin of Cortez,"Chico, California",2019-05-03,jev-1.13.0,v2,,Diner,0.99,0.99,0.0,0.01,0.0,0.87,0.15,0.54,,,web,980
The Pie Hole,"Vancouver, British Columbia, Canada",2019-05-03,jev-1.13.0,v2,,Other,1.0,0.0,0.0,0.0,1.0,0.15,0.08,0.14,"Bakeries, cafes & desserts",1.0,web,995
Frost Me Sweet Bakery & Bistro,"Richland, Washington",2019-05-10,jev-1.13.0,v2,,Other,1.0,0.0,0.0,0.0,1.0,0.15,0.01,0.06,"Bakeries, cafes & desserts",0.99,web,990
Momona,"Chico, California",2019-05-10,jev-1.13.0,v2,,Other,1.0,0.0,0.0,0.0,1.0,0.03,0.01,0.16,Global kitchens,1.0,web,964
Tuc Craft Kitchen,"Vancouver, British Columbia, Canada",2019-05-10,jev-1.13.0,v2,,Other,0.98,0.0,0.0,0.02,0.98,0.11,0.01,0.18,Brewpubs & bars,1.0,web,969
Grand Ole BBQ,"San Diego, California",2019-05-24,jev-1.13.0,v2,,Other,1.0,0.0,0.0,0.0,1.0,0.07,0.09,0.19,BBQ & smokehouses,1.0,foodiepie,1121
Locale BBQ Post,"Wilmington, Delaware",2019-05-24,jev-1.13.0,v2,,Other,1.0,0.0,0.0,0.0,1.0,0.15,0.15,0.27,BBQ & smokehouses,1.0,foodiepie,1081
Tahini Nui,"Kauaʻi, Hawaii",2019-05-24,jev-1.13.0,v2,,Other,0.85,0.0,0.0,0.11,0.89,0.18,0.08,0.39,Seafood,0.57,foodiepie,1078
Corduroy Pie Co.,"Vancouver, British Columbia, Canada",2019-06-01,jev-1.13.0,v2,,Other,0.92,0.0,0.0,0.06,0.94,0.04,0.04,0.39,Pizza & Italian,1.0,foodiepie,1111
Luigi Vitrone's Pastabilities Trattoria,"Wilmington, Delaware",2019-06-01,jev-1.13.0,v2,,Other,1.0,0.0,0.0,0.0,1.0,0.03,0.01,0.17,Pizza & Italian,1.0,foodiepie,1097
Tahini,"San Diego, California",2019-06-01,jev-1.13.0,v2,,Other,0.57,0.0,0.03,0.3,0.67,0.04,0.45,0.6,Global kitchens,1.0,foodiepie,1134
Chuy's Taco Shop,"San Diego, California",2019-06-07,jev-1.13.0,v2,,Dive,0.58,0.0,0.0,0.69,0.31,0.04,0.16,0.57,,,foodiepie,1020
Stoney's Pub,"Wilmington, Delaware",2019-06-07,jev-1.13.0,v2,,Dive,0.75,0.0,0.0,0.81,0.19,0.06,0.02,0.48,,,foodiepie,1063
The Dolphin Restaurant,"Hanalei, Hawaii",2019-06-07,jev-1.13.0,v2,,Other,0.99,0.0,0.0,0.01,0.99,0.04,0.09,0.22,Seafood,1.0,foodiepie,1020
Hanalei Poke Food Truck,"Hanalei, Hawaii",2019-06-23,jev-1.13.0,v2,,Drive-In,0.99,0.0,0.99,0.0,0.01,0.03,0.96,0.3,,,foodiepie,1047
The Fish Counter,"Vancouver, British Columbia, Canada",2019-06-23,jev-1.13.0,v2,,Other,0.89,0.0,0.0,0.08,0.92,0.07,0.12,0.24,Seafood,1.0,foodiepie,1004
The Rawbar,"Chico, California",2019-06-23,jev-1.13.0,v2,,Other,1.0,0.0,0.0,0.0,1.0,0.03,0.02,0.17,Global kitchens,1.0,foodiepie,1056
Farmer & The Cow,"Wilmington, Delaware",2019-07-06,jev-1.13.0,v2,,Dive,0.42,0.12,0.02,0.5700000000000001,0.29,0.32,0.21,0.49,,,foodiepie,998
Jackalope's Neighbourhood Dive,"Vancouver, British Columbia, Canada",2019-07-06,jev-1.13.0,v2,Dive,Dive,1.0,0.0,0.0,1.0,0.0,0.49,0.04,0.91,,,foodiepie,1063
Tiger! Tiger!,"San Diego, California",2019-07-06,jev-1.13.0,v2,,Other,0.78,0.0,0.0,0.16,0.84,0.14,0.09,0.37,Brewpubs & bars,0.99,foodiepie,1013
Alforon,"San Diego, California",2019-07-17,jev-1.13.0,v2,,Other,1.0,0.0,0.0,0.0,1.0,0.04,0.06,0.26,Global kitchens,1.0,foodiepie,1012
Maiale Deli and Salumeria,"Wilmington, Delaware",2019-07-17,jev-1.13.0,v2,,Other,1.0,0.0,0.0,0.0,1.0,0.18,0.11,0.25,Sandwiches & delis,0.98,foodiepie,1059
Tiki Iniki,"Kaua ʻ i, Hawaii",2019-07-17,jev-1.13.0,v2,,Other,0.71,0.02,0.0,0.19,0.79,0.24,0.06,0.27,Global kitchens,0.67,foodiepie,1065
Jo's Diner,"San Diego, California",2019-07-25,jev-1.13.0,v2,Diner,Diner,0.97,0.97,0.0,0.0,0.03,0.76,0.03,0.15,,,foodiepie,1100
Mrs. Robino's,"Wilmington, Delaware",2019-07-25,jev-1.13.0,v2,,Other,1.0,0.0,0.0,0.0,1.0,0.05,0.02,0.28,Pizza & Italian,1.0,foodiepie,1117
Tasty Kabob,"El Paso, Texas",2019-07-25,jev-1.13.0,v2,,Other,1.0,0.0,0.0,0.0,1.0,0.03,0.06,0.22,Global kitchens,1.0,foodiepie,1052
Kansas City Taco Company,"Kansas City, Missouri",2019-08-02,jev-1.13.0,v2,,Dive,0.42,0.0,0.0,0.5700000000000001,0.43,0.07,0.11,0.37,,,foodiepie,1080
Lick It Up,"El Paso, Texas",2019-08-02,jev-1.13.0,v2,,Other,0.77,0.0,0.0,0.17,0.83,0.04,0.07,0.29,Mexican & Latin,1.0,foodiepie,1103
Saimin Dojo,"Kapa'a, Hawaii",2019-08-02,jev-1.13.0,v2,,Other,0.78,0.01,0.0,0.16,0.83,0.13,0.15,0.45,Global kitchens,1.0,foodiepie,1029
Banksia,"Kansas City, Missouri",2019-08-16,jev-1.13.0,v2,,Other,0.98,0.01,0.0,0.0,0.99,0.24,0.04,0.11,"Bakeries, cafes & desserts",0.99,foodiepie,1073
Kenji Burger,"Kaua ʻ i, Hawaii",2019-08-16,jev-1.13.0,v2,,Other,0.69,0.13,0.11,0.0,0.76,0.23,0.26,0.18,Global kitchens,0.87,foodiepie,1038
Rulis' International Kitchen,"El Paso, Texas",2019-08-16,jev-1.13.0,v2,,Other,0.99,0.0,0.0,0.01,0.99,0.11,0.04,0.25,Mexican & Latin,0.36,foodiepie,1094
Arable,"Santa Fe, New Mexico",2019-08-23,jev-1.13.0,v2,,Other,0.92,0.01,0.0,0.05,0.94,0.14,0.02,0.23,New American bistros,1.0,foodiepie,1119
Desert Oak Barbeque,"El Paso, Texas",2019-08-23,jev-1.13.0,v2,,Other,0.71,0.0,0.01,0.21,0.78,0.09,0.19,0.7,BBQ & smokehouses,1.0,foodiepie,1079
Jarocho,"Kansas City, Kansas",2019-08-23,jev-1.13.0,v2,,Other,1.0,0.0,0.0,0.0,1.0,0.03,0.05,0.18,Mexican & Latin,0.63,foodiepie,1113
DELIght,"El Paso, Texas",2019-09-06,jev-1.13.0,v2,,Other,0.99,0.01,0.0,0.0,0.99,0.26,0.1,0.18,Sandwiches & delis,0.63,foodiepie,1064
Extra Virgin,"Kansas City, Missouri",2019-09-06,jev-1.13.0,v2,,Other,1.0,0.0,0.0,0.0,1.0,0.03,0.02,0.1,Global kitchens,0.72,foodiepie,1126
Joseph's Culinary Pub,"Santa Fe, New Mexico",2019-09-06,jev-1.13.0,v2,,Other,1.0,0.0,0.0,0.0,1.0,0.04,0.01,0.03,New American bistros,1.0,foodiepie,1140
Krokstrom,"Kansas City, Missouri",2019-09-13,jev-1.13.0,v2,,Other,0.97,0.03,0.0,0.0,0.97,0.24,0.04,0.13,Global kitchens,0.96,foodiepie,1098
La Colonial Tortilla Factory,"El Paso, Texas",2019-09-13,jev-1.13.0,v2,,Other,0.47,0.0,0.0,0.39,0.61,0.05,0.23,0.61,Mexican & Latin,1.0,foodiepie,1090
The Beestro,"Santa Fe, New Mexico",2019-09-13,jev-1.13.0,v2,,Other,0.81,0.0,0.0,0.14,0.86,0.11,0.07,0.45,Global kitchens,1.0,foodiepie,1107
Dirty Water Dough Company,"Boston, Massachusetts",2019-10-04,jev-1.13.0,v2,,Other,0.76,0.0,0.0,0.18,0.82,0.14,0.09,0.43,Pizza & Italian,0.97,foodiepie,1051
Dr. Field Goods Kitchen,"Santa Fe, New Mexico",2019-10-04,jev-1.13.0,v2,,Other,1.0,0.0,0.0,0.0,1.0,0.2,0.18,0.13,New American bistros,0.68,foodiepie,1082
Noble Pie Parlor,"Reno, Nevada",2019-10-04,jev-1.13.0,v2,,Other,0.99,0.0,0.0,0.01,0.99,0.09,0.04,0.2,Pizza & Italian,0.99,foodiepie,1123
Bagelsaurus,"Cambridge, Massachusetts",2019-10-11,jev-1.13.0,v2,,Other,1.0,0.0,0.0,0.0,1.0,0.16,0.04,0.09,"Bakeries, cafes & desserts",0.88,foodiepie,1068
Rowley Farmhouse Ales,"Santa Fe, New Mexico",2019-10-11,jev-1.13.0,v2,,Other,0.99,0.0,0.0,0.0,1.0,0.22,0.03,0.19,Brewpubs & bars,1.0,foodiepie,1029
Washoe Public House,"Reno, Nevada",2019-10-11,jev-1.13.0,v2,,Other,0.97,0.0,0.0,0.02,0.98,0.09,0.02,0.15,New American bistros,0.71,foodiepie,1043
Paper Dosa,"Santa Fe, New Mexico",2019-10-18,jev-1.13.0,v2,,Other,1.0,0.0,0.0,0.0,1.0,0.03,0.05,0.17,Global kitchens,1.0,foodiepie,1059
Veggie Galaxy,"Cambridge, Massachusetts",2019-10-18,jev-1.13.0,v2,,Diner,1.0,1.0,0.0,0.0,0.0,0.92,0.04,0.14,,,foodiepie,1072
Yoshi's Unique Deli,"Reno, Nevada",2019-10-18,jev-1.13.0,v2,,Other,0.99,0.0,0.0,0.0,1.0,0.28,0.07,0.37,Sandwiches & delis,1.0,foodiepie,1092
Forno Rosso,"Juneau, Alaska",2019-11-01,jev-1.13.0,v2,,Other,0.68,0.0,0.24,0.0,0.76,0.04,0.81,0.38,Pizza & Italian,1.0,foodiepie,1152
Pucker Wilson's,"Juneau, Alaska",2019-11-01,jev-1.13.0,v2,,Drive-In,0.99,0.0,1.0,0.0,0.0,0.19,0.93,0.59,,,foodiepie,1047
V's Cellar Door,"Juneau, Alaska",2019-11-01,jev-1.13.0,v2,,Other,0.98,0.0,0.0,0.02,0.98,0.04,0.02,0.22,Mexican & Latin,0.66,foodiepie,1133
Carolina Kitchen and Barbeque Company,"Sparks, Nevada",2019-11-08,jev-1.13.0,v2,,Other,1.0,0.0,0.0,0.0,1.0,0.14,0.14,0.22,BBQ & smokehouses,1.0,foodiepie,1073
Highland Fried,"Cambridge, Massachusetts",2019-11-08,jev-1.13.0,v2,,Other,0.88,0.0,0.0,0.09,0.91,0.12,0.06,0.3,"Southern, Cajun & soul",0.72,foodiepie,1073
Zerelda's Bistro,"Juneau, Alaska",2019-11-08,jev-1.13.0,v2,,Other,1.0,0.0,0.0,0.0,1.0,0.15,0.05,0.23,BBQ & smokehouses,0.99,foodiepie,1090
In Bocca al Lupo,"Juneau, Alaska",2019-11-22,jev-1.13.0,v2,,Other,1.0,0.0,0.0,0.0,1.0,0.04,0.02,0.11,Pizza & Italian,1.0,foodiepie,1079
Jax,"Ottawa, Ontario, Canada",2019-11-22,jev-1.13.0,v2,,Other,0.97,0.02,0.0,0.0,0.98,0.27,0.03,0.08,Breakfast & brunch,0.86,foodiepie,1043
Perly's Restaurant and Delicatessen,"Richmond, Virginia",2019-11-22,jev-1.13.0,v2,,Other,0.99,0.01,0.0,0.0,0.99,0.31,0.02,0.14,Sandwiches & delis,1.0,foodiepie,1150
In a Pickle,"Waltham, Massachusetts",2019-11-29,jev-1.13.0,v2,,Diner,0.91,0.93,0.0,0.04,0.03,0.7,0.05,0.28,,,foodiepie,1076
Pauli's,"Boston, Massachusetts",2019-11-29,jev-1.13.0,v2,,Other,0.8,0.08,0.05,0.03,0.84,0.22,0.23,0.34,Sandwiches & delis,0.99,foodiepie,1042
Pigwich,"Kansas City, Missouri",2019-11-29,jev-1.13.0,v2,,Other,0.97,0.01,0.01,0.0,0.98,0.23,0.18,0.21,Sandwiches & delis,0.94,foodiepie,1046
Char-B-Que,"Reno, Nevada",2019-12-06,jev-1.13.0,v2,,Other,1.0,0.0,0.0,0.0,1.0,0.24,0.11,0.28,BBQ & smokehouses,1.0,foodiepie,1055
Pelican Seafood Market & Grill,"Ottawa, Ontario, Canada",2019-12-06,jev-1.13.0,v2,,Other,1.0,0.0,0.0,0.0,1.0,0.07,0.05,0.17,Seafood,1.0,foodiepie,1081
Pop's Market,"Richmond, Virginia",2019-12-06,jev-1.13.0,v2,,Other,0.99,0.0,0.0,0.0,1.0,0.29,0.05,0.21,Sandwiches & delis,0.8,foodiepie,1060
Art Is In,"Ottawa, Ontario, Canada",2019-12-27,jev-1.13.0,v2,,Other,1.0,0.0,0.0,0.0,1.0,0.14,0.1,0.1,"Bakeries, cafes & desserts",1.0,web,987
Butch & Babes,"Burlington, Vermont",2019-12-27,jev-1.13.0,v2,,Dive,0.83,0.07,0.0,0.87,0.06,0.34,0.04,0.56,,,foodiepie,1049
The Fancy Biscuit,"Richmond, Virginia",2019-12-27,jev-1.13.0,v2,,Other,0.61,0.29,0.0,0.0,0.71,0.44,0.04,0.12,Breakfast & brunch,0.9,foodiepie,1068
Carena's Jamaican Grille,"Chesterfield, Virginia",2020-01-03,jev-1.13.0,v2,,Other,1.0,0.0,0.0,0.0,1.0,0.08,0.07,0.26,Mexican & Latin,1.0,foodiepie,1061
Full Belly Deli,"Reno, Nevada",2020-01-03,jev-1.13.0,v2,,Other,0.93,0.05,0.0,0.0,0.95,0.45,0.08,0.22,Sandwiches & delis,1.0,foodiepie,1094
Occo Kitchen & Bar,"Ottawa, Ontario, Canada",2020-01-03,jev-1.13.0,v2,,Other,0.75,0.02,0.0,0.16,0.81,0.21,0.1,0.35,Sandwiches & delis,0.34,foodiepie,1055
Citizen Cider,"Burlington, Vermont",2020-01-17,jev-1.13.0,v2,,Other,1.0,0.0,0.0,0.0,1.0,0.07,0.02,0.13,Brewpubs & bars,0.97,foodiepie,1129
Meat Press,"Ottawa, Ontario, Canada",2020-01-17,jev-1.13.0,v2,,Other,1.0,0.0,0.0,0.0,1.0,0.11,0.05,0.13,Sandwiches & delis,0.92,foodiepie,1121
Soul Taco,"Richmond, Virginia",2020-01-17,jev-1.13.0,v2,,Other,0.9,0.0,0.0,0.07,0.93,0.1,0.08,0.24,Mexican & Latin,0.47,foodiepie,1047
Bluebird Barbecue,"Burlington, Vermont",2020-01-31,jev-1.13.0,v2,,Other,0.96,0.0,0.0,0.03,0.97,0.08,0.06,0.33,BBQ & smokehouses,1.0,foodiepie,1113
The Foolish Chicken,"Ottawa, Ontario, Canada",2020-01-31,jev-1.13.0,v2,,Other,0.99,0.0,0.0,0.0,1.0,0.16,0.18,0.31,BBQ & smokehouses,0.98,foodiepie,1134
ZZQ Texas Craft Barbeque,"Richmond, Virginia",2020-01-31,jev-1.13.0,v2,,Other,0.96,0.0,0.02,0.01,0.97,0.12,0.33,0.43,BBQ & smokehouses,1.0,web,968
Grammy's Goodies,"Wheat Ridge, Colorado",2020-02-07,jev-1.13.0,v2,,Other,1.0,0.0,0.0,0.0,1.0,0.1,0.09,0.27,Pizza & Italian,1.0,foodiepie,1149
Herm's Inn,"Logan, Utah",2020-02-07,jev-1.13.0,v2,,Diner,0.92,0.94,0.0,0.0,0.06,0.69,0.04,0.28,,,foodiepie,1150
Pingala Cafe,"Burlington, Vermont",2020-02-07,jev-1.13.0,v2,,Other,0.63,0.27,0.0,0.0,0.73,0.3,0.06,0.11,"Bakeries, cafes & desserts",0.77,foodiepie,1151
Areyto,"Denver, Colorado",2020-02-21,jev-1.13.0,v2,,Drive-In,0.99,0.0,0.99,0.0,0.01,0.03,0.95,0.26,,,foodiepie,1056
El Salvador Los Primas,"Logan, Utah",2020-02-21,jev-1.13.0,v2,,Other,0.98,0.0,0.0,0.02,0.98,0.04,0.09,0.41,Mexican & Latin,1.0,web,987
Taco Gordo,"Burlington, Vermont",2020-02-21,jev-1.13.0,v2,,Dive,0.9,0.0,0.0,0.93,0.07,0.06,0.13,0.58,,,foodiepie,1035
Hong's Chinese Dumplings,"Burlington, Vermont",2020-03-06,jev-1.13.0,v2,,Drive-In,0.79,0.0,0.85,0.0,0.15,0.04,0.78,0.64,,,foodiepie,1067
Tandoori Oven,"Logan, Utah",2020-03-06,jev-1.13.0,v2,,Dive,0.8,0.0,0.0,0.85,0.15,0.03,0.2,0.81,,,foodiepie,1065
Welton St. Cafe,"Denver, Colorado",2020-03-06,jev-1.13.0,v2,,Other,0.8,0.14,0.0,0.0,0.86,0.37,0.05,0.34,"Southern, Cajun & soul",1.0,foodiepie,1062
Florence's Cafe,"Oklahoma City, Oklahoma",2020-03-20,jev-1.13.0,v2,,Diner,0.56,0.67,0.0,0.0,0.33,0.61,0.06,0.38,,,foodiepie,1036
Just Be Kitchen,"Denver, Colorado",2020-03-20,jev-1.13.0,v2,,Diner,0.71,0.78,0.0,0.0,0.22,0.49,0.04,0.1,,,foodiepie,1104
The Pie Dump,"Garland, Utah",2020-03-20,jev-1.13.0,v2,,Diner,0.88,0.91,0.0,0.01,0.08,0.7,0.11,0.57,,,foodiepie,1051
Bun Daddy,"Juneau, Alaska",2020-04-03,jev-1.13.0,v2,,Drive-In,0.99,0.0,0.99,0.0,0.01,0.04,0.95,0.4,,,foodiepie,1061
Sabores,"Logan, Utah",2020-04-03,jev-1.13.0,v2,,Other,0.96,0.03,0.0,0.0,0.97,0.24,0.1,0.34,Mexican & Latin,1.0,foodiepie,1045
il porcellino salumi,"Denver, Colorado",2020-04-03,jev-1.13.0,v2,,Other,1.0,0.0,0.0,0.0,1.0,0.11,0.04,0.14,Sandwiches & delis,0.98,foodiepie,1083
Aviv,"Portland, Oregon",2020-04-17,jev-1.13.0,v2,,Other,1.0,0.0,0.0,0.0,1.0,0.07,0.14,0.19,Global kitchens,0.99,foodiepie,1028
Blue Pan,"Denver, Colorado",2020-04-17,jev-1.13.0,v2,,Other,1.0,0.0,0.0,0.0,1.0,0.05,0.05,0.2,Pizza & Italian,1.0,foodiepie,1024
Maymoes,"Logan, Utah",2020-04-17,jev-1.13.0,v2,,Other,0.95,0.04,0.0,0.0,0.96,0.29,0.12,0.28,"Southern, Cajun & soul",1.0,foodiepie,1053
Pirate Republic,"Ft. Lauderdale, Florida",2020-06-19,jev-1.13.0,v2,,Other,0.92,0.0,0.0,0.06,0.94,0.04,0.03,0.29,Seafood,0.99,foodiepie,1040
Seasons and Regions Seafood Grill,"Portland, Oregon",2020-06-19,jev-1.13.0,v2,,Other,1.0,0.0,0.0,0.0,1.0,0.1,0.02,0.09,Seafood,1.0,foodiepie,1062
The Saucee Sicilian,"Oklahoma City, Oklahoma",2020-06-19,jev-1.13.0,v2,,Drive-In,0.89,0.0,0.92,0.0,0.08,0.03,0.93,0.24,,,foodiepie,1042
Güero,"Portland, Oregon",2020-07-10,jev-1.13.0,v2,,Other,0.92,0.0,0.0,0.06,0.94,0.1,0.08,0.32,Mexican & Latin,0.98,foodiepie,1096
Krakatoa,"Hollywood, Florida",2020-07-10,jev-1.13.0,v2,,Other,1.0,0.0,0.0,0.0,1.0,0.02,0.05,0.26,Global kitchens,1.0,foodiepie,1051
Travel by Taste,"Warr Acres, Oklahoma",2020-07-10,jev-1.13.0,v2,,Other,1.0,0.0,0.0,0.0,1.0,0.03,0.06,0.31,Global kitchens,1.0,foodiepie,1011
Gaul & Co. Malt House,"Philadelphia, Pennsylvania",2020-08-21,jev-1.13.0,v2,,Dive,0.46,0.01,0.0,0.6,0.39,0.22,0.02,0.39,,,foodiepie,1072
Hardena Restaurant,"Philadelphia, Pennsylvania",2020-08-21,jev-1.13.0,v2,,Other,1.0,0.0,0.0,0.0,1.0,0.03,0.05,0.3,Global kitchens,1.0,foodiepie,1021
Stogie Joes Tavern,"Philadelphia, Pennsylvania",2020-08-21,jev-1.13.0,v2,,Dive,0.92,0.0,0.0,0.94,0.06,0.2,0.02,0.68,,,foodiepie,1015
3 Sons Brewing Co.,"Dania Beach, Florida",2020-09-18,jev-1.13.0,v2,,Other,1.0,0.0,0.0,0.0,1.0,0.04,0.04,0.16,Brewpubs & bars,1.0,foodiepie,1085
Stone Sisters Pizza Bar,"Oklahoma City, Oklahoma",2020-09-18,jev-1.13.0,v2,,Other,1.0,0.0,0.0,0.0,1.0,0.07,0.07,0.18,Pizza & Italian,1.0,foodiepie,1066
Yonder,"Portland, Oregon",2020-09-18,jev-1.13.0,v2,,Other,0.97,0.02,0.0,0.0,0.98,0.24,0.05,0.16,"Southern, Cajun & soul",1.0,foodiepie,1080
Chick N Beer,"Oklahoma City, Oklahoma",2020-10-16,jev-1.13.0,v2,,Dive,0.49,0.0,0.0,0.62,0.38,0.06,0.05,0.41,,,foodiepie,1056
Kababi Cafe,"Sunrise, Florida",2020-10-16,jev-1.13.0,v2,,Other,1.0,0.0,0.0,0.0,1.0,0.04,0.04,0.2,Global kitchens,1.0,foodiepie,1040
Viking Soul Food,"Portland, Oregon",2020-10-16,jev-1.13.0,v2,,Drive-In,0.98,0.0,0.98,0.0,0.02,0.06,0.93,0.34,,,foodiepie,1046
Chin's Kitchen,"Portland, Oregon",2020-10-30,jev-1.13.0,v2,,Other,1.0,0.0,0.0,0.0,1.0,0.04,0.03,0.25,Global kitchens,1.0,foodiepie,1051
Guyutes,"Oklahoma City, Oklahoma",2020-10-30,jev-1.13.0,v2,,Other,0.98,0.0,0.0,0.01,0.99,0.08,0.02,0.09,New American bistros,0.47,foodiepie,1072
Woodrow’s Sandwich Shop,"Philadelphia, Pennsylvania",2020-10-30,jev-1.13.0,v2,,Other,0.72,0.21,0.0,0.0,0.79,0.4,0.08,0.14,Sandwiches & delis,1.0,foodiepie,1072
Farmer's Keep,"Philadelphia, Pennsylvania",2020-11-13,jev-1.13.0,v2,,Other,0.99,0.01,0.0,0.0,0.99,0.11,0.05,0.1,New American bistros,1.0,foodiepie,1050
Los Bocados,"Parkland, Florida",2020-11-13,jev-1.13.0,v2,,Dive,0.98,0.0,0.01,0.99,0.0,0.04,0.71,0.85,,,foodiepie,1047
Pounds,"Fargo, North Dakota",2020-11-13,jev-1.13.0,v2,,Dive,0.43,0.12,0.0,0.58,0.3,0.31,0.07,0.45,,,foodiepie,1051
Blackbird Woodfire,"Fargo, North Dakota",2020-11-20,jev-1.13.0,v2,,Other,1.0,0.0,0.0,0.0,1.0,0.04,0.03,0.11,Pizza & Italian,0.8,foodiepie,1054
J28 Sandwich Bar,"Hollywood, Florida",2020-11-20,jev-1.13.0,v2,,Other,0.99,0.0,0.0,0.0,1.0,0.17,0.11,0.33,Mexican & Latin,0.52,foodiepie,1079
Mom Mom's Kitchen,"Philadelphia, Pennsylvania",2020-11-20,jev-1.13.0,v2,,Other,0.97,0.0,0.02,0.0,0.98,0.1,0.22,0.27,Global kitchens,1.0,foodiepie,1123
"""O"" So Good Restaurant","Garretson, South Dakota",2021-01-01,jev-1.13.0,v2,,Other,0.54,0.13,0.0,0.21,0.66,0.32,0.11,0.47,"Southern, Cajun & soul",1.0,foodiepie,1022
Lalibela,"Sioux Falls, South Dakota",2021-01-01,jev-1.13.0,v2,,Other,1.0,0.0,0.0,0.0,1.0,0.02,0.02,0.28,Global kitchens,1.0,foodiepie,1038
Urban Chislic,"Sioux Falls, South Dakota",2021-01-01,jev-1.13.0,v2,,Other,0.53,0.2,0.0,0.15,0.65,0.33,0.11,0.33,New American bistros,0.63,foodiepie,1087
Bread & Circus Sandwich Kitchen,"Sioux Falls, South Dakota",2021-01-08,jev-1.13.0,v2,,Other,0.99,0.01,0.0,0.0,0.99,0.13,0.07,0.14,Sandwiches & delis,0.99,foodiepie,1056
Passage to India,"Fargo, North Dakota",2021-01-08,jev-1.13.0,v2,,Other,1.0,0.0,0.0,0.0,1.0,0.03,0.04,0.19,Global kitchens,1.0,foodiepie,1090
The Hungry Robot,"Fairbanks, Alaska",2021-01-08,jev-1.13.0,v2,,Other,1.0,0.0,0.0,0.0,1.0,0.08,0.13,0.23,Pizza & Italian,1.0,foodiepie,1099
Hari Om Cuisine of India,"Fairbanks, Alaska",2021-01-29,jev-1.13.0,v2,,Other,1.0,0.0,0.0,0.0,1.0,0.02,0.04,0.17,Global kitchens,1.0,foodiepie,1014
Look's Marketplace,"Sioux Falls, South Dakota",2021-01-29,jev-1.13.0,v2,,Other,1.0,0.0,0.0,0.0,1.0,0.1,0.06,0.29,Butchers & markets,0.99,foodiepie,1064
Nichole's Fine Pastry & Cafe,"Fargo, North Dakota",2021-01-29,jev-1.13.0,v2,,Other,1.0,0.0,0.0,0.0,1.0,0.21,0.03,0.09,"Bakeries, cafes & desserts",1.0,foodiepie,1089
Daily Clean Food & Drink,"Sioux Falls, South Dakota",2021-02-12,jev-1.13.0,v2,,Other,0.46,0.4,0.0,0.0,0.6,0.42,0.11,0.12,New American bistros,0.99,foodiepie,1095
Lavelle's Bistro,"Fairbanks, Alaska",2021-02-12,jev-1.13.0,v2,,Other,1.0,0.0,0.0,0.0,1.0,0.06,0.01,0.04,New American bistros,1.0,foodiepie,1067
Sol Ave. Kitchen,"Moorhead, Minnesota",2021-02-12,jev-1.13.0,v2,,Other,0.99,0.0,0.0,0.0,1.0,0.13,0.11,0.16,Global kitchens,0.5,foodiepie,1055
Jazz Bistro On 4th,"Fairbanks, Alaska",2021-02-26,jev-1.13.0,v2,,Other,1.0,0.0,0.0,0.0,1.0,0.05,0.02,0.18,Mexican & Latin,0.99,foodiepie,1023
Mein Diner Food Truck,"Fairbanks, Alaska",2021-02-26,jev-1.13.0,v2,Diner,Drive-In,0.81,0.11,0.85,0.0,0.04,0.21,0.96,0.35,,,foodiepie,1032
Salty's On 2nd,"Fairbanks, Alaska",2021-02-26,jev-1.13.0,v2,,Diner,0.99,0.99,0.0,0.0,0.01,0.76,0.07,0.36,,,foodiepie,1014
Cholo Soy Cocina,"West Palm Beach, Florida",2021-04-30,jev-1.13.0,v2,,Other,0.67,0.0,0.0,0.25,0.75,0.08,0.13,0.35,Mexican & Latin,1.0,foodiepie,1121
Herbie's Bar & Chowder House,"Marathon, Florida",2021-04-30,jev-1.13.0,v2,,Dive,0.8,0.06,0.0,0.85,0.09,0.38,0.09,0.6,,,foodiepie,1110
Rustica,"Moorhead, Minnesota",2021-04-30,jev-1.13.0,v2,,Other,0.98,0.02,0.0,0.0,0.98,0.25,0.03,0.15,New American bistros,0.63,foodiepie,1044
La Scarola,"Chicago, Illinois",2021-06-04,jev-1.13.0,v2,,Other,0.45,0.0,0.0,0.41,0.59,0.07,0.02,0.54,Pizza & Italian,1.0,foodiepie,1095
Coolinary Cafe,"Palm Beach Gardens, Florida",2021-07-16,jev-1.13.0,v2,,Other,0.99,0.01,0.0,0.0,0.99,0.18,0.03,0.09,New American bistros,0.94,foodiepie,1083
Irie Island Eats,"Marathon, Florida",2021-07-16,jev-1.13.0,v2,,Drive-In,0.34,0.0,0.5,0.0,0.5,0.05,0.73,0.14,,,foodiepie,1092
Joey's Kitchen,"Lahaina, Hawaii",2021-07-16,jev-1.13.0,v2,,Other,1.0,0.0,0.0,0.0,1.0,0.07,0.07,0.19,Global kitchens,1.0,foodiepie,1038
Castaway Waterfront Restaurant & Sushi Bar,"Marathon, Florida",2021-07-30,jev-1.13.0,v2,,Other,0.98,0.0,0.0,0.01,0.99,0.13,0.04,0.26,Seafood,1.0,foodiepie,1060
Le Yellow Sub,"Hilo, Hawaii",2021-07-30,jev-1.13.0,v2,,Drive-In,0.98,0.0,0.98,0.0,0.02,0.04,0.95,0.4,,,foodiepie,1064
South Maui Fish Company,"Kihei, Hawaii",2021-07-30,jev-1.13.0,v2,,Drive-In,0.99,0.0,0.99,0.0,0.01,0.04,0.93,0.47,,,foodiepie,1081
Cafe Pesto,"Hilo, Hawaii",2021-08-13,jev-1.13.0,v2,,Other,0.77,0.17,0.0,0.0,0.83,0.48,0.07,0.21,Pizza & Italian,0.73,foodiepie,1060
The Butcher Shop Beer Garden & Grill,"West Palm Beach, Florida",2021-08-13,jev-1.13.0,v2,,Other,0.98,0.0,0.0,0.01,0.99,0.17,0.09,0.25,Brewpubs & bars,0.6,foodiepie,1061
Traveler's Table,"Houston, Texas",2021-08-13,jev-1.13.0,v2,,Other,1.0,0.0,0.0,0.0,1.0,0.04,0.02,0.06,New American bistros,0.99,foodiepie,1070
Fresco Cafe Italiano,"Houston, Texas",2021-09-03,jev-1.13.0,v2,,Other,1.0,0.0,0.0,0.0,1.0,0.04,0.03,0.12,Pizza & Italian,1.0,foodiepie,1031
Hilo Bay Cafe,"Hilo, Hawaii",2021-09-03,jev-1.13.0,v2,,Other,0.99,0.0,0.0,0.0,1.0,0.18,0.02,0.08,New American bistros,0.9,foodiepie,1077
Weights + Measures,"Houston, Texas",2021-09-03,jev-1.13.0,v2,,Other,0.99,0.0,0.0,0.0,1.0,0.19,0.02,0.21,New American bistros,0.91,foodiepie,1091
Be More Pacific,"Houston, Texas",2021-09-17,jev-1.13.0,v2,,Other,0.98,0.0,0.0,0.02,0.98,0.09,0.07,0.31,Global kitchens,0.99,foodiepie,1052
Matteo's Osteria,"Wailea, Hawaii",2021-09-17,jev-1.13.0,v2,,Other,1.0,0.0,0.0,0.0,1.0,0.02,0.01,0.05,Pizza & Italian,1.0,foodiepie,1058
NW Sausage and Deli,"Centralia, Washington",2021-09-17,jev-1.13.0,v2,,Other,0.99,0.0,0.0,0.01,0.99,0.22,0.11,0.56,Sandwiches & delis,0.89,foodiepie,1070
Mackinaw's Restaurant,"Chehalis, Washington",2021-10-01,jev-1.13.0,v2,,Other,1.0,0.0,0.0,0.0,1.0,0.05,0.02,0.04,New American bistros,1.0,foodiepie,1070
The Toasted Coconut,"Houston, Texas",2021-10-01,jev-1.13.0,v2,,Other,0.99,0.0,0.0,0.0,1.0,0.12,0.02,0.08,Brewpubs & bars,0.9,foodiepie,1066
Zydeco Kitchen & Cocktails,"Bend, Oregon",2021-10-01,jev-1.13.0,v2,,Other,1.0,0.0,0.0,0.0,1.0,0.12,0.02,0.16,"Southern, Cajun & soul",0.96,foodiepie,1073
Once Upon A Thyme,"Chehalis, Washington",2021-10-15,jev-1.13.0,v2,,Diner,0.35,0.51,0.0,0.0,0.49,0.36,0.06,0.17,,,foodiepie,1075
Soy Bistro,"Brentwood, Tennessee",2021-10-15,jev-1.13.0,v2,,Other,1.0,0.0,0.0,0.0,1.0,0.07,0.04,0.15,Global kitchens,1.0,foodiepie,1052
The Pit Room,"Houston, Texas",2021-10-15,jev-1.13.0,v2,,Other,0.99,0.0,0.0,0.01,0.99,0.09,0.14,0.39,BBQ & smokehouses,1.0,foodiepie,1076
Arempa's,"Salt Lake City, Utah",2021-10-22,jev-1.13.0,v2,,Other,1.0,0.0,0.0,0.0,1.0,0.05,0.14,0.25,Mexican & Latin,1.0,foodiepie,1049
Riddim N Spice,"Nashville, Tennessee",2021-10-22,jev-1.13.0,v2,,Other,1.0,0.0,0.0,0.0,1.0,0.05,0.17,0.21,Mexican & Latin,0.98,foodiepie,1080
Rockin' Dave's Bagel Bistro,"Bend, Oregon",2021-10-22,jev-1.13.0,v2,,Other,0.98,0.01,0.0,0.0,0.99,0.37,0.06,0.26,Sandwiches & delis,1.0,foodiepie,1040
Dump City Dumplings,"Bend, Oregon",2021-11-05,jev-1.13.0,v2,,Other,0.69,0.0,0.2,0.03,0.77,0.05,0.48,0.36,Global kitchens,0.99,foodiepie,1042
Nicky's Coal Fired,"Nashville, Tennessee",2021-11-05,jev-1.13.0,v2,,Other,1.0,0.0,0.0,0.0,1.0,0.05,0.04,0.19,Pizza & Italian,1.0,foodiepie,1059
Papito Moe's,"West Jordan, Utah",2021-11-05,jev-1.13.0,v2,,Other,1.0,0.0,0.0,0.0,1.0,0.11,0.07,0.33,Mexican & Latin,1.0,foodiepie,1059
Fattoush Cafe,"Nashville, Tennessee",2021-11-19,jev-1.13.0,v2,,Other,1.0,0.0,0.0,0.0,1.0,0.04,0.05,0.28,Global kitchens,1.0,foodiepie,1048
Santo Taco,"Salt Lake City, Utah",2021-11-19,jev-1.13.0,v2,,Dive,0.55,0.0,0.02,0.67,0.31,0.03,0.36,0.61,,,foodiepie,1035
The Feisty Pint,"Grand Junction, Colorado",2021-11-19,jev-1.13.0,v2,,Other,0.36,0.11,0.0,0.37,0.52,0.45,0.02,0.34,Brewpubs & bars,1.0,foodiepie,1081
59er Diner,"Leavenworth, Washington",2021-11-26,jev-1.13.0,v2,Diner,Diner,1.0,1.0,0.0,0.0,0.0,0.97,0.06,0.49,,,foodiepie,1026
Graze Nashville,"Nashville, Tennessee",2021-11-26,jev-1.13.0,v2,,Other,0.95,0.04,0.0,0.0,0.96,0.21,0.05,0.1,New American bistros,0.83,foodiepie,1095
Sauce Boss Southern Kitchen,"Draper, Utah",2021-11-26,jev-1.13.0,v2,,Other,0.71,0.21,0.0,0.0,0.79,0.33,0.08,0.28,"Southern, Cajun & soul",1.0,foodiepie,1074
Curry Fried Chicken,"Salt Lake City, Utah",2021-12-17,jev-1.13.0,v2,,Other,0.99,0.0,0.0,0.01,0.99,0.06,0.23,0.38,Global kitchens,1.0,foodiepie,1044
Frank's Famous Chicken & Waffles,"Albuquerque, New Mexico",2021-12-17,jev-1.13.0,v2,,Other,0.47,0.39,0.0,0.0,0.61,0.37,0.11,0.27,"Southern, Cajun & soul",1.0,foodiepie,1047
TacoParty,"Grand Junction, Colorado",2021-12-17,jev-1.13.0,v2,,Other,0.99,0.0,0.0,0.01,0.99,0.05,0.1,0.09,Mexican & Latin,1.0,foodiepie,1088
Kobe Japanese Restaurant,"Millcreek, Utah",2022-01-28,jev-1.13.0,v2,,Other,1.0,0.0,0.0,0.0,1.0,0.03,0.03,0.25,Global kitchens,1.0,foodiepie,1085
Red Rock Deli,"Albuquerque, New Mexico",2022-01-28,jev-1.13.0,v2,,Other,1.0,0.0,0.0,0.0,1.0,0.14,0.06,0.33,Sandwiches & delis,0.75,foodiepie,1046
il Bistro Italiano,"Grand Junction, Colorado",2022-01-28,jev-1.13.0,v2,,Other,1.0,0.0,0.0,0.0,1.0,0.06,0.02,0.12,Pizza & Italian,0.98,foodiepie,1037
Hickory House Ribs,"Aspen, Colorado",2022-02-25,jev-1.13.0,v2,,Other,1.0,0.0,0.0,0.0,1.0,0.3,0.07,0.18,BBQ & smokehouses,1.0,foodiepie,1047
Kitsune,"Albuquerque, New Mexico",2022-02-25,jev-1.13.0,v2,,Other,0.86,0.0,0.1,0.0,0.9,0.06,0.41,0.23,Global kitchens,1.0,foodiepie,1032
Seoul Casa,"Anchorage, Alaska",2022-02-25,jev-1.13.0,v2,,Other,0.99,0.0,0.0,0.01,0.99,0.06,0.08,0.25,Global kitchens,0.54,foodiepie,1042
Guava Tree Cafe,"Albuquerque, New Mexico",2022-03-04,jev-1.13.0,v2,,Other,0.98,0.01,0.0,0.01,0.98,0.18,0.16,0.34,Mexican & Latin,1.0,foodiepie,1042
Highlands Alehouse,"Aspen, Colorado",2022-03-04,jev-1.13.0,v2,,Other,0.87,0.0,0.0,0.1,0.9,0.12,0.02,0.15,Mexican & Latin,0.46,foodiepie,1072
Waffles and Whatnot,"Anchorage, Alaska",2022-03-04,jev-1.13.0,v2,,Diner,0.68,0.76,0.0,0.0,0.24,0.54,0.12,0.17,,,foodiepie,1046
Haute Quarter Grill,"Anchorage, Alaska",2022-03-11,jev-1.13.0,v2,,Other,1.0,0.0,0.0,0.0,1.0,0.09,0.02,0.08,New American bistros,1.0,foodiepie,1047
J's Prairie Rose,"Laramie, Wyoming",2022-03-11,jev-1.13.0,v2,,Diner,1.0,1.0,0.0,0.0,0.0,0.95,0.06,0.42,,,foodiepie,1050
The Acre,"Albuquerque, New Mexico",2022-03-11,jev-1.13.0,v2,,Other,0.73,0.2,0.0,0.0,0.8,0.33,0.05,0.17,New American bistros,0.99,foodiepie,1055
Born in a Barn,"Laramie, Wyoming",2022-03-18,jev-1.13.0,v2,,Dive,0.91,0.01,0.0,0.93,0.06,0.18,0.04,0.44,,,foodiepie,1062
Sweet Melissa,"Laramie, Wyoming",2022-03-18,jev-1.13.0,v2,,Other,0.33,0.09,0.0,0.42,0.49,0.32,0.12,0.48,Brewpubs & bars,0.2,foodiepie,1079
Tequila 61,"Anchorage, Alaska",2022-03-18,jev-1.13.0,v2,,Other,1.0,0.0,0.0,0.0,1.0,0.03,0.03,0.14,Mexican & Latin,1.0,foodiepie,1081
Coda Bakery,"Albuquerque, New Mexico",2022-03-25,jev-1.13.0,v2,,Other,1.0,0.0,0.0,0.0,1.0,0.09,0.06,0.17,Global kitchens,0.58,foodiepie,1135
Crowbar & Grill,"Laramie, Wyoming",2022-03-25,jev-1.13.0,v2,,Other,0.46,0.01,0.0,0.4,0.59,0.21,0.06,0.32,Brewpubs & bars,0.9,foodiepie,1041
Originale,"Anchorage, Alaska",2022-03-25,jev-1.13.0,v2,,Other,1.0,0.0,0.0,0.0,1.0,0.13,0.07,0.24,Sandwiches & delis,0.48,foodiepie,1105
Alibi Wood Fire,"Laramie, Wyoming",2022-04-15,jev-1.13.0,v2,,Dive,0.48,0.0,0.0,0.61,0.39,0.16,0.03,0.45,,,foodiepie,1046
Ray's Place,"Anchorage, Alaska",2022-04-15,jev-1.13.0,v2,,Other,1.0,0.0,0.0,0.0,1.0,0.04,0.04,0.27,Global kitchens,1.0,foodiepie,1042
Rowley Inn,"Cleveland, Ohio",2022-04-15,jev-1.13.0,v2,,Diner,0.35,0.52,0.0,0.46,0.02,0.65,0.03,0.66,,,foodiepie,1056
Chaatable,"Nashville, Tennessee",2022-04-29,jev-1.13.0,v2,,Other,1.0,0.0,0.0,0.0,1.0,0.04,0.06,0.12,Global kitchens,1.0,foodiepie,1044
Mabel's BBQ,"Cleveland, Ohio",2022-04-29,jev-1.13.0,v2,,Other,0.99,0.0,0.0,0.0,1.0,0.12,0.04,0.23,BBQ & smokehouses,1.0,foodiepie,1057
El Fogon De La 31,"Juncos, Puerto Rico",2022-05-06,jev-1.13.0,v2,,Other,0.78,0.0,0.0,0.16,0.84,0.08,0.09,0.46,Mexican & Latin,1.0,foodiepie,1051
El Grifo,"Caguas, Puerto Rico",2022-05-06,jev-1.13.0,v2,,Other,0.98,0.01,0.0,0.0,0.99,0.18,0.05,0.1,New American bistros,0.63,foodiepie,1062
Mercado La Carreta,"San Juan, Puerto Rico",2022-05-06,jev-1.13.0,v2,,Other,0.99,0.01,0.0,0.0,0.99,0.17,0.04,0.14,Mexican & Latin,0.53,foodiepie,1072
Budare,"San Juan, Puerto Rico",2022-05-20,jev-1.13.0,v2,,Other,1.0,0.0,0.0,0.0,1.0,0.07,0.09,0.19,Mexican & Latin,1.0,foodiepie,1010
Double Dub's,"Laramie, Wyoming",2022-05-20,jev-1.13.0,v2,,Drive-In,1.0,0.0,1.0,0.0,0.0,0.05,0.93,0.46,,,foodiepie,1029
Mason's Creamery,"Cleveland, Ohio",2022-05-20,jev-1.13.0,v2,,Other,0.69,0.01,0.22,0.0,0.77,0.08,0.31,0.16,"Bakeries, cafes & desserts",0.97,foodiepie,1094
Fat Cats,"Cleveland, Ohio",2022-05-27,jev-1.13.0,v2,,Other,0.34,0.0,0.0,0.49,0.51,0.13,0.02,0.43,Global kitchens,0.93,foodiepie,1046
Haldi Chowk Indian Bistro,"Middletown, New Jersey",2022-05-27,jev-1.13.0,v2,,Other,1.0,0.0,0.0,0.0,1.0,0.03,0.05,0.17,Global kitchens,1.0,foodiepie,1031
Salao Tapas & Bar,"Caguas, Puerto Rico",2022-05-27,jev-1.13.0,v2,,Other,0.99,0.0,0.0,0.01,0.99,0.04,0.02,0.13,Brewpubs & bars,0.75,foodiepie,1028
Astoria Cafe & Market,"Cleveland, Ohio",2022-07-08,jev-1.13.0,v2,,Other,1.0,0.0,0.0,0.0,1.0,0.04,0.02,0.17,Global kitchens,0.98,foodiepie,1114
Orozco's Restaurant,"San Juan, Puerto Rico",2022-07-08,jev-1.13.0,v2,,Other,0.98,0.0,0.0,0.01,0.99,0.06,0.09,0.4,Mexican & Latin,1.0,foodiepie,1043
Turf Surf & Earth,"Somerville, New Jersey",2022-07-08,jev-1.13.0,v2,,Diner,0.54,0.66,0.0,0.0,0.34,0.49,0.1,0.27,,,foodiepie,1087
Chúla Artisan Eatery,"La Quinta, California",2022-07-15,jev-1.13.0,v2,,Other,0.99,0.01,0.0,0.0,0.99,0.3,0.04,0.1,New American bistros,0.48,foodiepie,1075
Good Company,"Cleveland, Ohio",2022-07-15,jev-1.13.0,v2,,Diner,0.68,0.76,0.0,0.06,0.18,0.68,0.04,0.21,,,foodiepie,1066
The Chubby Pickle,"Highlands, New Jersey",2022-07-15,jev-1.13.0,v2,,Dive,0.78,0.0,0.0,0.83,0.17,0.14,0.02,0.44,,,foodiepie,1057
Big Pinks BBQ,"Bridgewater Township, New Jersey",2022-07-29,jev-1.13.0,v2,,Drive-In,0.97,0.0,0.98,0.0,0.02,0.05,0.95,0.35,,,foodiepie,1017
Moo Yai Thai,"Sea Bright, New Jersey",2022-07-29,jev-1.13.0,v2,,Other,1.0,0.0,0.0,0.0,1.0,0.02,0.04,0.25,Global kitchens,1.0,foodiepie,1034
Pablo's Tacos & Beer,"Indio, California",2022-07-29,jev-1.13.0,v2,,Dive,0.59,0.0,0.0,0.69,0.31,0.05,0.06,0.61,,,foodiepie,1027
East Side Banh Mi,"Nashville, Tennessee",2022-08-05,jev-1.13.0,v2,,Other,1.0,0.0,0.0,0.0,1.0,0.08,0.06,0.13,Global kitchens,0.69,foodiepie,1099
Gastro Grind Burgers,"Palm Desert, California",2022-08-05,jev-1.13.0,v2,,Other,0.97,0.01,0.0,0.01,0.98,0.18,0.07,0.14,Brewpubs & bars,0.62,foodiepie,1048
The Real Italian Deli,"Palm Desert, California",2022-08-05,jev-1.13.0,v2,,Other,1.0,0.0,0.0,0.0,1.0,0.1,0.08,0.14,Sandwiches & delis,0.99,foodiepie,1062
Homegrown Taproom & Kitchen,"Nashville, Tennessee",2022-08-12,jev-1.13.0,v2,,Other,0.57,0.0,0.0,0.32,0.68,0.24,0.03,0.51,Brewpubs & bars,1.0,foodiepie,1075
Joe's Meat Market,"South Bound Brook, New Jersey",2022-08-12,jev-1.13.0,v2,,Other,1.0,0.0,0.0,0.0,1.0,0.14,0.07,0.42,Butchers & markets,0.53,foodiepie,1067
Pie Town Tacos,"Nashville, Tennessee",2022-08-12,jev-1.13.0,v2,,Drive-In,0.29,0.0,0.47,0.23,0.3,0.07,0.69,0.35,,,foodiepie,1054
El Mirasol Cocina Mexicana,"Palm Springs, California",2022-08-26,jev-1.13.0,v2,,Other,1.0,0.0,0.0,0.0,1.0,0.03,0.04,0.16,Mexican & Latin,1.0,foodiepie,1062
Gabino's Creperie,"Palm Springs, California",2022-08-26,jev-1.13.0,v2,,Dive,0.83,0.0,0.0,0.88,0.12,0.17,0.06,0.73,,,foodiepie,1044
King Tut's,"Nashville, Tennessee",2022-08-26,jev-1.13.0,v2,,Drive-In,0.67,0.0,0.75,0.0,0.25,0.03,0.87,0.19,,,foodiepie,1031
Bottle Cap,"Nashville, Tennessee",2022-09-09,jev-1.13.0,v2,,Dive,0.42,0.26,0.0,0.56,0.18,0.51,0.06,0.36,,,foodiepie,1065
Panheads Pizzeria,"New Smyrna Beach, Florida",2022-09-09,jev-1.13.0,v2,,Other,1.0,0.0,0.0,0.0,1.0,0.07,0.07,0.36,Pizza & Italian,1.0,foodiepie,1048
The Garlic,"New Smyrna Beach, Florida",2022-09-09,jev-1.13.0,v2,,Other,0.99,0.0,0.0,0.01,0.99,0.06,0.04,0.18,Pizza & Italian,0.95,foodiepie,1048
Arepita Beach,"Daytona Beach, Florida",2022-09-16,jev-1.13.0,v2,,Other,0.62,0.0,0.01,0.27,0.72,0.17,0.26,0.64,Mexican & Latin,1.0,foodiepie,1011
Millie's Restaurant & Catering,"Daytona Beach Shores, Florida",2022-09-16,jev-1.13.0,v2,,Other,0.98,0.01,0.0,0.0,0.99,0.25,0.04,0.22,Seafood,0.96,foodiepie,1043
Redheaded Stranger,"Nashville, Tennessee",2022-09-16,jev-1.13.0,v2,,Dive,0.9,0.0,0.0,0.93,0.07,0.08,0.17,0.55,,,foodiepie,1053
Amos Mosquito's,"Atlantic Beach, North Carolina",2022-09-30,jev-1.13.0,v2,,Other,0.63,0.11,0.0,0.17,0.72,0.24,0.07,0.41,Seafood,0.97,foodiepie,1100
Moat Mountain,"North Conway, New Hampshire",2022-09-30,jev-1.13.0,v2,,Other,0.99,0.0,0.0,0.0,1.0,0.11,0.06,0.22,BBQ & smokehouses,0.58,foodiepie,1067
Rose Villa Southern Table & Bar,"Ormond Beach, Florida",2022-09-30,jev-1.13.0,v2,,Other,1.0,0.0,0.0,0.0,1.0,0.08,0.01,0.06,"Southern, Cajun & soul",0.96,foodiepie,1046
Big Dave's Bagels & Deli,"North Conway, New Hampshire",2022-10-07,jev-1.13.0,v2,,Other,1.0,0.0,0.0,0.0,1.0,0.25,0.11,0.22,Sandwiches & delis,0.96,foodiepie,1053
"Floyd's 1921 Restaurant, Bar & Catering","Morehead City, North Carolina",2022-10-07,jev-1.13.0,v2,,Other,0.99,0.0,0.0,0.0,1.0,0.18,0.04,0.16,"Southern, Cajun & soul",0.92,foodiepie,1044
Third Wave Cafe,"New Smyrna Beach, Florida",2022-10-07,jev-1.13.0,v2,,Other,1.0,0.0,0.0,0.0,1.0,0.11,0.02,0.07,New American bistros,0.87,foodiepie,1118
Barley & Salt Tap House and Kitchen,"North Conway, New Hampshire",2022-11-04,jev-1.13.0,v2,,Other,0.93,0.0,0.0,0.05,0.95,0.12,0.02,0.21,Brewpubs & bars,1.0,foodiepie,1083
Ranchos Plaza Grill,"Ranchos de Taos, New Mexico",2022-11-04,jev-1.13.0,v2,,Other,1.0,0.0,0.0,0.0,1.0,0.07,0.06,0.26,Mexican & Latin,1.0,foodiepie,1034
Shepard Barbecue,"Emerald Isle, North Carolina",2022-11-04,jev-1.13.0,v2,,Other,0.99,0.0,0.01,0.0,0.99,0.15,0.37,0.34,BBQ & smokehouses,1.0,foodiepie,1026
Antonio's The Taste of Mexico,"Taos, New Mexico",2022-11-11,jev-1.13.0,v2,,Other,1.0,0.0,0.0,0.0,1.0,0.05,0.05,0.15,Mexican & Latin,1.0,foodiepie,1102
Gutiz,"Taos, New Mexico",2022-11-11,jev-1.13.0,v2,,Other,1.0,0.0,0.0,0.0,1.0,0.13,0.02,0.09,Breakfast & brunch,0.76,foodiepie,1174
Kindred,"San Diego, California",2022-11-11,jev-1.13.0,v2,,Dive,0.34,0.0,0.0,0.51,0.49,0.1,0.03,0.43,,,foodiepie,1046
Donabe Asian Kitchen,"Taos, New Mexico",2022-11-25,jev-1.13.0,v2,,Other,1.0,0.0,0.0,0.0,1.0,0.02,0.01,0.06,Global kitchens,1.0,web,974
Shawarma Guys,"San Diego, California",2022-11-25,jev-1.13.0,v2,,Drive-In,0.96,0.0,0.97,0.0,0.03,0.03,0.93,0.28,,,foodiepie,1086
Tuetano Taqueria,"San Diego, California",2022-11-25,jev-1.13.0,v2,,Dive,0.69,0.0,0.0,0.77,0.23,0.04,0.14,0.54,,,foodiepie,1024
ACEQ Restaurant,"Arroyo Seco, New Mexico",2022-12-16,jev-1.13.0,v2,,Other,1.0,0.0,0.0,0.0,1.0,0.17,0.03,0.08,New American bistros,0.99,foodiepie,1063
Aly's Eats,"Arroyo Seco, New Mexico",2022-12-16,jev-1.13.0,v2,,Other,0.9,0.05,0.01,0.01,0.93,0.17,0.18,0.24,"Bakeries, cafes & desserts",0.56,foodiepie,1030
Sovereign Thai,"San Diego, California",2022-12-16,jev-1.13.0,v2,,Other,0.99,0.0,0.0,0.01,0.99,0.03,0.03,0.27,Global kitchens,1.0,foodiepie,1033
NOLA on 5th,"San Diego, California",2023-01-06,jev-1.13.0,v2,,Dive,0.75,0.03,0.0,0.82,0.15,0.29,0.05,0.56,,,foodiepie,1000
Nutmeg Bakery & Cafe,"San Diego, California",2023-01-06,jev-1.13.0,v2,,Other,0.98,0.01,0.0,0.0,0.99,0.3,0.03,0.07,"Bakeries, cafes & desserts",1.0,foodiepie,1068
Roof 106,"Healdsburg, California",2023-01-06,jev-1.13.0,v2,,Other,1.0,0.0,0.0,0.0,1.0,0.04,0.02,0.05,New American bistros,0.5,foodiepie,1022
Bossie's Kitchen,"Santa Barbara, California",2023-01-13,jev-1.13.0,v2,,Other,0.67,0.24,0.0,0.0,0.76,0.37,0.06,0.23,New American bistros,0.78,foodiepie,1061
Chickpeas Mediterranean Cafe,"Las Vegas, Nevada",2023-01-13,jev-1.13.0,v2,,Other,1.0,0.0,0.0,0.0,1.0,0.04,0.09,0.2,Global kitchens,1.0,foodiepie,1037
The Chef's Touch BBQ Rig,"Santa Ynez, California",2023-01-13,jev-1.13.0,v2,,Drive-In,0.89,0.0,0.92,0.0,0.08,0.06,0.95,0.23,,,foodiepie,1055
Bettina,"Santa Barbara, California",2023-01-27,jev-1.13.0,v2,,Other,1.0,0.0,0.0,0.0,1.0,0.04,0.03,0.13,Pizza & Italian,1.0,foodiepie,1057
Marsigliano's,"Las Vegas, Nevada",2023-01-27,jev-1.13.0,v2,,Other,0.7,0.0,0.0,0.22,0.78,0.22,0.26,0.55,Pizza & Italian,1.0,foodiepie,1028
No Butcher,"Las Vegas, Nevada",2023-01-27,jev-1.13.0,v2,,Other,0.9,0.0,0.07,0.0,0.93,0.14,0.58,0.19,Sandwiches & delis,1.0,foodiepie,1047
House of Dutch Pot,"Las Vegas, Nevada",2023-02-17,jev-1.13.0,v2,,Other,1.0,0.0,0.0,0.0,1.0,0.05,0.08,0.32,Mexican & Latin,1.0,foodiepie,965
The Blue Owl,"Santa Barbara, California",2023-02-17,jev-1.13.0,v2,,Other,0.98,0.01,0.0,0.0,0.99,0.19,0.04,0.1,Global kitchens,0.58,foodiepie,1079
The Rebel House,"Boca Raton, Florida",2023-02-17,jev-1.13.0,v2,,Other,1.0,0.0,0.0,0.0,1.0,0.08,0.03,0.09,New American bistros,1.0,foodiepie,988
Rose's Daughter,"Delray Beach, Florida",2023-03-03,jev-1.13.0,v2,,Other,1.0,0.0,0.0,0.0,1.0,0.05,0.02,0.08,Pizza & Italian,0.99,foodiepie,1064
Shalhoob's Funk Zone Patio,"Santa Barbara, California",2023-03-03,jev-1.13.0,v2,,Other,0.96,0.01,0.0,0.02,0.97,0.16,0.08,0.24,New American bistros,0.99,foodiepie,1047
What's Zaap? Thai Food,"Las Vegas, Nevada",2023-03-03,jev-1.13.0,v2,,Other,1.0,0.0,0.0,0.0,1.0,0.03,0.05,0.2,Global kitchens,1.0,foodiepie,1099
Cheffrey Eats,"Boca Raton, Florida",2023-03-10,jev-1.13.0,v2,,Drive-In,1.0,0.0,1.0,0.0,0.0,0.1,0.93,0.39,,,foodiepie,1065
Secret Bao,"Santa Barbara, California",2023-03-10,jev-1.13.0,v2,,Other,1.0,0.0,0.0,0.0,1.0,0.04,0.08,0.15,Global kitchens,1.0,foodiepie,1048
The Butcher & The Bar,"Boynton Beach, Florida",2023-03-10,jev-1.13.0,v2,,Other,0.94,0.0,0.0,0.04,0.96,0.16,0.04,0.24,Butchers & markets,0.72,foodiepie,1113
Hellenic Republic,"Coral Springs, Florida",2023-03-17,jev-1.13.0,v2,,Other,0.99,0.01,0.0,0.0,0.99,0.22,0.06,0.17,Global kitchens,1.0,foodiepie,1028
La Cosinita Latina,"West Palm Beach, Florida",2023-03-17,jev-1.13.0,v2,,Other,1.0,0.0,0.0,0.0,1.0,0.06,0.07,0.28,Mexican & Latin,1.0,foodiepie,1003
Letty's de Leticia's Cocina,"Las Vegas, Nevada",2023-03-17,jev-1.13.0,v2,,Other,0.99,0.0,0.0,0.0,1.0,0.09,0.06,0.28,Mexican & Latin,1.0,foodiepie,1120
Alyonka Russian Cuisine,"Boise, Idaho",2023-03-31,jev-1.13.0,v2,,Other,1.0,0.0,0.0,0.0,1.0,0.09,0.03,0.28,Global kitchens,1.0,foodiepie,1057
Big Lee's BBQ,"Ocala, Florida",2023-03-31,jev-1.13.0,v2,,Other,0.97,0.0,0.02,0.0,0.98,0.1,0.38,0.29,BBQ & smokehouses,1.0,web,1000
Taj Mahal Homestyle Indian and Pakistani Cuisine,"Boise, Idaho",2023-03-31,jev-1.13.0,v2,,Other,1.0,0.0,0.0,0.0,1.0,0.03,0.04,0.23,Global kitchens,1.0,foodiepie,1045
Big Bon,"Savannah, Georgia",2023-04-14,jev-1.13.0,v2,,Other,0.56,0.0,0.01,0.32,0.67,0.17,0.29,0.59,"Bakeries, cafes & desserts",0.53,web,988
Saint Lawrence Gridiron,"Boise, Idaho",2023-04-14,jev-1.13.0,v2,,Other,0.95,0.03,0.0,0.01,0.96,0.28,0.08,0.23,BBQ & smokehouses,0.94,foodiepie,1055
Tango's Empanadas,"Boise, Idaho",2023-04-14,jev-1.13.0,v2,,Other,0.99,0.0,0.0,0.0,1.0,0.05,0.23,0.24,Mexican & Latin,1.0,foodiepie,1019
Sea Wolf Tybee,"Tybee Island, Georgia",2023-04-28,jev-1.13.0,v2,,Other,0.67,0.04,0.03,0.18,0.75,0.23,0.23,0.24,New American bistros,0.76,foodiepie,1001
Sisters of the New South,"Savannah, Georgia",2023-04-28,jev-1.13.0,v2,,Other,0.98,0.02,0.0,0.0,0.98,0.2,0.04,0.17,"Southern, Cajun & soul",1.0,foodiepie,1011
Sunshine Spice Bakery & Cafe,"Boise, Idaho",2023-04-28,jev-1.13.0,v2,,Other,1.0,0.0,0.0,0.0,1.0,0.1,0.04,0.14,"Bakeries, cafes & desserts",0.87,foodiepie,1069
Madre - Boutique Taqueria,"Boise, Idaho",2023-05-19,jev-1.13.0,v2,,Other,0.98,0.0,0.0,0.01,0.99,0.04,0.05,0.15,Mexican & Latin,1.0,foodiepie,1035
Sundae Cafe at Tybee,"Tybee Island, Georgia",2023-05-19,jev-1.13.0,v2,,Other,0.88,0.09,0.0,0.0,0.91,0.32,0.06,0.11,"Southern, Cajun & soul",0.74,foodiepie,1063
The Garage at Victory North,"Savannah, Georgia",2023-05-19,jev-1.13.0,v2,,Other,1.0,0.0,0.0,0.0,1.0,0.1,0.04,0.06,New American bistros,0.52,foodiepie,1031
Anita's Kitchen Gourmet Indian Food,"Bend, Oregon",2023-07-07,jev-1.13.0,v2,,Drive-In,0.69,0.0,0.77,0.0,0.23,0.03,0.87,0.51,,,foodiepie,1017
Chazito's Latin Cuisine,"Pooler, Georgia",2023-07-07,jev-1.13.0,v2,,Other,0.99,0.0,0.0,0.0,1.0,0.18,0.15,0.3,Mexican & Latin,1.0,foodiepie,1065
La Pupusa Urban Eatery,"Los Angeles, California",2023-07-07,jev-1.13.0,v2,,Other,0.99,0.0,0.0,0.0,1.0,0.17,0.18,0.27,Mexican & Latin,1.0,foodiepie,1071
A Broken Angel,"Bend, Oregon",2023-07-28,jev-1.13.0,v2,,Drive-In,0.93,0.0,0.95,0.0,0.05,0.08,0.87,0.2,,,foodiepie,1081
Lucius Q,"Cincinnati, Ohio",2023-07-28,jev-1.13.0,v2,,Other,1.0,0.0,0.0,0.0,1.0,0.15,0.07,0.25,BBQ & smokehouses,1.0,foodiepie,1018
South End,"Venice, Los Angeles, California",2023-07-28,jev-1.13.0,v2,,Other,1.0,0.0,0.0,0.0,1.0,0.05,0.03,0.07,Pizza & Italian,0.78,foodiepie,1077
Big Ski's Pierogis,"Bend, Oregon",2023-08-04,jev-1.13.0,v2,,Drive-In,0.97,0.0,0.98,0.0,0.02,0.05,0.94,0.4,,,foodiepie,1006
Tacos Y Birria La Unica,"Los Angeles, California",2023-08-04,jev-1.13.0,v2,,Drive-In,0.99,0.0,0.99,0.0,0.01,0.02,0.95,0.51,,,foodiepie,1069
The Governor,"Milford, Ohio",2023-08-04,jev-1.13.0,v2,,Diner,0.99,0.99,0.0,0.0,0.01,0.88,0.04,0.14,,,foodiepie,1060
High Camp Taphouse,"Sisters, Oregon",2023-08-18,jev-1.13.0,v2,,Other,0.86,0.0,0.0,0.11,0.89,0.07,0.11,0.28,Global kitchens,0.77,foodiepie,1049
Kiki College Hill,"Cincinnati, Ohio",2023-08-18,jev-1.13.0,v2,,Other,1.0,0.0,0.0,0.0,1.0,0.05,0.03,0.13,Global kitchens,0.91,foodiepie,1076
Marouch Restaurant,"Los Angeles, California",2023-08-18,jev-1.13.0,v2,,Other,1.0,0.0,0.0,0.0,1.0,0.04,0.05,0.25,Global kitchens,1.0,foodiepie,1040
Grace and Hammer Pizzeria,"Redmond, Oregon",2023-08-25,jev-1.13.0,v2,,Other,1.0,0.0,0.0,0.0,1.0,0.07,0.07,0.3,Pizza & Italian,1.0,foodiepie,1045
Schoolhouse Restaurant,"Camp Dennison, Ohio",2023-08-25,jev-1.13.0,v2,,Other,0.47,0.39,0.0,0.0,0.61,0.4,0.03,0.3,"Southern, Cajun & soul",1.0,foodiepie,988
The Stamford Diner,"Stamford, Connecticut",2023-08-25,jev-1.13.0,v2,Diner,Diner,1.0,1.0,0.0,0.0,0.0,0.95,0.03,0.27,,,foodiepie,1017
Big Jays Place,"Cincinnati, Ohio",2023-09-01,jev-1.13.0,v2,,Other,0.91,0.0,0.0,0.06,0.9400000000000001,0.17,0.19,0.51,Mexican & Latin,0.91,web,995
Dirty Birds,"Omaha, Nebraska",2023-09-01,jev-1.13.0,v2,,Other,0.49,0.04,0.26,0.08,0.62,0.15,0.18,0.28,"Southern, Cajun & soul",0.91,web,974
Feast Food Company,"Redmond, Oregon",2023-09-01,jev-1.13.0,v2,,Other,0.98,0.0,0.01,0.0,0.99,0.13,0.13,0.19,New American bistros,1.0,web,986
Izzy's Pizza Bus,"Omaha, Nebraska",2023-09-08,jev-1.13.0,v2,,Drive-In,0.63,0.0,0.72,0.0,0.28,0.05,0.85,0.26,,,foodiepie,1092
Rinconcito Salvadoreño,"Port Chester, New York",2023-09-08,jev-1.13.0,v2,,Other,0.97,0.0,0.0,0.02,0.98,0.05,0.09,0.54,Mexican & Latin,1.0,foodiepie,1002
Sago,"Cincinnati, Ohio",2023-09-08,jev-1.13.0,v2,,Other,1.0,0.0,0.0,0.0,1.0,0.04,0.04,0.14,Global kitchens,1.0,foodiepie,1065
Black Market Liquor Bar,"Studio City, Los Angeles, California",2023-09-15,jev-1.13.0,v2,,Other,0.97,0.0,0.0,0.02,0.98,0.06,0.02,0.08,New American bistros,0.82,foodiepie,1162
Bokujo Ramen,"Rapid City, South Dakota",2023-09-15,jev-1.13.0,v2,,Other,1.0,0.0,0.0,0.0,1.0,0.07,0.06,0.14,Global kitchens,0.8,foodiepie,1029
Il Pastaficio,"Greenwich, Connecticut",2023-10-13,jev-1.13.0,v2,,Other,1.0,0.0,0.0,0.0,1.0,0.02,0.03,0.09,Pizza & Italian,1.0,foodiepie,1055
WD Cravings,"Omaha, Nebraska",2023-10-13,jev-1.13.0,v2,,Other,0.63,0.28,0.0,0.0,0.72,0.25,0.04,0.13,"Bakeries, cafes & desserts",0.52,foodiepie,1096
daybird,"Los Angeles, California",2023-10-13,jev-1.13.0,v2,,Other,0.93,0.01,0.01,0.03,0.95,0.12,0.23,0.2,Global kitchens,0.82,foodiepie,1007
Grigg Street Pizza,"Greenwich, Connecticut",2023-10-20,jev-1.13.0,v2,,Other,1.0,0.0,0.0,0.0,1.0,0.07,0.04,0.21,Pizza & Italian,1.0,foodiepie,1091
Sitti's Table,"Cody, Wyoming",2023-10-20,jev-1.13.0,v2,,Other,1.0,0.0,0.0,0.0,1.0,0.11,0.04,0.06,Global kitchens,0.74,foodiepie,1080
The Noble South,"Mobile, Alabama",2023-10-20,jev-1.13.0,v2,,Other,0.98,0.01,0.0,0.0,0.99,0.2,0.03,0.08,New American bistros,0.62,foodiepie,1040
Corbo's Southside Deli,"Stamford, Connecticut",2023-10-27,jev-1.13.0,v2,,Other,0.99,0.01,0.0,0.0,0.99,0.31,0.08,0.38,Sandwiches & delis,1.0,foodiepie,1021
Kitchen Table,"Omaha, Nebraska",2023-10-27,jev-1.13.0,v2,,Other,0.72,0.21,0.0,0.0,0.79,0.32,0.05,0.12,New American bistros,0.76,foodiepie,1055
Southwood Kitchen,"Daphne, Alabama",2023-10-27,jev-1.13.0,v2,,Other,0.91,0.0,0.0,0.07,0.93,0.12,0.03,0.25,Seafood,0.55,foodiepie,1032
Kouzina Greek Taverna and Bar,"Stamford, Connecticut",2023-11-10,jev-1.13.0,v2,,Other,0.93,0.0,0.0,0.05,0.95,0.04,0.02,0.25,Global kitchens,0.97,foodiepie,1039
Modern Love,"Omaha, Nebraska",2023-11-10,jev-1.13.0,v2,,Other,0.77,0.17,0.0,0.0,0.83,0.25,0.07,0.16,New American bistros,0.52,foodiepie,1070
The Hummingbird Way Oyster Bar,"Mobile, Alabama",2023-11-10,jev-1.13.0,v2,,Other,1.0,0.0,0.0,0.0,1.0,0.03,0.02,0.04,Seafood,1.0,foodiepie,1059
307pizza,"Cody, Wyoming",2023-11-17,jev-1.13.0,v2,,Other,0.38,0.0,0.46,0.0,0.54,0.04,0.84,0.36,Pizza & Italian,1.0,foodiepie,1002
Block 16,"Omaha, Nebraska",2023-11-17,jev-1.13.0,v2,,Other,0.31,0.05,0.46,0.01,0.48,0.28,0.4,0.23,New American bistros,1.0,foodiepie,1035
Roosters,"Mobile, Alabama",2023-11-17,jev-1.13.0,v2,,Dive,0.53,0.0,0.0,0.65,0.35,0.05,0.13,0.51,,,foodiepie,1060
Front Yard Tacos,"Mobile, Alabama",2023-12-08,jev-1.13.0,v2,,Other,0.27,0.22,0.31,0.02,0.45,0.34,0.36,0.24,Mexican & Latin,0.85,foodiepie,1052
Nic's On Beverly,"Los Angeles, California",2023-12-08,jev-1.13.0,v2,,Other,1.0,0.0,0.0,0.0,1.0,0.16,0.03,0.11,New American bistros,0.98,foodiepie,1096
Saffron Street,"Calgary, Alberta, Canada",2023-12-08,jev-1.13.0,v2,,Other,1.0,0.0,0.0,0.0,1.0,0.03,0.06,0.18,Global kitchens,0.93,foodiepie,1042
Heaven Restaurant Market,"Calgary, Alberta, Canada",2023-12-15,jev-1.13.0,v2,,Other,1.0,0.0,0.0,0.0,1.0,0.07,0.12,0.26,Mexican & Latin,0.99,foodiepie,1063
Pie Zanos,"Buffalo, Wyoming",2023-12-15,jev-1.13.0,v2,,Other,1.0,0.0,0.0,0.0,1.0,0.04,0.03,0.09,Pizza & Italian,1.0,foodiepie,1076
Trap Fusion,"Memphis, Tennessee",2023-12-15,jev-1.13.0,v2,,Other,1.0,0.0,0.0,0.0,1.0,0.09,0.1,0.26,Mexican & Latin,0.77,foodiepie,962
LowCountry Steak,"Atlanta, Georgia",2023-12-29,jev-1.13.0,v2,,Other,1.0,0.0,0.0,0.0,1.0,0.02,0.01,0.02,"Southern, Cajun & soul",0.95,web,976
Meat Boss Cottage Hill,"Mobile, Alabama",2023-12-29,jev-1.13.0,v2,,Other,0.97,0.01,0.01,0.01,0.97,0.22,0.28,0.59,BBQ & smokehouses,1.0,web,991
Bohemian Biergarten,"Boulder, Colorado",2024-01-05,jev-1.13.0,v2,,Other,0.98,0.0,0.0,0.01,0.99,0.04,0.02,0.15,Brewpubs & bars,0.96,foodiepie,1053
Calgary Momo House,"Calgary, Alberta, Canada",2024-01-05,jev-1.13.0,v2,,Other,1.0,0.0,0.0,0.0,1.0,0.04,0.04,0.23,Global kitchens,1.0,foodiepie,1033
Good Fortune Co.,"Memphis, Tennessee",2024-01-05,jev-1.13.0,v2,,Other,0.99,0.0,0.0,0.0,1.0,0.04,0.03,0.23,Global kitchens,1.0,foodiepie,1017
Del Sur Artisan Eats,"St. Simons Island, Georgia",2024-01-12,jev-1.13.0,v2,,Other,1.0,0.0,0.0,0.0,1.0,0.03,0.01,0.07,Mexican & Latin,0.99,web,981
Little Bettie Pizza & Snacks,"Memphis, Tennessee",2024-01-12,jev-1.13.0,v2,,Other,0.99,0.0,0.0,0.01,0.99,0.11,0.07,0.33,Brewpubs & bars,0.73,web,982
The Moose and Poncho,"Calgary, Alberta, Canada",2024-01-12,jev-1.13.0,v2,,Dive,0.44,0.0,0.01,0.58,0.41,0.04,0.13,0.44,,,web,988
Loaf,"Memphis, Tennessee",2024-01-26,jev-1.13.0,v2,,Other,0.9,0.03,0.04,0.0,0.93,0.15,0.16,0.11,Sandwiches & delis,0.99,web,993
Salt & Pepper,"Calgary, Alberta, Canada",2024-01-26,jev-1.13.0,v2,,Other,0.98,0.0,0.0,0.02,0.98,0.03,0.02,0.47,Mexican & Latin,1.0,web,991
The Burns Pub & Restaurant,"Broomfield, Colorado",2024-01-26,jev-1.13.0,v2,,Other,0.67,0.0,0.0,0.25,0.75,0.03,0.01,0.2,Brewpubs & bars,0.95,web,991
Porch,"St. Simons Island, Georgia",2024-02-02,jev-1.13.0,v2,,Other,0.45,0.25,0.12,0.04,0.59,0.28,0.27,0.29,"Southern, Cajun & soul",0.93,web,982
Pure Street Food,"Calgary, Alberta, Canada",2024-02-02,jev-1.13.0,v2,,Other,0.71,0.0,0.1,0.12,0.78,0.03,0.22,0.57,Global kitchens,0.92,web,970
Fry Bread House,"Phoenix, Arizona",2024-02-16,jev-1.13.0,v2,,Other,0.78,0.01,0.01,0.14,0.84,0.16,0.25,0.5,Mexican & Latin,0.71,web,978
Rincon Argentino,"Boulder, Colorado",2024-02-16,jev-1.13.0,v2,,Other,0.97,0.0,0.0,0.02,0.98,0.11,0.15,0.32,Mexican & Latin,1.0,web,1000
StickEM,"Memphis, Tennessee",2024-02-16,jev-1.13.0,v2,,Other,0.98,0.0,0.01,0.0,0.99,0.05,0.18,0.28,Global kitchens,1.0,web,980
Golden Isles Olive Oil Restaurant,"St. Simons Island, Georgia",2024-02-23,jev-1.13.0,v2,,Other,1.0,0.0,0.0,0.0,1.0,0.06,0.01,0.06,New American bistros,0.32,web,1001
Hush Public House,"Scottsdale, Arizona",2024-02-23,jev-1.13.0,v2,,Other,1.0,0.0,0.0,0.0,1.0,0.05,0.01,0.04,Brewpubs & bars,0.99,web,977
Las Tortugas Deli Mexicana,"Memphis, Tennessee",2024-02-23,jev-1.13.0,v2,,Dive,0.68,0.0,0.0,0.76,0.24,0.09,0.22,0.77,,,web,992
Holy Crepe!!,"Boulder, Colorado",2024-03-08,jev-1.13.0,v2,,Other,0.93,0.01,0.05,0.0,0.94,0.11,0.27,0.26,Global kitchens,0.72,web,998
Julia's Bistro & Bar,"San Antonio, Texas",2024-03-08,jev-1.13.0,v2,,Other,1.0,0.0,0.0,0.0,1.0,0.07,0.01,0.06,New American bistros,0.99,web,985
Kabob Grill N Go,"Phoenix, Arizona",2024-03-08,jev-1.13.0,v2,,Dive,0.89,0.0,0.0,0.93,0.07,0.02,0.37,0.81,,,web,983
Cracovia Polish-American Restaurant & Bar,"Westminster, Colorado",2024-03-15,jev-1.13.0,v2,,Other,1.0,0.0,0.0,0.0,1.0,0.08,0.01,0.17,Global kitchens,1.0,web,984
Indigo Coastal Shanty,"Brunswick, Georgia",2024-03-15,jev-1.13.0,v2,,Other,0.99,0.0,0.0,0.0,1.0,0.15,0.02,0.16,New American bistros,0.56,web,975
The Jerk Shack,"San Antonio, Texas",2024-03-15,jev-1.13.0,v2,,Drive-In,0.57,0.0,0.68,0.0,0.32,0.08,0.69,0.24,,,web,982
Barchetta,"Boulder, Colorado",2024-03-29,jev-1.13.0,v2,,Other,1.0,0.0,0.0,0.0,1.0,0.04,0.04,0.28,Pizza & Italian,1.0,web,989
Dulce Dough Donuts & Bakery,"St. Simons Island, Georgia",2024-03-29,jev-1.13.0,v2,,Other,1.0,0.0,0.0,0.0,1.0,0.14,0.2,0.09,"Bakeries, cafes & desserts",1.0,web,991
Sichuan House,"San Antonio, Texas",2024-03-29,jev-1.13.0,v2,,Other,0.99,0.0,0.0,0.0,1.0,0.02,0.01,0.45,Global kitchens,1.0,web,1000
Bonfire Craft Kitchen & Tap House,"Tempe, Arizona",2024-04-05,jev-1.13.0,v2,,Other,0.88,0.0,0.0,0.09,0.91,0.1,0.01,0.24,Brewpubs & bars,0.99,web,995
CRUjiente Tacos,"Phoenix, Arizona",2024-04-05,jev-1.13.0,v2,,Other,0.97,0.0,0.0,0.02,0.98,0.03,0.02,0.23,Mexican & Latin,1.0,web,975
Tim Finnegan's Irish Restaurant And Pub,"Glendale, Arizona",2024-04-05,jev-1.13.0,v2,,Dive,0.44,0.0,0.0,0.58,0.42,0.11,0.01,0.47,,,web,970
Cavé Bistro,"Avon-by-the-Sea, New Jersey",2024-08-02,jev-1.13.0,v2,,Other,1.0,0.0,0.0,0.0,1.0,0.06,0.01,0.02,New American bistros,1.0,web,980
Che Chori,"Indianapolis, Indiana",2024-08-02,jev-1.13.0,v2,,Other,0.97,0.0,0.0,0.02,0.98,0.06,0.14,0.39,Mexican & Latin,1.0,web,975
Petra Mediterranean Pizza and Grill,"San Luis Obispo, California",2024-08-02,jev-1.13.0,v2,,Other,1.0,0.0,0.0,0.0,1.0,0.06,0.04,0.32,Global kitchens,0.57,web,1001
Flour House,"San Luis Obispo, California",2024-08-16,jev-1.13.0,v2,,Other,1.0,0.0,0.0,0.0,1.0,0.03,0.01,0.05,Pizza & Italian,1.0,web,976
Katalina's,"Columbus, Ohio",2024-08-16,jev-1.13.0,v2,,Diner,0.61,0.71,0.0,0.2,0.09,0.57,0.22,0.58,,,web,995
Source Restaurants,"Cambridge, Massachusetts",2024-08-16,jev-1.13.0,v2,,Other,1.0,0.0,0.0,0.0,1.0,0.06,0.01,0.07,Brewpubs & bars,0.53,web,985
King Gyros Greek Restaurant,"Whitehall, Ohio",2024-08-30,jev-1.13.0,v2,,Other,1.0,0.0,0.0,0.0,1.0,0.06,0.02,0.31,Global kitchens,1.0,web,975
Skratch Kitchen,"Bradley Beach, New Jersey",2024-08-30,jev-1.13.0,v2,,Other,1.0,0.0,0.0,0.0,1.0,0.06,0.01,0.2,New American bistros,0.64,web,995
Tlaolli,"Indianapolis, Indiana",2024-08-30,jev-1.13.0,v2,,Other,0.56,0.0,0.04,0.29,0.67,0.03,0.36,0.34,Mexican & Latin,1.0,web,985
Seed to Sprout,"Avon-by-the-Sea, New Jersey",2024-09-06,jev-1.13.0,v2,,Other,0.99,0.0,0.0,0.0,1.0,0.09,0.12,0.2,"Bakeries, cafes & desserts",0.71,web,980
Sweet Cheeks Q,"Boston, Massachusetts",2024-09-06,jev-1.13.0,v2,,Other,1.0,0.0,0.0,0.0,1.0,0.05,0.01,0.05,BBQ & smokehouses,1.0,web,989
TASTE! craft eatery,"San Luis Obispo, California",2024-09-06,jev-1.13.0,v2,,Other,0.98,0.02,0.0,0.0,0.98,0.22,0.01,0.11,New American bistros,1.0,web,982
Mutiny BBQ Company,"Asbury Park, New Jersey",2024-09-20,jev-1.13.0,v2,,Other,0.99,0.0,0.0,0.0,1.0,0.08,0.23,0.26,BBQ & smokehouses,1.0,web,984
The Spoon Trade,"Grover Beach, California",2024-09-20,jev-1.13.0,v2,,Other,1.0,0.0,0.0,0.0,1.0,0.12,0.02,0.06,New American bistros,1.0,web,990
Tommy's Diner,"Columbus, Ohio",2024-09-20,jev-1.13.0,v2,Diner,Diner,1.0,1.0,0.0,0.0,0.0,0.97,0.05,0.54,,,web,992
Heights 167,"Point Pleasant Beach, New Jersey",2024-10-04,jev-1.13.0,v2,,Other,1.0,0.0,0.0,0.0,1.0,0.04,0.02,0.14,Mexican & Latin,1.0,web,1002
Little Donkey,"Cambridge, Massachusetts",2024-10-04,jev-1.13.0,v2,,Other,1.0,0.0,0.0,0.0,1.0,0.01,0.01,0.02,New American bistros,0.85,web,972
Pa & Ma's Backyard BBQ,"Indianapolis, Indiana",2024-10-04,jev-1.13.0,v2,,Dive,0.69,0.0,0.0,0.77,0.23,0.17,0.32,0.81,,,web,992
High Bank Distillery Co,"Columbus, Ohio",2024-10-11,jev-1.13.0,v2,,Other,1.0,0.0,0.0,0.0,1.0,0.06,0.02,0.09,Brewpubs & bars,1.0,web,974
His Place Eatery,"Indianapolis, Indiana",2024-10-11,jev-1.13.0,v2,,Other,0.92,0.06,0.0,0.0,0.94,0.29,0.03,0.28,"Southern, Cajun & soul",1.0,web,991
Vinal Bakery,"Somerville, Massachusetts",2024-10-11,jev-1.13.0,v2,,Other,0.99,0.01,0.0,0.0,0.99,0.28,0.08,0.24,"Bakeries, cafes & desserts",1.0,web,978
Joya's,"Worthington, Ohio",2024-10-18,jev-1.13.0,v2,,Other,0.81,0.14,0.0,0.0,0.86,0.35,0.07,0.15,Global kitchens,0.51,web,990
STEPCHLD,"Minneapolis, Minnesota",2024-10-18,jev-1.13.0,v2,,Other,1.0,0.0,0.0,0.0,1.0,0.03,0.01,0.03,Global kitchens,0.67,web,981
The Quiet Few,"East Boston, Massachusetts",2024-10-18,jev-1.13.0,v2,,Dive,0.98,0.0,0.0,0.99,0.01,0.13,0.01,0.59,,,web,980
Hai Hai,"Minneapolis, Minnesota",2024-11-01,jev-1.13.0,v2,,Other,1.0,0.0,0.0,0.0,1.0,0.02,0.02,0.06,Global kitchens,1.0,web,955
Jersey Shore BBQ,"Point Pleasant Beach, New Jersey",2024-11-01,jev-1.13.0,v2,,Other,0.99,0.0,0.0,0.0,1.0,0.21,0.24,0.29,BBQ & smokehouses,1.0,web,985
Tandem Bakery & Cafe,"Missoula, Montana",2024-11-01,jev-1.13.0,v2,,Other,0.98,0.01,0.0,0.0,0.99,0.35,0.11,0.13,"Bakeries, cafes & desserts",1.0,web,989
Mexican Moose,"Missoula, Montana",2024-11-08,jev-1.13.0,v2,,Other,0.86,0.0,0.0,0.11,0.89,0.05,0.15,0.31,Mexican & Latin,1.0,web,973
Union Hmong Kitchen,"Minneapolis, Minnesota",2024-11-08,jev-1.13.0,v2,,Other,0.96,0.01,0.02,0.0,0.97,0.18,0.19,0.3,Global kitchens,1.0,web,998
Wario's Beef and Pork,"Columbus, Ohio",2024-11-08,jev-1.13.0,v2,,Drive-In,0.5,0.0,0.63,0.01,0.36,0.16,0.64,0.35,,,web,994
Ba Lẹ Restaurant,"Boston, Massachusetts",2024-11-15,jev-1.13.0,v2,,Other,0.96,0.0,0.02,0.0,0.98,0.1,0.25,0.46,Global kitchens,0.58,web,997
Cucina Florabella,"Missoula, Montana",2024-11-15,jev-1.13.0,v2,,Other,1.0,0.0,0.0,0.0,1.0,0.07,0.01,0.03,Pizza & Italian,1.0,web,994
Guacaya Bistreaux,"Minneapolis, Minnesota",2024-11-15,jev-1.13.0,v2,,Other,1.0,0.0,0.0,0.0,1.0,0.02,0.01,0.04,Mexican & Latin,1.0,web,988
Biga Pizza,"Missoula, Montana",2024-11-29,jev-1.13.0,v2,,Other,1.0,0.0,0.0,0.0,1.0,0.04,0.03,0.14,Pizza & Italian,1.0,web,963
Oro by Nixta,"Minneapolis, Minnesota",2024-11-29,jev-1.13.0,v2,,Other,1.0,0.0,0.0,0.0,1.0,0.02,0.01,0.03,Mexican & Latin,1.0,web,994
Veera Donuts,"Missoula, Montana",2024-11-29,jev-1.13.0,v2,,Other,0.99,0.01,0.0,0.0,0.99,0.25,0.19,0.18,"Bakeries, cafes & desserts",1.0,web,977
Reid's Apothecary,"Brunswick, Georgia",2024-12-06,jev-1.13.0,v2,,Other,1.0,0.0,0.0,0.0,1.0,0.04,0.01,0.04,New American bistros,0.53,web,982
Ro-Ho Pork & Bread: Tortas Ahogadas,"San Antonio, Texas",2024-12-06,jev-1.13.0,v2,,Other,0.47,0.0,0.28,0.12,0.6,0.09,0.58,0.47,Mexican & Latin,0.58,web,999
10th Street Diner,"Indianapolis, Indiana",2024-12-13,jev-1.13.0,v2,Diner,Diner,1.0,1.0,0.0,0.0,0.0,0.88,0.02,0.43,,,web,982
Con Huevos Tacos,"San Antonio, Texas",2024-12-13,jev-1.13.0,v2,,Dive,0.93,0.0,0.0,0.95,0.05,0.14,0.24,0.69,,,web,981
Mama's Meatball,"San Luis Obispo, California",2024-12-13,jev-1.13.0,v2,,Other,1.0,0.0,0.0,0.0,1.0,0.06,0.03,0.26,Pizza & Italian,1.0,web,979
Backwoods Crossing,"Tallahassee, Florida",2024-12-27,jev-1.13.0,v2,,Other,1.0,0.0,0.0,0.0,1.0,0.11,0.02,0.06,"Southern, Cajun & soul",0.64,web,975
Tortello,"Chicago, Illinois",2024-12-27,jev-1.13.0,v2,,Other,1.0,0.0,0.0,0.0,1.0,0.04,0.01,0.1,Pizza & Italian,1.0,web,991
Wally & Buck,"Missoula, Montana",2024-12-27,jev-1.13.0,v2,,Other,0.25,0.25,0.29,0.02,0.44,0.27,0.17,0.26,Sandwiches & delis,0.77,web,951
Brooks Burgers SLO,"San Luis Obispo, California",2025-01-17,jev-1.13.0,v2,,Other,0.81,0.02,0.11,0.02,0.85,0.22,0.17,0.26,Butchers & markets,0.66,web,987
Subito,"Indianapolis, Indiana",2025-01-17,jev-1.13.0,v2,,Other,0.41,0.17,0.0,0.27,0.55,0.31,0.07,0.52,Sandwiches & delis,1.0,web,987
Wild Barley Kitchen & Brewery,"San Antonio, Texas",2025-01-17,jev-1.13.0,v2,,Other,0.98,0.0,0.0,0.01,0.99,0.15,0.21,0.34,Brewpubs & bars,1.0,web,984
Coosh's Bayou Rouge Restaurant,"Tallahassee, Florida",2025-01-24,jev-1.13.0,v2,,Other,1.0,0.0,0.0,0.0,1.0,0.19,0.04,0.28,"Southern, Cajun & soul",1.0,web,983
Little Goat Diner,"Chicago, Illinois",2025-01-24,jev-1.13.0,v2,Diner,Diner,1.0,1.0,0.0,0.0,0.0,0.95,0.02,0.18,,,web,991
The Rooster Food+Drink,"Naples, Florida",2025-01-24,jev-1.13.0,v2,,Other,0.39,0.46,0.0,0.0,0.54,0.51,0.01,0.16,Breakfast & brunch,0.99,web,989
El Mariachi Tequila Bar,"Chicago, Illinois",2025-02-07,jev-1.13.0,v2,,Other,0.95,0.0,0.0,0.03,0.97,0.03,0.01,0.21,Mexican & Latin,0.87,web,983
OG Zaza Pizza Trailer,"Minneapolis, Minnesota",2025-02-07,jev-1.13.0,v2,,Drive-In,0.82,0.0,0.87,0.0,0.13,0.03,0.91,0.42,,,web,977
Tally Mac Shack,"Tallahassee, Florida",2025-02-07,jev-1.13.0,v2,,Other,0.43,0.3,0.06,0.07,0.57,0.26,0.16,0.35,"Southern, Cajun & soul",0.94,web,971
Bites Asian Kitchen + Bar,"Chicago, Illinois",2025-02-14,jev-1.13.0,v2,,Other,1.0,0.0,0.0,0.0,1.0,0.02,0.01,0.08,Global kitchens,1.0,web,979
Leon's at Lake Ella,"Tallahassee, Florida",2025-02-14,jev-1.13.0,v2,,Other,1.0,0.0,0.0,0.0,1.0,0.04,0.01,0.08,"Southern, Cajun & soul",0.53,web,983
Molto Trattoria,"Naples, Florida",2025-02-14,jev-1.13.0,v2,,Other,1.0,0.0,0.0,0.0,1.0,0.03,0.01,0.09,Pizza & Italian,1.0,web,974
Cracklin’ Jacks,"Naples, Florida",2025-02-21,jev-1.13.0,v2,,Other,0.99,0.0,0.0,0.0,1.0,0.08,0.06,0.41,BBQ & smokehouses,1.0,web,996
Hello Dumpling,"Dallas, Texas",2025-02-21,jev-1.13.0,v2,,Other,0.84,0.0,0.0,0.12,0.88,0.03,0.03,0.54,Global kitchens,1.0,web,978
Omarcito’s Latin Cafe,"Chicago, Illinois",2025-02-21,jev-1.13.0,v2,,Other,0.7,0.01,0.17,0.05,0.77,0.17,0.44,0.41,Mexican & Latin,1.0,web,970
Monster Ramen,"Chicago, Illinois",2025-03-07,jev-1.13.0,v2,,Other,1.0,0.0,0.0,0.0,1.0,0.03,0.02,0.1,Global kitchens,1.0,web,969
Mykonos Kuzina,"Naples, Florida",2025-03-07,jev-1.13.0,v2,,Other,1.0,0.0,0.0,0.0,1.0,0.03,0.01,0.18,Global kitchens,1.0,web,973
Rye,"Dallas, Texas",2025-03-07,jev-1.13.0,v2,,Other,1.0,0.0,0.0,0.0,1.0,0.02,0.01,0.02,New American bistros,0.99,web,971
Fehrenbacher's Meats & Eats,"Gainesville, Florida",2025-03-14,jev-1.13.0,v2,,Other,1.0,0.0,0.0,0.0,1.0,0.18,0.18,0.23,Butchers & markets,1.0,web,1004
Halisi Africa,"Tallahassee, Florida",2025-03-14,jev-1.13.0,v2,,Other,1.0,0.0,0.0,0.0,1.0,0.04,0.01,0.07,Global kitchens,1.0,web,979
Sfera Sicilian Street Food,"Chicago, Illinois",2025-03-14,jev-1.13.0,v2,,Other,0.91,0.0,0.04,0.02,0.93,0.08,0.27,0.49,Pizza & Italian,0.98,web,983
Humble Wood Fire Bagel Shop,"Gainesville, Florida",2025-04-04,jev-1.13.0,v2,,Other,0.37,0.0,0.47,0.0,0.53,0.16,0.66,0.29,"Bakeries, cafes & desserts",0.69,web,991
Phil's Oyster Bar & Seafood Restaurant,"Baton Rouge, Louisiana",2025-04-04,jev-1.13.0,v2,,Other,0.43,0.0,0.0,0.43,0.57,0.14,0.03,0.59,Seafood,1.0,web,991
Dempsey's Poboys,"Baton Rouge, Louisiana",2025-04-11,jev-1.13.0,v2,,Dive,0.83,0.01,0.0,0.87,0.12,0.28,0.12,0.76,,,web,987
Slow Bone BBQ,"Dallas, Texas",2025-04-11,jev-1.13.0,v2,,Other,0.99,0.0,0.0,0.0,1.0,0.11,0.14,0.35,BBQ & smokehouses,1.0,web,968
The Paper Bag,"Gainesville, Florida",2025-04-11,jev-1.13.0,v2,,Other,0.99,0.0,0.0,0.0,1.0,0.24,0.21,0.27,Sandwiches & delis,1.0,web,965
Iverstine Butcher,"Baton Rouge, Louisiana",2025-04-18,jev-1.13.0,v2,,Other,0.98,0.01,0.0,0.0,0.99,0.24,0.17,0.48,Butchers & markets,1.0,web,971
Pineappétit,"Tallahassee, Florida",2025-04-18,jev-1.13.0,v2,,Other,0.97,0.0,0.02,0.0,0.98,0.06,0.26,0.17,Mexican & Latin,0.91,web,985
Uppercrust,"Gainesville, Florida",2025-04-18,jev-1.13.0,v2,,Other,1.0,0.0,0.0,0.0,1.0,0.14,0.09,0.09,"Bakeries, cafes & desserts",1.0,web,985
El Palote Panaderia,"Dallas, Texas",2025-05-02,jev-1.13.0,v2,,Other,1.0,0.0,0.0,0.0,1.0,0.07,0.19,0.25,"Bakeries, cafes & desserts",0.81,web,979
Elsie's Plate & Pie,"Baton Rouge, Louisiana",2025-05-02,jev-1.13.0,v2,,Other,0.97,0.02,0.0,0.0,0.98,0.35,0.02,0.17,"Southern, Cajun & soul",0.99,web,986
Germain's Chicken Sandwiches,"Gainesville, Florida",2025-05-02,jev-1.13.0,v2,,Other,0.73,0.12,0.09,0.0,0.79,0.15,0.19,0.15,Sandwiches & delis,1.0,web,994
Bingo Deli & Pub,"Gainesville, Florida",2025-05-09,jev-1.13.0,v2,,Other,0.44,0.01,0.0,0.4,0.59,0.3,0.03,0.59,Sandwiches & delis,0.97,web,980
Cou-yon's,"Port Allen, Louisiana",2025-05-09,jev-1.13.0,v2,,Other,0.46,0.0,0.41,0.0,0.59,0.11,0.7,0.55,BBQ & smokehouses,1.0,web,994
Yumbii,"Atlanta, Georgia",2025-05-09,jev-1.13.0,v2,,Other,0.71,0.0,0.21,0.01,0.78,0.08,0.42,0.22,Mexican & Latin,0.92,web,988
El Tesoro,"Atlanta, Georgia",2025-05-23,jev-1.13.0,v2,,Other,0.44,0.0,0.0,0.42,0.58,0.03,0.09,0.37,Mexican & Latin,1.0,web,990
Smoke'N Ash BBQ,"Arlington, Texas",2025-05-23,jev-1.13.0,v2,,Other,1.0,0.0,0.0,0.0,1.0,0.08,0.19,0.27,BBQ & smokehouses,1.0,web,991
The 239 Naples,"Naples, Florida",2025-05-23,jev-1.13.0,v2,,Other,1.0,0.0,0.0,0.0,1.0,0.02,0.01,0.02,New American bistros,0.93,web,1001
Al Noor Kitchen,"Baton Rouge, Louisiana",2025-06-06,jev-1.13.0,v2,,Other,1.0,0.0,0.0,0.0,1.0,0.03,0.06,0.3,Global kitchens,1.0,web,976
Starship Bagel,"Lewisville, Texas",2025-06-06,jev-1.13.0,v2,,Other,1.0,0.0,0.0,0.0,1.0,0.14,0.14,0.14,"Bakeries, cafes & desserts",0.93,web,983
The Deer and The Dove,"Decatur, Georgia",2025-06-06,jev-1.13.0,v2,,Other,1.0,0.0,0.0,0.0,1.0,0.01,0.01,0.01,New American bistros,0.97,web,986
Cafe Mochiko,"Cincinnati, Ohio",2025-06-20,jev-1.13.0,v2,,Other,1.0,0.0,0.0,0.0,1.0,0.16,0.12,0.08,"Bakeries, cafes & desserts",0.99,web,988
How Crispy Express,"Atlanta, Georgia",2025-06-20,jev-1.13.0,v2,,Drive-In,0.34,0.01,0.51,0.01,0.47,0.12,0.42,0.29,,,web,980
Oui Melrose,"Los Angeles, California",2025-06-20,jev-1.13.0,v2,,Other,0.99,0.01,0.0,0.0,0.99,0.31,0.11,0.16,"Bakeries, cafes & desserts",1.0,web,995
Camporosso,"Fort Mitchell, Kentucky",2025-07-11,jev-1.13.0,v2,,Other,0.97,0.0,0.0,0.02,0.98,0.06,0.06,0.55,Pizza & Italian,1.0,web,982
Mae Malai Thai House of Noodles,"Los Angeles, California",2025-07-11,jev-1.13.0,v2,,Other,0.9,0.0,0.0,0.07,0.93,0.03,0.11,0.45,Global kitchens,1.0,web,978
Tassa's Roti Shop,"Marietta, Georgia",2025-07-11,jev-1.13.0,v2,,Other,1.0,0.0,0.0,0.0,1.0,0.06,0.07,0.31,Mexican & Latin,0.93,web,976
Annie's Soul Delicious,"Los Angeles, California",2025-07-25,jev-1.13.0,v2,,Other,0.91,0.07,0.0,0.0,0.93,0.29,0.05,0.23,"Southern, Cajun & soul",1.0,web,989
Industry,"Austin, Texas",2025-07-25,jev-1.13.0,v2,,Other,0.6,0.01,0.0,0.29,0.7,0.15,0.02,0.37,Brewpubs & bars,0.53,web,970
Leftie Lee‘s,"Avondale Estates, Georgia",2025-07-25,jev-1.13.0,v2,,Other,0.98,0.02,0.0,0.0,0.98,0.23,0.16,0.19,Sandwiches & delis,0.5,web,978
Donna Jean,"Sherman Oaks, Los Angeles, California",2025-08-22,jev-1.13.0,v2,,Other,1.0,0.0,0.0,0.0,1.0,0.05,0.01,0.14,Pizza & Italian,1.0,web,981
Lao’d Bar,"Austin, Texas",2025-08-22,jev-1.13.0,v2,,Other,0.67,0.0,0.0,0.25,0.75,0.03,0.15,0.29,Brewpubs & bars,0.49,web,987
The Pickled Pig,"Cincinnati, Ohio",2025-08-22,jev-1.13.0,v2,,Other,0.99,0.0,0.0,0.0,1.0,0.34,0.14,0.36,Sandwiches & delis,0.98,web,984
Northside Yacht Club,"Cincinnati, Ohio",2025-08-29,jev-1.13.0,v2,,Dive,1.0,0.0,0.0,1.0,0.0,0.21,0.02,0.73,,,web,977
Ramen Del Barrio,"Austin, Texas",2025-08-29,jev-1.13.0,v2,,Other,0.65,0.0,0.0,0.26,0.74,0.06,0.07,0.43,Global kitchens,0.96,web,979
Ruen Pair,"Los Angeles, California",2025-08-29,jev-1.13.0,v2,,Other,0.98,0.0,0.0,0.01,0.99,0.03,0.02,0.36,Global kitchens,1.0,web,980
Boneyard Bistro,"Sherman Oaks, Los Angeles, California",2025-09-19,jev-1.13.0,v2,,Other,1.0,0.0,0.0,0.0,1.0,0.08,0.02,0.15,BBQ & smokehouses,1.0,web,981
Bouldin Creek Cafe,"Austin, Texas",2025-09-19,jev-1.13.0,v2,,Diner,0.83,0.88,0.0,0.0,0.12,0.54,0.09,0.18,,,web,965
Sacred Beast Diner,"Cincinnati, Ohio",2025-09-19,jev-1.13.0,v2,Diner,Diner,0.68,0.76,0.0,0.0,0.24,0.7,0.02,0.03,,,web,995
Al Saraceno,"Taormina, Messina, Italy",2025-09-26,jev-1.13.0,v2,,Other,1.0,0.0,0.0,0.0,1.0,0.02,0.01,0.04,Pizza & Italian,1.0,web,984
Tischi Toschi,"Taormina, Messina, Italy",2025-09-26,jev-1.13.0,v2,,Other,1.0,0.0,0.0,0.0,1.0,0.02,0.01,0.07,Pizza & Italian,0.96,web,997
stritFUD,"Taormina, Messina, Italy",2025-09-26,jev-1.13.0,v2,,Other,0.53,0.0,0.29,0.07,0.64,0.04,0.34,0.44,Pizza & Italian,0.98,web,985
Ethica Chef’s Table,"Taormina, Messina, Italy",2025-10-03,jev-1.13.0,v2,,Other,1.0,0.0,0.0,0.0,1.0,0.01,0.01,0.01,Pizza & Italian,0.86,web,983
Trattoria da Antonio,"Giardini Naxos, Messina, Italy",2025-10-03,jev-1.13.0,v2,,Other,1.0,0.0,0.0,0.0,1.0,0.02,0.01,0.2,Seafood,0.78,web,993
Villa Zuccaro Pizzeria,"Taormina, Messina, Italy",2025-10-03,jev-1.13.0,v2,,Other,1.0,0.0,0.0,0.0,1.0,0.02,0.01,0.05,Pizza & Italian,1.0,web,998
Darwin's Charcoal BBQ Chicken,"Calgary, Alberta, Canada",2025-11-21,jev-1.13.0,v2,,Other,0.33,0.0,0.0,0.5,0.5,0.06,0.17,0.73,Global kitchens,0.9,web,975
KG BBQ,"Austin, Texas",2025-11-21,jev-1.13.0,v2,,Drive-In,0.93,0.0,0.95,0.0,0.05,0.04,0.95,0.44,,,web,983
KungFood Amerasia,"Covington, Kentucky",2025-11-21,jev-1.13.0,v2,,Other,0.73,0.0,0.0,0.2,0.8,0.06,0.08,0.55,Global kitchens,1.0,web,984
Jane Bond BBQ,"Calgary, Alberta, Canada",2026-01-23,jev-1.13.0,v2,,Other,1.0,0.0,0.0,0.0,1.0,0.08,0.07,0.45,BBQ & smokehouses,1.0,web,1001
Mum Foods,"Austin, Texas",2026-01-23,jev-1.13.0,v2,,Other,1.0,0.0,0.0,0.0,1.0,0.23,0.08,0.16,Sandwiches & delis,0.72,web,986
R Town Pizza,"Reno, Nevada",2026-01-23,jev-1.13.0,v2,,Other,0.94,0.0,0.0,0.04,0.96,0.17,0.07,0.42,Pizza & Italian,1.0,web,973
Huli Sue's,"Asheville, North Carolina",2026-01-30,jev-1.13.0,v2,,Other,1.0,0.0,0.0,0.0,1.0,0.1,0.03,0.1,BBQ & smokehouses,1.0,web,999
Papa What You Cooking,"Reno, Nevada",2026-01-30,jev-1.13.0,v2,,Other,0.7,0.1,0.0,0.13,0.77,0.26,0.04,0.51,"Southern, Cajun & soul",1.0,web,990
Pat & Betty,"Calgary, Alberta, Canada",2026-01-30,jev-1.13.0,v2,,Other,1.0,0.0,0.0,0.0,1.0,0.04,0.01,0.02,New American bistros,0.38,web,979
Foothills Grange,"Black Mountain, North Carolina",2026-02-27,jev-1.13.0,v2,,Other,0.63,0.08,0.15,0.05,0.72,0.32,0.38,0.35,Brewpubs & bars,0.9,web,980
Shiki Menya,"Calgary, Alberta, Canada",2026-02-27,jev-1.13.0,v2,,Other,0.8,0.0,0.0,0.15,0.85,0.04,0.02,0.39,Global kitchens,1.0,web,982
Smiling with Hope Pizza,"Reno, Nevada",2026-02-27,jev-1.13.0,v2,,Other,1.0,0.0,0.0,0.0,1.0,0.1,0.11,0.4,Pizza & Italian,1.0,web,984
BJ's Barbecue,"Sparks, Nevada",2026-03-06,jev-1.13.0,v2,,Other,0.94,0.04,0.0,0.0,0.96,0.5,0.06,0.6,BBQ & smokehouses,1.0,web,984
Good Hot Fish,"Asheville, North Carolina",2026-03-06,jev-1.13.0,v2,,Dive,0.52,0.07,0.13,0.63,0.17,0.31,0.2,0.55,,,web,985
Park by Sidewalk Citizen,"Calgary, Alberta, Canada",2026-03-06,jev-1.13.0,v2,,Other,1.0,0.0,0.0,0.0,1.0,0.02,0.01,0.02,Global kitchens,0.98,web,971
Little Chango,"Asheville, North Carolina",2026-03-13,jev-1.13.0,v2,,Other,0.99,0.0,0.0,0.0,1.0,0.05,0.12,0.22,Mexican & Latin,1.0,web,979
Moo Dang,"Reno, Nevada",2026-03-13,jev-1.13.0,v2,,Other,1.0,0.0,0.0,0.0,1.0,0.03,0.02,0.25,Global kitchens,1.0,web,969
Namo Cafe Bistro,"Calgary, Alberta, Canada",2026-03-13,jev-1.13.0,v2,,Other,1.0,0.0,0.0,0.0,1.0,0.17,0.02,0.08,Breakfast & brunch,1.0,web,979
Island Taste Caribbean Grill,"San Jose, California",2026-03-27,jev-1.13.0,v2,,Other,1.0,0.0,0.0,0.0,1.0,0.07,0.14,0.21,Mexican & Latin,1.0,web,968
MF International,"Sparks, Nevada",2026-03-27,jev-1.13.0,v2,,Other,0.68,0.0,0.19,0.05,0.76,0.07,0.42,0.28,Mexican & Latin,0.98,web,981
Regina's Westside,"Asheville, North Carolina",2026-03-27,jev-1.13.0,v2,,Diner,1.0,1.0,0.0,0.0,0.0,0.93,0.02,0.11,,,web,975
Alaina's Cafe,"Palm Beach Gardens, Florida",2026-04-10,jev-1.13.0,v2,,Other,1.0,0.0,0.0,0.0,1.0,0.18,0.01,0.06,"Bakeries, cafes & desserts",0.58,web,976
Fox Tale Fermentation Project,"San Jose, California",2026-04-10,jev-1.13.0,v2,,Other,1.0,0.0,0.0,0.0,1.0,0.06,0.01,0.11,Brewpubs & bars,1.0,web,984
Tasty Dumpling,"Sacramento, California",2026-04-10,jev-1.13.0,v2,,Other,0.8,0.0,0.0,0.15,0.85,0.05,0.05,0.59,Global kitchens,1.0,web,971
Angkor,"San Jose, California",2026-04-24,jev-1.13.0,v2,,Other,1.0,0.0,0.0,0.0,1.0,0.02,0.01,0.08,Global kitchens,1.0,web,984
NEVS Barbecue,"Palm Beach Gardens, Florida",2026-04-24,jev-1.13.0,v2,,Other,0.99,0.0,0.0,0.0,1.0,0.09,0.3,0.31,BBQ & smokehouses,1.0,web,989
Nixtaco,"Roseville, California",2026-04-24,jev-1.13.0,v2,,Dive,0.49,0.0,0.0,0.62,0.38,0.03,0.06,0.53,,,web,978
Bush Farmhouse,"Black Mountain, North Carolina",2026-05-08,jev-1.13.0,v2,,Other,1.0,0.0,0.0,0.0,1.0,0.05,0.02,0.09,Global kitchens,0.89,web,979
Driftwood,"Boynton Beach, Florida",2026-05-08,jev-1.13.0,v2,,Other,0.94,0.0,0.0,0.04,0.96,0.09,0.01,0.25,Brewpubs & bars,0.92,web,966
El Halal Amigos,"San Jose, California",2026-05-08,jev-1.13.0,v2,,Other,0.94,0.0,0.0,0.04,0.96,0.07,0.07,0.29,Mexican & Latin,1.0,web,974
Spoon and Fork,"Sacramento, California",2026-05-22,jev-1.13.0,v2,,Other,0.72,0.0,0.0,0.2,0.8,0.11,0.19,0.57,Global kitchens,1.0,web,984
SuperNatural Food & Wine,"Tampa, Florida",2026-05-22,jev-1.13.0,v2,,Other,0.36,0.45,0.0,0.02,0.53,0.56,0.13,0.48,Sandwiches & delis,0.97,web,989
Tropical Smokehouse,"West Palm Beach, Florida",2026-05-22,jev-1.13.0,v2,,Other,1.0,0.0,0.0,0.0,1.0,0.14,0.19,0.35,BBQ & smokehouses,1.0,web,993
Don Ramon Restaurant,"West Palm Beach, Florida",2026-05-29,jev-1.13.0,v2,,Other,1.0,0.0,0.0,0.0,1.0,0.07,0.01,0.18,Mexican & Latin,1.0,web,979
Pizza Supreme Being,"Sacramento, California",2026-05-29,jev-1.13.0,v2,,Other,0.7,0.0,0.0,0.22,0.78,0.08,0.15,0.53,Pizza & Italian,1.0,web,980
Vietnoms,"San Jose, California",2026-05-29,jev-1.13.0,v2,,Other,0.98,0.0,0.0,0.01,0.99,0.03,0.07,0.2,Global kitchens,0.96,web,995
Tank House BBQ,"Sacramento, California",2026-06-12,jev-1.13.0,v2,,Other,1.0,0.0,0.0,0.0,1.0,0.05,0.03,0.26,BBQ & smokehouses,1.0,web,973
The Bywater,"Los Gatos, California",2026-06-12,jev-1.13.0,v2,,Other,1.0,0.0,0.0,0.0,1.0,0.08,0.01,0.15,"Southern, Cajun & soul",1.0,web,990
Wok by the Beach,"Riviera Beach, Florida",2026-06-12,jev-1.13.0,v2,,Other,1.0,0.0,0.0,0.0,1.0,0.02,0.01,0.11,Global kitchens,1.0,web,971
Cousin Vinny's Sandwich Co.,"Tampa, Florida",2026-07-10,jev-1.13.0,v2,,Other,0.95,0.03,0.01,0.0,0.96,0.21,0.18,0.24,Sandwiches & delis,1.0,web,1003
La Santa Maria Kitchen,"Tampa, Florida",2026-07-10,jev-1.13.0,v2,,Drive-In,0.97,0.0,0.97,0.0,0.03,0.03,0.95,0.24,,,web,958
StreetZlan Restaurant,"Elk Grove, California",2026-07-10,jev-1.13.0,v2,,Other,0.94,0.0,0.0,0.04,0.96,0.16,0.12,0.44,Mexican & Latin,0.96,web,981
Mezzaluna Pasteria,"Bentonville, Arkansas",2026-08-07,jev-1.13.0,v2,,Other,1.0,0.0,0.0,0.0,1.0,0.02,0.01,0.05,Pizza & Italian,1.0,web,974
Saiwok Vietnamese Street Food,"Rogers, Arkansas",2026-08-07,jev-1.13.0,v2,,Other,0.99,0.0,0.0,0.0,1.0,0.05,0.11,0.14,Global kitchens,1.0,web,985
The Boozy Pig,"Tampa, Florida",2026-08-07,jev-1.13.0,v2,,Other,0.89,0.08,0.0,0.0,0.92,0.5,0.01,0.26,Butchers & markets,0.59,web,979
Blu Fish House,"Bentonville, Arkansas",2026-08-21,jev-1.13.0,v2,,Other,1.0,0.0,0.0,0.0,1.0,0.02,0.02,0.08,Seafood,1.0,web,990
The Liberty Smokehouse,"Tampa, Florida",2026-08-21,jev-1.13.0,v2,,Drive-In,0.63,0.0,0.72,0.0,0.28,0.04,0.9,0.41,,,web,984
Toot Beirut,"Rogers, Arkansas",2026-08-21,jev-1.13.0,v2,,Other,0.98,0.0,0.01,0.01,0.98,0.06,0.3,0.36,Global kitchens,1.0,web,984
Danger Dave's,"Bentonville, Arkansas",2026-09-11,jev-1.13.0,v2,,Dive,0.75,0.0,0.0,0.81,0.19,0.03,0.02,0.45,,,web,990
Lupe's Situ Tacos,"Seattle, Washington",2026-09-11,jev-1.13.0,v2,,Other,0.4,0.0,0.01,0.44,0.55,0.06,0.15,0.29,Mexican & Latin,1.0,web,980
Ramen Nara,"Rogers, Arkansas",2026-09-11,jev-1.13.0,v2,,Other,1.0,0.0,0.0,0.0,1.0,0.05,0.03,0.26,Global kitchens,1.0,web,975
