restaurant,location,state,country,in_us,classification,classification_forced,detailed_category,bucket_confidence,diner_score,drive_in_score,dive_score,jev_confidence,classification_basis,air_dates,seasons,first_air_date,first_air_year,appearances,status,status_source,description_source,override_note,slug
Brint's Diner,"Wichita, Kansas",KS,USA,True,Diner,Diner,Diner,,0.92,0.08,0.56,1.0,name,2007-04-23,1,2007-04-23,2007,1,Closed,foodiepie,foodiepie,,Brints-Diner-Wichita-KS
Mac & Ernie's Roadside Eatery,"Tarpley, Texas",TX,USA,True,Drive-In,Drive-In,Drive-In,,0.46,0.81,0.85,0.49,jev,2007-04-23; 2021-03-05,1; 33,2007-04-23,2007,2,Open,,foodiepie,,Mac-and-Ernies-Roadside-Eatery-Tarpley-TX
Mad Greek Cafe,"Baker, California",CA,USA,True,Other,Dive,Global kitchens,1.0,0.11,0.11,0.56,0.43,jev,2007-04-23,1,2007-04-23,2007,1,Open,,foodiepie,,Mad-Greek-Baker-CA
Four Kegs Sports Pub,"Las Vegas, Nevada",NV,USA,True,Dive,Dive,Dive,,0.17,0.02,0.73,0.97,jev,2007-04-30,1,2007-04-30,2007,1,Open,,foodiepie,,Four-Kegs-Sports-Bar-Las-Vegas-NV
Hullabaloo Diner,"Wellborn, Texas",TX,USA,True,Diner,Diner,Diner,,0.94,0.08,0.55,1.0,name,2007-04-30,1,2007-04-30,2007,1,Open,,foodiepie,,Hullabaloo-Diner-Wellborn-TX
Pizza Palace,"Knoxville, Tennessee",TN,USA,True,Drive-In,Drive-In,Drive-In,,0.17,0.88,0.57,0.81,jev,2007-04-30,1,2007-04-30,2007,1,Open,,foodiepie,,Pizza-Palace-Knoxville-TN
Frosted Mug,"Alsip, Illinois",IL,USA,True,Drive-In,Drive-In,Drive-In,,0.6,0.96,0.48,1.0,jev,2007-05-07,1,2007-05-07,2007,1,Closed,foodiepie,foodiepie,,Frosted-Mug-Drive-In-Alsip-IL
Patrick's Roadhouse,"Santa Monica, California",CA,USA,True,Diner,Diner,Diner,,0.91,0.1,0.54,0.98,jev,2007-05-07,1,2007-05-07,2007,1,Open,,foodiepie,,Patricks-Roadhouse-Santa-Monica-CA
The Penguin,"Charlotte, North Carolina",NC,USA,True,Diner,Diner,Diner,,0.93,0.12,0.49,1.0,jev,2007-05-07,1,2007-05-07,2007,1,Closed,foodiepie,foodiepie,,Penguin-Drive-In-Charlotte-NC
Franks Diner,"Kenosha, Wisconsin",WI,USA,True,Diner,Diner,Diner,,0.94,0.22,0.74,0.99,name,2007-05-21,1,2007-05-21,2007,1,Open,,foodiepie,,Franks-Diner-Kenosha-WI
Gaffey Street Diner,"San Pedro, California",CA,USA,True,Diner,Diner,Diner,,0.95,0.07,0.63,1.0,name,2007-05-21,1,2007-05-21,2007,1,Closed,foodiepie,foodiepie,,Gaffey-Street-Diner-San-Pedro-CA
The Coffee Cup,"Boulder City, Nevada",NV,USA,True,Diner,Diner,Diner,,0.93,0.1,0.7,1.0,jev,2007-05-21,1,2007-05-21,2007,1,Open,,foodiepie,,Coffee-Cup-Boulder-City-NV
Baby Blues BBQ,"Venice, Los Angeles, California",CA,USA,True,Other,Other,BBQ & smokehouses,1.0,0.08,0.13,0.31,1.0,jev,2007-05-28,1,2007-05-28,2007,1,Closed,foodiepie,foodiepie,,Baby-Blues-BBQ--Venice-Venice-CA
Barbecue King Drive-In,"Charlotte, North Carolina",NC,USA,True,Drive-In,Drive-In,Drive-In,,0.21,0.98,0.54,1.0,name,2007-05-28,1,2007-05-28,2007,1,Closed,web,web,,
Louie Mueller BBQ,"Taylor, Texas",TX,USA,True,Other,Other,BBQ & smokehouses,1.0,0.09,0.17,0.39,0.99,jev,2007-05-28; 2014-06-21; 2021-06-25,1; 19; 34,2007-05-28,2007,3,Open,,foodiepie,,Louie-Mueller-Barbecue-Taylor-TX
A1 Diner,"Gardiner, Maine",ME,USA,True,Diner,Diner,Diner,,0.93,0.06,0.4,1.0,name,2007-06-04,1,2007-06-04,2007,1,Open,,foodiepie,,A1-Diner-Gardiner-ME
Eveready Diner,"Hyde Park, New York",NY,USA,True,Diner,Diner,Diner,,0.91,0.03,0.28,1.0,name,2007-06-04,1,2007-06-04,2007,1,Open,,foodiepie,,Eveready-Diner-Hyde-Park-NY
Leo's BBQ,"Oklahoma City, Oklahoma",OK,USA,True,Dive,Dive,Dive,,0.18,0.22,0.79,0.41,jev,2007-06-04,1,2007-06-04,2007,1,Open,,foodiepie,,Leos-BBQ-Oklahoma-City-OK
Hackney's,"Glenview, Illinois",IL,USA,True,Diner,Diner,Diner,,0.68,0.3,0.69,0.27,jev,2007-06-11,1,2007-06-11,2007,1,Open,,foodiepie,,Hackneys-Glenview-IL
Squeeze Inn,"Sacramento, California",CA,USA,True,Dive,Dive,Dive,,0.54,0.21,0.84,0.93,jev,2007-06-11,1,2007-06-11,2007,1,Closed,foodiepie,foodiepie,,Squeeze-Inn-Sacramento-CA
Triple XXX Restaurant,"West Lafayette, Indiana",IN,USA,True,Diner,Diner,Diner,,0.95,0.16,0.55,1.0,jev,2007-06-11,1,2007-06-11,2007,1,Open,,foodiepie,,Triple-XXX-Restaurant-West-Lafayette-IN
Hank's Creekside Restaurant,"Santa Rosa, California",CA,USA,True,Diner,Diner,Diner,,0.81,0.05,0.33,0.99,jev,2007-06-18,1,2007-06-18,2007,1,Open,,foodiepie,,Hanks-Creekside-Restaurant-Santa-Rosa-CA
Red Arrow Diner,"Manchester, New Hampshire",NH,USA,True,Diner,Diner,Diner,,0.97,0.05,0.43,1.0,name,2007-06-18,1,2007-06-18,2007,1,Open,,foodiepie,,Red-Arrow-Diner-Manchester-NH
Voula's Offshore Cafe,"Seattle, Washington",WA,USA,True,Diner,Diner,Diner,,0.66,0.08,0.49,0.83,jev,2007-06-18; 2014-12-24; 2020-05-08,1; 21; 32,2007-06-18,2007,3,Open,,foodiepie,,Voulas-Offshore-Cafe-Seattle-WA
Byways Cafe,"Portland, Oregon",OR,USA,True,Diner,Diner,Diner,,0.86,0.04,0.54,1.0,jev,2007-07-09,1,2007-07-09,2007,1,Closed,foodiepie,foodiepie,,Byways-Cafe-Portland-OR
South Side Soda Shop and Diner,"Goshen, Indiana",IN,USA,True,Diner,Diner,Diner,,0.95,0.08,0.51,1.0,name,2007-07-09,1,2007-07-09,2007,1,Open,,foodiepie,,South-Side-Soda-Shop-Goshen-IN
Taylor's Automatic Refresher,"St. Helena, California",CA,USA,True,Drive-In,Drive-In,Drive-In,,0.28,0.87,0.48,1.0,jev,2007-07-09,1,2007-07-09,2007,1,Open,,web,,
Big Star Diner,"Bainbridge Island, Washington",WA,USA,True,Diner,Diner,Diner,,0.98,0.07,0.45,1.0,name,2007-07-16,1,2007-07-16,2007,1,Open,,web,,
Harold's Café,"Gaffney, South Carolina",SC,USA,True,Diner,Diner,Diner,,0.85,0.21,0.67,0.96,jev,2007-07-16,1,2007-07-16,2007,1,Open,,foodiepie,,Harolds-Restaurant-Gaffney-SC
Mo Gridder's BBQ,"The Bronx, New York City, New York",NY,USA,True,Drive-In,Drive-In,Drive-In,,0.08,0.76,0.83,0.74,jev,2007-07-16,1,2007-07-16,2007,1,Closed,foodiepie,foodiepie,,Mogridders-BBQ-Bronx-NY
Bay Way Diner,"Linden, New Jersey",NJ,USA,True,Diner,Diner,Diner,,0.96,0.26,0.77,1.0,name,2007-07-23; 2010-10-25,1; 10,2007-07-23,2007,2,Open,,foodiepie,,Bayway-Diner-Linden-NJ
Beacon Drive-In,"Spartanburg, South Carolina",SC,USA,True,Drive-In,Drive-In,Drive-In,,0.63,0.95,0.57,1.0,name,2007-07-23,1,2007-07-23,2007,1,Open,,foodiepie,,Beacon-Drive-In-Spartanburg-SC
Kelly's Diner,"Somerville, Massachusetts",MA,USA,True,Diner,Diner,Diner,,0.96,0.04,0.46,1.0,name,2007-07-23,1,2007-07-23,2007,1,Open,,foodiepie,,Kellys-Diner-Somerville-MA
Al's Breakfast,"Minneapolis, Minnesota",MN,USA,True,Diner,Diner,Diner,,0.93,0.04,0.52,0.99,jev,2007-07-30; 2010-09-20; 2014-12-23,1; 10; 21,2007-07-30,2007,3,Open,,foodiepie,,Als-Breakfast-Minneapolis-MN
Dari-ette Drive-In,"St. Paul, Minnesota",MN,USA,True,Drive-In,Drive-In,Drive-In,,0.78,0.79,0.61,0.96,name,2007-07-30,1,2007-07-30,2007,1,Closed,foodiepie,foodiepie,,Dari-ette-Drive-In-St-Paul-MN
Rosie's Diner,"Rockford, Michigan",MI,USA,True,Diner,Diner,Diner,,0.95,0.08,0.5,1.0,name,2007-07-30,1,2007-07-30,2007,1,Closed,foodiepie,foodiepie,,Rosies-Diner-Rockford-MI
Russian River Pub,"Forestville, California",CA,USA,True,Dive,Dive,Dive,,0.42,0.04,0.5,0.68,jev,2007-07-30; 2020-06-05,1; 32,2007-07-30,2007,2,Open,,foodiepie,,Russian-River-Pub-Forestville-CA
Falafel's Drive-In,"San Jose, California",CA,USA,True,Drive-In,Drive-In,Drive-In,,0.33,0.77,0.57,0.97,name,2007-10-01,2,2007-10-01,2007,1,Open,,foodiepie,,Falafels-Drive-In-San-Jose-CA
Ramona Café,"Ramona, California",CA,USA,True,Diner,Diner,Diner,,0.86,0.08,0.5,1.0,jev,2007-10-01; 2016-02-03,2; 24,2007-10-01,2007,2,Open,,foodiepie,,Ramona-Cafe-Ramona-CA
Silk City Diner,"Philadelphia, Pennsylvania",PA,USA,True,Diner,Diner,Diner,,0.84,0.05,0.32,0.99,name,2007-10-01,2,2007-10-01,2007,1,Open,,foodiepie,,Silk-City-Diner-and-Lounge-Philadelphia-PA
Café on the Route,"Baxter Springs, Kansas",KS,USA,True,Diner,Diner,Diner,,0.46,0.2,0.3,0.51,jev,2007-10-08,2,2007-10-08,2007,1,Closed,foodiepie,foodiepie,,Cafe-On-The-Route-Baxter-Springs-KS
Emma Jean's Holland Burger Café,"Victorville, California",CA,USA,True,Diner,Diner,Diner,,0.86,0.36,0.66,0.99,jev,2007-10-08,2,2007-10-08,2007,1,Open,,foodiepie,,Emma-Jeans-Holland-Burger-Cafe-Victorville-CA
The Rock Café,"Stroud, Oklahoma",OK,USA,True,Diner,Diner,Diner,,0.7,0.17,0.54,0.87,jev,2007-10-08,2,2007-10-08,2007,1,Open,,foodiepie,,Rock-Cafe-Stroud-OK
Evelyn's Drive-In,"Tiverton, Rhode Island",RI,USA,True,Drive-In,Drive-In,Drive-In,,0.41,0.67,0.31,0.82,name,2007-10-15,2,2007-10-15,2007,1,Open,,foodiepie,,Evelyns-Nanaquaket-Drive-In-Tiverton-RI
Hodad's,"Ocean Beach, San Diego, California",CA,USA,True,Dive,Dive,Dive,,0.42,0.32,0.66,0.39,jev,2007-10-15; 2013-08-05; 2021-03-19,2; 17; 33,2007-10-15,2007,3,Open,,foodiepie,,Hodads-San-Diego-CA
Keegan's Seafood Grille,"Indian Rocks Beach, Florida",FL,USA,True,Other,Dive,Seafood,1.0,0.25,0.06,0.42,0.73,jev,2007-10-15,2,2007-10-15,2007,1,Open,,foodiepie,,Keegans-Seafood-Grille-Indian-Rocks-Beach-FL
Clanton's Café,"Vinita, Oklahoma",OK,USA,True,Diner,Diner,Diner,,0.78,0.14,0.62,0.94,jev,2007-10-22; 2015-10-23,2; 23,2007-10-22,2007,2,Open,,foodiepie,,Clantons-Cafe-Vinita-OK
Duarte's Tavern,"Pescadero, California",CA,USA,True,Dive,Dive,Dive,,0.46,0.07,0.67,0.85,jev,2007-10-22; 2017-03-10,2; 26,2007-10-22,2007,2,Open,,foodiepie,,Duartes-Tavern-Pescadero-CA
Mike's Chili Parlor,"Seattle, Washington",WA,USA,True,Dive,Dive,Dive,,0.38,0.09,0.89,0.99,jev,2007-10-22; 2017-10-27,2; 27,2007-10-22,2007,2,Open,,foodiepie,,Mikes-Chili-Parlor-Seattle-WA
Bobby's Hawaiian Style Restaurant,"Everett, Washington",WA,USA,True,Other,Other,Global kitchens,1.0,0.09,0.09,0.36,1.0,jev,2007-10-29,2,2007-10-29,2007,1,Open,,foodiepie,,Bobbys-Hawaiian-Restaurant-Lynnwood-WA
Psycho Suzie's Motor Lounge,"Minneapolis, Minnesota",MN,USA,True,Dive,Dive,Dive,,0.41,0.05,0.61,0.85,jev,2007-10-29,2,2007-10-29,2007,1,Closed,foodiepie;wikipedia,foodiepie,,Psycho-Suzis-Motor-Lounge-Minneapolis-MN
Ted Peters Famous Smoked Fish,"South Pasadena, Florida",FL,USA,True,Dive,Dive,Dive,,0.47,0.39,0.78,0.72,jev,2007-10-29; 2017-07-28,2; 27,2007-10-29,2007,2,Open,,foodiepie,,Ted-Peters-Famous-Smoked-Fish-South-Pasadena-FL
BBQ Shack,"Paola, Kansas",KS,USA,True,Other,Drive-In,BBQ & smokehouses,1.0,0.1,0.42,0.58,0.96,jev,2007-11-05; 2015-10-23,2; 23,2007-11-05,2007,2,Closed,foodiepie,foodiepie,,BBQ-Shack-Paola-KS
Jay Bee's Bar-B-Que,"Gardena, California",CA,USA,True,Other,Dive,BBQ & smokehouses,1.0,0.16,0.22,0.49,0.98,jev,2007-11-05,2,2007-11-05,2007,1,Open,,foodiepie,,Jay-Bees-Bar-B-Q-Gardena-CA
Smoque,"Chicago, Illinois",IL,USA,True,Other,Other,BBQ & smokehouses,1.0,0.08,0.11,0.27,1.0,jev,2007-11-05,2,2007-11-05,2007,1,Open,,foodiepie,,Smoque-BBQ-Chicago-IL
Alpine Steakhouse,"Sarasota, Florida",FL,USA,True,Other,Other,New American bistros,0.58,0.07,0.03,0.18,1.0,jev,2007-11-10; 2015-11-19,2; 23,2007-11-10,2007,2,Open,,foodiepie,,Alpine-Steakhouse-Sarasota-FL
Mike's City Diner,"Boston, Massachusetts",MA,USA,True,Diner,Diner,Diner,,0.94,0.05,0.41,1.0,name,2007-11-10; 2015-11-19; 2020-05-08,2; 23; 32,2007-11-10,2007,3,Open,,foodiepie,,Mikes-City-Diner-Boston-MA
Willie Bird's Restaurant,"Santa Rosa, California",CA,USA,True,Diner,Diner,Diner,,0.7,0.13,0.46,0.75,jev,2007-11-10,2,2007-11-10,2007,1,Closed,foodiepie,foodiepie,,Willie-Birds-Restaurant-Santa-Rosa-CA
Grubstake Diner,"San Francisco, California",CA,USA,True,Diner,Diner,Diner,,0.84,0.07,0.53,1.0,name,2007-11-19,2,2007-11-19,2007,1,Open,,foodiepie,,Grubstake-San-Francisco-CA
JT Farnham's Seafood & Grill,"Essex, Massachusetts",MA,USA,True,Other,Dive,Seafood,1.0,0.25,0.16,0.41,0.53,jev,2007-11-19,2,2007-11-19,2007,1,Open,,foodiepie,,JT-Farnhams-South-Essex-MA
Joe's Gizzard City,"Potterville, Michigan",MI,USA,True,Dive,Dive,Dive,,0.47,0.18,0.84,0.96,jev,2007-11-19,2,2007-11-19,2007,1,Open,,foodiepie,,Joes-Gizzard-City-Potterville-MI
Los Tapatios,"San Jose, California",CA,USA,True,Other,Dive,Mexican & Latin,1.0,0.05,0.18,0.49,0.76,jev,2007-11-19,2,2007-11-19,2007,1,Closed,foodiepie,foodiepie,,Los-Tapatios-Restaurant-San-Jose-CA
Charlie's Diner,"Spencer, Massachusetts",MA,USA,True,Diner,Diner,Diner,,0.95,0.06,0.53,1.0,name,2007-11-23,2,2007-11-23,2007,1,Open,,foodiepie,,Charlies-Diner-Spencer-MA
El Indio,"San Diego, California",CA,USA,True,Other,Dive,Mexican & Latin,1.0,0.05,0.08,0.37,0.92,jev,2007-11-23,2,2007-11-23,2007,1,Open,,foodiepie,,El-Indio-San-Diego-CA
Paradise Pup,"Des Plaines, Illinois",IL,USA,True,Dive,Dive,Dive,,0.34,0.39,0.67,0.33,jev,2007-11-23,2,2007-11-23,2007,1,Open,,foodiepie,,Paradise-Pup-Des-Plaines-IL
Studio Diner,"San Diego, California",CA,USA,True,Diner,Diner,Diner,,0.95,0.05,0.29,1.0,name,2008-01-07; 2017-03-10,2; 26,2008-01-07,2008,2,Open,,foodiepie,,Studio-Diner-San-Diego-CA
The Dining Car,"Philadelphia, Pennsylvania",PA,USA,True,Diner,Diner,Diner,,0.92,0.05,0.51,1.0,jev,2008-01-07; 2015-09-23,2; 23,2008-01-07,2008,2,Open,,foodiepie,,Dining-Car-and-Market-Philadelphia-PA
White Palace Grill,"Chicago, Illinois",IL,USA,True,Diner,Diner,Diner,,0.97,0.03,0.35,1.0,jev,2008-01-07,2,2008-01-07,2008,1,Open,,foodiepie,,White-Palace-Grill-Chicago-IL
Galewood Cook Shack,"Chicago, Illinois",IL,USA,True,Drive-In,Drive-In,Drive-In,,0.13,0.91,0.77,0.99,jev,2008-01-14,2,2008-01-14,2008,1,Closed,foodiepie,foodiepie,,Gailwood-Cook-Shack-Chicago-IL
Grinders Pizza,"Kansas City, Missouri",MO,USA,True,Dive,Dive,Dive,,0.25,0.05,0.67,0.4,jev,2008-01-14; 2020-04-24,2; 32,2008-01-14,2008,2,Open,,foodiepie,,Grinders-Kansas-City-MO
Schooner or Later,"Long Beach, California",CA,USA,True,Diner,Diner,Diner,,0.75,0.06,0.43,0.88,jev,2008-01-14; 2014-12-23,2; 21,2008-01-14,2008,2,Open,,foodiepie,,Schooner-or-Later-Long-Beach-CA
The Fly Trap,"Ferndale, Michigan",MI,USA,True,Diner,Diner,Diner,,0.77,0.05,0.18,0.98,jev,2008-01-14,2,2008-01-14,2008,1,Open,,foodiepie,,Fly-Trap-Ferndale-MI
Casper & Runyon's Nook,"St. Paul, Minnesota",MN,USA,True,Dive,Dive,Dive,,0.27,0.05,0.84,1.0,jev,2008-01-21; 2012-06-11,2; 14,2008-01-21,2008,2,Open,,foodiepie,,Caspers-and-Runyons-Nook-St-Paul-MN
Joe's Cable Car Restaurant,"San Francisco, California",CA,USA,True,Diner,Diner,Diner,,0.92,0.08,0.44,1.0,jev,2008-01-21,2,2008-01-21,2008,1,Closed,foodiepie,foodiepie,,Joes-Cable-Car-Restaurant-San-Francisco-CA
Krazy Jim's Blimpy Burger,"Ann Arbor, Michigan",MI,USA,True,Dive,Dive,Dive,,0.44,0.4,0.68,0.35,jev,2008-01-21,2,2008-01-21,2008,1,Open,,foodiepie,,Krazy-Jims-Blimpy-Burger-Ann-Arbor-MI
Hightstown Diner,"Hightstown, New Jersey",NJ,USA,True,Diner,Diner,Diner,,0.95,0.06,0.56,1.0,name,2008-01-28,2,2008-01-28,2008,1,Open,,foodiepie,,Hightstown-Diner-Hightstown-NJ
Jefferson Diner,"Lake Hopatcong, New Jersey",NJ,USA,True,Diner,Diner,Diner,,0.72,0.05,0.46,0.98,name,2008-01-28,2,2008-01-28,2008,1,Open,,foodiepie,,Jefferson-Diner-Lake-Hopatcong-NJ
Mustache Bill's,"Barnegat Light, New Jersey",NJ,USA,True,Diner,Diner,Diner,,0.92,0.06,0.67,1.0,jev,2008-01-28; 2014-12-23,2; 21,2008-01-28,2008,2,Open,,foodiepie,,Mustache-Bills-Diner-Barnegat-Light-NJ
Skylark Diner,"Edison, New Jersey",NJ,USA,True,Diner,Diner,Diner,,0.71,0.03,0.34,0.87,name,2008-01-28,2,2008-01-28,2008,1,Open,,foodiepie,,Skylark-Diner-Edison-NJ
The Ritz Diner,"Livingston, New Jersey",NJ,USA,True,Diner,Diner,Diner,,0.91,0.06,0.33,1.0,name,2008-01-28,2,2008-01-28,2008,1,Open,,foodiepie,,Ritz-Diner-Livingston-NJ
Tick Tock Diner,"Clifton, New Jersey",NJ,USA,True,Diner,Diner,Diner,,0.95,0.04,0.32,1.0,name,2008-01-28,2,2008-01-28,2008,1,Open,,foodiepie,,Tick-Tock-Diner-Clifton-NJ
White Manna Hamburgers,"Hackensack, New Jersey",NJ,USA,True,Dive,Dive,Dive,,0.31,0.3,0.72,0.63,jev,2008-01-28,2,2008-01-28,2008,1,Open,,foodiepie,,White-Manna-Hackensack-NJ
Brownstone Diner,"Jersey City, New Jersey",NJ,USA,True,Diner,Diner,Diner,,0.76,0.03,0.28,0.99,name,2008-03-10; 2017-10-27,3; 27,2008-03-10,2008,2,Closed,foodiepie,foodiepie,,Brownstone-Diner-and-Pancake-Factory-Jersey-City-NJ
Mama's 39th Street Diner,"Kansas City, Missouri",MO,USA,True,Diner,Diner,Diner,,0.95,0.1,0.58,1.0,name,2008-03-10,3,2008-03-10,2008,1,Closed,foodiepie,foodiepie,,Mamas-39th-St-Diner-Kansas-City-MO
Matt's Big Breakfast,"Phoenix, Arizona",AZ,USA,True,Diner,Diner,Diner,,0.6,0.05,0.16,0.82,jev,2008-03-10; 2014-12-23,3; 21,2008-03-10,2008,2,Open,,foodiepie,,Matts-Big-Breakfast-Phoenix-AZ
Roberto's Mexican Food,"Phoenix, Arizona",AZ,USA,True,Dive,Dive,Dive,,0.05,0.59,0.93,1.0,jev,2008-03-17,3,2008-03-17,2008,1,Open,,web,,
Smokey Valley Truck Stop,"Olive Hill, Kentucky",KY,USA,True,Diner,Diner,Diner,,0.75,0.09,0.68,0.88,jev,2008-03-17,3,2008-03-17,2008,1,Closed,foodiepie,foodiepie,,Smokey-Valley-Truck-Stop-Olive-Hill-KY
Sweetie Pie's,"St. Louis, Missouri",MO,USA,True,Other,Diner,"Southern, Cajun & soul",1.0,0.28,0.07,0.44,0.97,jev,2008-03-17; 2014-12-22,3; 21,2008-03-17,2008,2,Closed,foodiepie,foodiepie,,Sweetie-Pies-Soul-Food-St-Louis-MO
Charlie Parker's,"Springfield, Illinois",IL,USA,True,Diner,Diner,Diner,,0.94,0.12,0.78,1.0,jev,2008-03-24,3,2008-03-24,2008,1,Open,,foodiepie,,Charlie-Parkers-Springfield-IL
Tecolote Café,"Santa Fe, New Mexico",NM,USA,True,Other,Diner,Mexican & Latin,0.84,0.34,0.03,0.22,0.78,jev,2008-03-24,3,2008-03-24,2008,1,Closed,foodiepie,foodiepie,,Tecolote-Cafe-Santa-Fe-NM
Virginia Diner,"Wakefield, Virginia",VA,USA,True,Diner,Diner,Diner,,0.96,0.07,0.57,1.0,name,2008-03-24,3,2008-03-24,2008,1,Open,,foodiepie,,Virginia-Diner-Wakefield-VA
Daddypops,"Hatboro, Pennsylvania",PA,USA,True,Diner,Diner,Diner,,0.95,0.12,0.68,1.0,jev,2008-03-31,3,2008-03-31,2008,1,Open,,foodiepie,,Daddypops-Hatboro-PA
Iron Barley,"St. Louis, Missouri",MO,USA,True,Dive,Dive,Dive,,0.25,0.06,0.63,0.86,jev,2008-03-31,3,2008-03-31,2008,1,Closed,foodiepie,foodiepie,,Iron-Barley-High-Hog-Ridge-High-Ridge-MO
The Village Café,"Richmond, Virginia",VA,USA,True,Dive,Dive,Dive,,0.51,0.05,0.85,0.93,jev,2008-03-31,3,2008-03-31,2008,1,Open,,foodiepie,,Village-Cafe-Richmond-VA
Thee Pitts Again,"Glendale, Arizona",AZ,USA,True,Other,Other,BBQ & smokehouses,1.0,0.13,0.23,0.4,1.0,jev,2008-03-31; 2015-11-19,3; 23,2008-03-31,2008,2,Closed,foodiepie,foodiepie,,Thee-Pitts-Again-Glendale-AZ
Chino Bandido,"Phoenix, Arizona",AZ,USA,True,Other,Dive,Mexican & Latin,0.98,0.06,0.05,0.32,0.92,jev,2008-04-07; 2020-06-05,3; 32,2008-04-07,2008,2,Open,,foodiepie,,Chino-Bandido-Phoenix-AZ
Marietta Diner,"Marietta, Georgia",GA,USA,True,Diner,Diner,Diner,,0.79,0.04,0.36,0.99,name,2008-04-07,3,2008-04-07,2008,1,Open,,foodiepie,,Marietta-Diner-Marietta-GA
YJ's Snack Bar,"Kansas City, Missouri",MO,USA,True,Dive,Dive,Dive,,0.25,0.12,0.7,0.9,jev,2008-04-07,3,2008-04-07,2008,1,Closed,foodiepie,foodiepie,,YJs-Snack-Bar-Kansas-City-MO
Dot's Back Inn,"Richmond, Virginia",VA,USA,True,Diner,Diner,Diner,,0.9,0.05,0.52,1.0,jev,2008-04-14,3,2008-04-14,2008,1,Open,,foodiepie,,Dots-Back-Inn-Richmond-VA
Hillbilly Hot Dogs,"Lesage, West Virginia",WV,USA,True,Dive,Dive,Dive,,0.46,0.3,0.87,0.94,jev,2008-04-14; 2010-08-30; 2020-05-29,3; 10; 32,2008-04-14,2008,3,Open,,foodiepie,,Hillbilly-Hot-Dogs-Lesage-WV
Scully's Tavern,"Miami, Florida",FL,USA,True,Dive,Dive,Dive,,0.14,0.04,0.51,0.96,jev,2008-04-14; 2015-10-23; 2020-06-05,3; 23; 32,2008-04-14,2008,3,Closed,foodiepie,foodiepie,,Scullys-Tavern-Miami-FL
11th Street Diner,"Miami Beach, Florida",FL,USA,True,Diner,Diner,Diner,,0.94,0.05,0.36,1.0,name,2008-05-12,3,2008-05-12,2008,1,Open,,foodiepie,,11th-Street-Diner-Miami-Beach-FL
Bobo Drive-In,"Topeka, Kansas",KS,USA,True,Drive-In,Drive-In,Drive-In,,0.36,0.97,0.47,1.0,name,2008-05-12,3,2008-05-12,2008,1,Open,,foodiepie,,Bobos-Drive-In-Topeka-KS
Little Tea Shop,"Memphis, Tennessee",TN,USA,True,Other,Diner,"Southern, Cajun & soul",1.0,0.38,0.05,0.28,0.38,jev,2008-05-12,3,2008-05-12,2008,1,Closed,foodiepie,foodiepie,,Little-Tea-Shop-Memphis-TN
Joe's Farm Grill,"Gilbert, Arizona",AZ,USA,True,Other,Diner,New American bistros,0.93,0.38,0.2,0.27,0.62,jev,2008-05-19,3,2008-05-19,2008,1,Open,,foodiepie,,Joes-Farm-Grill-Gilbert-AZ
Maria's Taco Express,"Austin, Texas",TX,USA,True,Dive,Dive,Dive,,0.13,0.19,0.48,0.39,jev,2008-05-19; 2014-12-26,3; 21,2008-05-19,2008,2,Open,,foodiepie,,Marias-Taco-Xpress-Austin-TX
Panini Pete's,"Fairhope, Alabama",AL,USA,True,Diner,Diner,Diner,,0.48,0.14,0.19,0.4,jev,2008-05-19; 2020-04-24,3; 32,2008-05-19,2008,2,Open,,foodiepie,,Panini-Petes-Fairhope-AL
Cozy Corner,"Memphis, Tennessee",TN,USA,True,Other,Other,BBQ & smokehouses,1.0,0.12,0.12,0.41,1.0,jev,2008-05-26,3,2008-05-26,2008,1,Open,,foodiepie,,Cozy-Corner-Restaurant-Memphis-TN
Leonard's BBQ,"Memphis, Tennessee",TN,USA,True,Other,Dive,BBQ & smokehouses,1.0,0.26,0.22,0.64,0.84,jev,2008-05-26,3,2008-05-26,2008,1,Closed,foodiepie,foodiepie,,Leonards-Pit-Barbecue-Memphis-TN
Marlowe's Ribs,"Memphis, Tennessee",TN,USA,True,Other,Other,BBQ & smokehouses,1.0,0.09,0.15,0.38,1.0,jev,2008-05-26,3,2008-05-26,2008,1,Open,,foodiepie,,Marlowes-Ribs-Memphis-TN
Tom's Bar-B-Q,"Memphis, Tennessee",TN,USA,True,Other,Dive,BBQ & smokehouses,1.0,0.13,0.28,0.51,0.9,jev,2008-05-26; 2014-06-21,3; 19,2008-05-26,2008,2,Open,,foodiepie,,Toms-Barbeque-Memphis-TN
Blue Moon Café,"Baltimore, Maryland",MD,USA,True,Diner,Diner,Diner,,0.72,0.02,0.2,0.98,jev,2008-06-15,3,2008-06-15,2008,1,Open,,foodiepie,,Blue-Moon-Cafe-Baltimore-MD
Central City Cafe,"Huntington, West Virginia",WV,USA,True,Diner,Diner,Diner,,0.64,0.09,0.44,0.97,jev,2008-06-15,3,2008-06-15,2008,1,Open,,foodiepie,,Central-City-Cafe-Huntington-WV
Grampa's Bakery & Restaurant,"Dania Beach, Florida",FL,USA,True,Diner,Diner,Diner,,0.59,0.04,0.28,0.62,jev,2008-06-15; 2014-12-23,3; 21,2008-06-15,2008,2,Closed,foodiepie,foodiepie,,Grampas-Bakery-and-Restaurant-Dania-Beach-FL
Tip Top Café,"San Antonio, Texas",TX,USA,True,Diner,Diner,Diner,,0.72,0.11,0.52,0.96,jev,2008-06-15,3,2008-06-15,2008,1,Open,,foodiepie,,Tip-Top-Cafe-San-Antonio-TX
Matthews Cafeteria,"Tucker, Georgia",GA,USA,True,Diner,Diner,Diner,,0.67,0.05,0.41,0.96,jev,2008-06-23,3,2008-06-23,2008,1,Open,,foodiepie,,Matthews-Cafeteria-Tucker-GA
Monte Carlo Steak House,"Albuquerque, New Mexico",NM,USA,True,Other,Dive,Global kitchens,0.95,0.07,0.03,0.6,0.42,jev,2008-06-23; 2014-12-24,3; 21,2008-06-23,2008,2,Open,,foodiepie,,Monte-Carlo-Steak-House-Albuquerque-NM
The Rivershack Tavern,"Jefferson, Louisiana",LA,USA,True,Dive,Dive,Dive,,0.17,0.23,0.93,1.0,jev,2008-06-23,3,2008-06-23,2008,1,Open,,foodiepie,,Rivershack-Tavern-Jefferson-LA
Benny's Seafood Restaurant,"South Miami, Florida",FL,USA,True,Other,Other,Seafood,0.46,0.07,0.09,0.38,0.99,jev,2008-06-30,3,2008-06-30,2008,1,Closed,foodiepie,foodiepie,,Bennys-Seafood-Restaurant-Miami-FL
Burger Bar,"Roy, Utah",UT,USA,True,Drive-In,Drive-In,Drive-In,,0.41,0.44,0.57,0.65,jev,2008-06-30; 2017-10-27,3; 27,2008-06-30,2008,2,Open,,foodiepie,,Burger-Bar-Roy-UT
Chaps Pit Beef,"Baltimore, Maryland",MD,USA,True,Other,Dive,Sandwiches & delis,0.64,0.24,0.31,0.64,0.46,jev,2008-06-30; 2012-10-01; 2020-09-11,3; 15; 33,2008-06-30,2008,3,Open,,foodiepie,,Chaps-Pit-Beef-Baltimore-MD
Texas Pride BBQ,"Adkins, Texas",TX,USA,True,Other,Dive,BBQ & smokehouses,1.0,0.11,0.2,0.68,0.73,jev,2008-07-07,3,2008-07-07,2008,1,Open,,foodiepie,,Texas-Pride-Barbecue-Adkins-TX
The Joint,"New Orleans, Louisiana",LA,USA,True,Other,Dive,BBQ & smokehouses,1.0,0.13,0.16,0.36,0.91,jev,2008-07-07; 2016-01-20,3; 24,2008-07-07,2008,2,Open,,foodiepie,,Joint-New-Orleans-LA
The Shed,"Ocean Springs, Mississippi",MS,USA,True,Dive,Dive,Dive,,0.09,0.21,0.93,0.99,jev,2008-07-07,3,2008-07-07,2008,1,Open,,foodiepie,,Shed-BBQ-and-Blues-Joint-Ocean-Springs-MS
Blue Plate Diner,"Salt Lake City, Utah",UT,USA,True,Diner,Diner,Diner,,0.96,0.05,0.41,1.0,name,2008-07-14,4,2008-07-14,2008,1,Closed,foodiepie,foodiepie,,Blue-Plate-Diner-Salt-Lake-City-UT
Broadway Diner,"Baltimore, Maryland",MD,USA,True,Diner,Diner,Diner,,0.93,0.03,0.28,1.0,name,2008-07-14,4,2008-07-14,2008,1,Open,,foodiepie,,Broadway-Diner-Baltimore-MD
Town Talk Diner,"Minneapolis, Minnesota",MN,USA,True,Diner,Diner,Diner,,0.88,0.06,0.67,0.98,name,2008-07-14,4,2008-07-14,2008,1,Closed,foodiepie,foodiepie,,Town-Talk-Diner-Minneapolis-MN
Gumbo Shack,"Fairhope, Alabama",AL,USA,True,Dive,Dive,Dive,,0.18,0.2,0.85,1.0,jev,2008-07-21,4,2008-07-21,2008,1,Closed,foodiepie,foodiepie,,Gumbo-Shack-Fairhope-AL
Starlite Lounge,"Blawnox, Pennsylvania",PA,USA,True,Dive,Dive,Dive,,0.27,0.04,0.71,0.92,jev,2008-07-21,4,2008-07-21,2008,1,Open,,foodiepie,,Starlite-Lounge-Pittsburgh-PA
The Highlander,"Atlanta, Georgia",GA,USA,True,Dive,Dive,Dive,,0.14,0.03,0.83,1.0,jev,2008-07-21; 2015-10-23,4; 23,2008-07-21,2008,2,Closed,foodiepie,foodiepie,,Highlander-Atlanta-GA
Casino El Camino,"Austin, Texas",TX,USA,True,Dive,Dive,Dive,,0.29,0.05,0.9,1.0,jev,2008-07-28,4,2008-07-28,2008,1,Open,,foodiepie,,Casino-El-Camino-Austin-TX
G&A Restaurant,"Baltimore, Maryland",MD,USA,True,Diner,Diner,Diner,,0.91,0.17,0.67,0.99,jev,2008-07-28,4,2008-07-28,2008,1,Open,,foodiepie,,G-and-A-Restaurant-White-Marsh-MD
The Wienery,"Minneapolis, Minnesota",MN,USA,True,Diner,Diner,Diner,,0.92,0.5,0.87,0.55,jev,2008-07-28,4,2008-07-28,2008,1,Open,,foodiepie,,Wienery-Minneapolis-MN
Captain Chuck A Mucks,"Rescue, Virginia",VA,USA,True,Other,Dive,Seafood,1.0,0.26,0.08,0.45,0.47,jev,2008-08-04,4,2008-08-04,2008,1,Open,,foodiepie,,Captain-Chuck-A-Mucks-Ship-Carrollton-VA
Dixie Quicks,"Omaha, Nebraska",NE,USA,True,Dive,Dive,Dive,,0.51,0.12,0.58,0.22,jev,2008-08-04,4,2008-08-04,2008,1,Closed,foodiepie,foodiepie,,Dixie-Quicks-Magnolia-Room-Omaha-NE
Uncle Lou's,"Memphis, Tennessee",TN,USA,True,Dive,Dive,Dive,,0.36,0.2,0.6,0.67,jev,2008-08-04; 2014-04-18; 2020-08-28,4; 19; 33,2008-08-04,2008,3,Open,,foodiepie,,Uncle-Lous-Fried-Chicken-Memphis-TN
Aunt Lena's Creamery,"Chandler, Arizona",AZ,USA,True,Other,Drive-In,"Bakeries, cafes & desserts",1.0,0.06,0.28,0.15,0.87,jev,2008-08-11,4,2008-08-11,2008,1,Closed,foodiepie,foodiepie,,Aunt-Lenas-Creamery-Chandler-AZ
Doumar's,"Norfolk, Virginia",VA,USA,True,Diner,Diner,Diner,,0.79,0.74,0.47,0.37,jev,2008-08-11,4,2008-08-11,2008,1,Open,,foodiepie,,Doumars-Cones-and-Barbecue-Norfolk-VA
The Creole Creamery,"New Orleans, Louisiana",LA,USA,True,Other,Drive-In,"Bakeries, cafes & desserts",1.0,0.07,0.19,0.18,0.69,jev,2008-08-11; 2016-01-20,4; 24,2008-08-11,2008,2,Open,,foodiepie,,Creole-Creamery-New-Orleans-LA
Bryant-Lake Bowl,"Minneapolis, Minnesota",MN,USA,True,Other,Dive,Brewpubs & bars,0.48,0.15,0.03,0.48,0.43,jev,2008-08-18,4,2008-08-18,2008,1,Open,,foodiepie,,Bryant-Lake-Bowl-Minneapolis-MN
Cabbage Town Market,"Atlanta, Georgia",GA,USA,True,Other,Dive,Butchers & markets,0.98,0.57,0.21,0.68,0.5,jev,2008-08-18,4,2008-08-18,2008,1,Open,,web,,
The Cove,"San Antonio, Texas",TX,USA,True,Dive,Dive,Dive,,0.29,0.28,0.6,0.5,jev,2008-08-18,4,2008-08-18,2008,1,Open,,foodiepie,,Cove-San-Antonio-TX
Crystal Restaurant,"Pittsburgh, Pennsylvania",PA,USA,True,Other,Other,Global kitchens,1.0,0.03,0.04,0.24,1.0,jev,2008-09-15,4,2008-09-15,2008,1,Closed,foodiepie,foodiepie,,Crystal-On-Penn-Pittsburgh-PA
Jamaica Kitchen,"Kendale Lakes, Florida",FL,USA,True,Dive,Dive,Dive,,0.09,0.05,0.67,0.37,jev,2008-09-15,4,2008-09-15,2008,1,Open,,foodiepie,,Jamaica-Kitchen-Miami-FL
Red Iguana,"Salt Lake City, Utah",UT,USA,True,Other,Other,Mexican & Latin,1.0,0.03,0.04,0.21,1.0,jev,2008-09-15,4,2008-09-15,2008,1,Open,,foodiepie,,Red-Iguana-Salt-Lake-City-UT
Amato's,"Omaha, Nebraska",NE,USA,True,Diner,Diner,Diner,,0.72,0.07,0.46,0.6,jev,2008-09-22,4,2008-09-22,2008,1,Closed,foodiepie,foodiepie,,Amatos-Omaha-NE
Colonnade,"Atlanta, Georgia",GA,USA,True,Other,Diner,"Southern, Cajun & soul",0.99,0.4,0.07,0.37,0.33,jev,2008-09-22,4,2008-09-22,2008,1,Open,,foodiepie,,Colonnade-Restaurant-Atlanta-GA
Manci's Antique Club,"Daphne, Alabama",AL,USA,True,Diner,Diner,Diner,,0.64,0.1,0.66,0.34,jev,2008-09-22,4,2008-09-22,2008,1,Open,,foodiepie,,Mancis-Antique-Club-Daphne-AL
Brick Oven Pizza,"Baltimore, Maryland",MD,USA,True,Other,Dive,Pizza & Italian,1.0,0.08,0.11,0.43,0.98,jev,2008-09-29,4,2008-09-29,2008,1,Closed,foodiepie,foodiepie,,Bop-Brick-Oven-Pizza-Baltimore-MD
Darwell's Café,"Long Beach, Mississippi",MS,USA,True,Diner,Diner,Diner,,0.61,0.06,0.48,0.52,jev,2008-09-29,4,2008-09-29,2008,1,Open,,foodiepie,,Darwells-Cafe-Long-Beach-MS
Victor's 1959 Café,"Minneapolis, Minnesota",MN,USA,True,Other,Diner,Mexican & Latin,1.0,0.38,0.07,0.43,0.7,jev,2008-09-29,4,2008-09-29,2008,1,Open,,foodiepie,,Victors-1959-Cafe-Minneapolis-MN
Big Mama's Kitchen & Catering,"Omaha, Nebraska",NE,USA,True,Diner,Diner,Diner,,0.46,0.1,0.55,0.24,jev,2008-10-06,4,2008-10-06,2008,1,Open,,foodiepie,,Big-Mamas-Kitchen-Omaha-NE
Casamento's Restaurant,"New Orleans, Louisiana",LA,USA,True,Other,Dive,Seafood,1.0,0.16,0.09,0.5,0.33,jev,2008-10-06; 2016-01-20,4; 24,2008-10-06,2008,2,Open,,foodiepie,,Casamentos-Restaurant-New-Orleans-LA
Nadine's Restaurant,"Pittsburgh, Pennsylvania",PA,USA,True,Diner,Diner,Diner,,0.9,0.04,0.65,1.0,jev,2008-10-06; 2014-12-24,4; 21,2008-10-06,2008,2,Open,,foodiepie,,Nadines-Pittsburgh-PA
Cemitas Puebla,"Chicago, Illinois",IL,USA,True,Other,Dive,Mexican & Latin,1.0,0.05,0.08,0.43,0.91,jev,2008-10-13,4,2008-10-13,2008,1,Closed,foodiepie,foodiepie,,Cemitas-Puebla-Chicago-IL
Moochie's Meatballs & More,"Salt Lake City, Utah",UT,USA,True,Other,Other,Sandwiches & delis,0.97,0.29,0.12,0.46,0.62,jev,2008-10-13,4,2008-10-13,2008,1,Open,,foodiepie,,Moochies-Meatballs-and-More-Salt-Lake-City-UT
Tioli's Crazee Burger,"San Diego, California",CA,USA,True,Other,Diner,New American bistros,0.98,0.21,0.09,0.13,0.98,jev,2008-10-13,4,2008-10-13,2008,1,Open,,foodiepie,,Crazee-Burger-San-Diego-CA
Alcenia's,"Memphis, Tennessee",TN,USA,True,Other,Diner,"Southern, Cajun & soul",1.0,0.38,0.07,0.42,0.55,jev,2008-11-03,4,2008-11-03,2008,1,Open,,foodiepie,,Alcenias-Desserts-and-Preserves-Shop-Memphis-TN
Donatelli's,"White Bear Lake, Minnesota",MN,USA,True,Other,Other,Pizza & Italian,1.0,0.14,0.1,0.4,0.99,jev,2008-11-03,4,2008-11-03,2008,1,Open,,foodiepie,,Donatellis-White-Bear-Lake-MN
Stoney Creek Inn,"Baltimore, Maryland",MD,USA,True,Other,Dive,Seafood,1.0,0.09,0.04,0.26,0.97,jev,2008-11-03,4,2008-11-03,2008,1,Open,,foodiepie,,Stoney-Creek-Inn-Curtis-Bay-MD
Brewburger's,"Omaha, Nebraska",NE,USA,True,Dive,Dive,Dive,,0.25,0.05,0.48,0.78,jev,2008-11-10,4,2008-11-10,2008,1,Closed,foodiepie,foodiepie,,Brewburgers-Omaha-NE
Dor-Stop Restaurant,"Pittsburgh, Pennsylvania",PA,USA,True,Diner,Diner,Diner,,0.93,0.07,0.49,1.0,jev,2008-11-10,5,2008-11-10,2008,1,Open,,foodiepie,,Dor-Stop-Restaurant-Pittsburgh-PA
Harry's Roadhouse,"Santa Fe, New Mexico",NM,USA,True,Diner,Diner,Diner,,0.82,0.15,0.54,0.96,jev,2008-11-10,5,2008-11-10,2008,1,Open,,foodiepie,,Harrys-Roadhouse-Santa-Fe-NM
Lone Star Taqueria,"Salt Lake City, Utah",UT,USA,True,Dive,Dive,Dive,,0.04,0.18,0.71,0.95,jev,2008-11-10; 2017-08-14,4; 27,2008-11-10,2008,2,Open,,foodiepie,,Lone-Star-Taqueria-Salt-Lake-City-UT
Modern Café,"Minneapolis, Minnesota",MN,USA,True,Diner,Diner,Diner,,0.77,0.03,0.1,0.86,jev,2008-11-10,4,2008-11-10,2008,1,Closed,foodiepie,foodiepie,,Modern-Cafe-Minneapolis-MN
Surrey's Café,"New Orleans, Louisiana",LA,USA,True,Diner,Diner,Diner,,0.75,0.05,0.22,0.96,jev,2008-11-10; 2016-01-20,5; 24,2008-11-10,2008,2,Open,,foodiepie,,Surreys-Cafe-New-Orleans-LA
Di Pasquale's,"Baltimore, Maryland",MD,USA,True,Other,Other,Pizza & Italian,0.8,0.07,0.04,0.27,1.0,jev,2008-11-17,5,2008-11-17,2008,1,Open,,foodiepie,,Di-Pasquales-Italian-Marketplace-Baltimore-MD
LoBello's Spaghetti House,"Coraopolis, Pennsylvania",PA,USA,True,Other,Dive,Pizza & Italian,1.0,0.12,0.04,0.43,0.98,jev,2008-11-17,5,2008-11-17,2008,1,Closed,foodiepie,foodiepie,,Lobellos-Restaurant-Coraopolis-PA
Pizzeria Luigi,"San Diego, California",CA,USA,True,Other,Other,Pizza & Italian,1.0,0.05,0.08,0.33,1.0,jev,2008-11-17; 2013-08-05; 2020-05-08,5; 17; 32,2008-11-17,2008,3,Open,,foodiepie,,Pizzeria-Luigi-San-Diego-CA
Glenn's Diner,"Chicago, Illinois",IL,USA,True,Diner,Diner,Diner,,0.75,0.04,0.28,0.98,name,2008-11-24,5,2008-11-24,2008,1,Closed,foodiepie,foodiepie,,Glenns-Diner-Chicago-IL
Magnolia Cafe,"Austin, Texas",TX,USA,True,Diner,Diner,Diner,,0.71,0.04,0.34,0.93,jev,2008-11-24,5,2008-11-24,2008,1,Open,,foodiepie,,Magnolia-Cafe-Austin-TX
Sophia's Place,"Albuquerque, New Mexico",NM,USA,True,Other,Diner,Mexican & Latin,0.97,0.19,0.05,0.25,0.98,jev,2008-11-24,5,2008-11-24,2008,1,Closed,foodiepie,foodiepie,,Sophias-Place-Albuquerque-NM
O'Rourke's Diner,"Middletown, Connecticut",CT,USA,True,Diner,Diner,Diner,,0.96,0.05,0.27,1.0,name,2008-12-01,5,2008-12-01,2008,1,Open,,foodiepie,,ORourkes-Diner-Middletown-CT
Parasol's,"New Orleans, Louisiana",LA,USA,True,Dive,Dive,Dive,,0.25,0.05,0.57,0.68,jev,2008-12-01; 2016-01-20,5; 24,2008-12-01,2008,2,Open,,foodiepie,,Parasols-Restaurant-and-Bar-New-Orleans-LA
Ruth's Diner,"Salt Lake City, Utah",UT,USA,True,Diner,Diner,Diner,,0.94,0.05,0.48,1.0,name,2008-12-01; 2014-12-23,5; 21,2008-12-01,2008,2,Open,,foodiepie,,Ruths-Diner-Salt-Lake-City-UT
Big Jim's,"Pittsburgh, Pennsylvania",PA,USA,True,Other,Dive,Pizza & Italian,0.81,0.4,0.06,0.56,0.39,jev,2009-01-05,5,2009-01-05,2009,1,Open,,foodiepie,,Big-Jims-Restaurant-and-Bar-Pittsburgh-PA
Joe Tess Place,"Omaha, Nebraska",NE,USA,True,Other,Dive,Seafood,1.0,0.13,0.14,0.55,0.32,jev,2009-01-05,5,2009-01-05,2009,1,Closed,foodiepie,foodiepie,,Joe-Tess-Place-Omaha-NE
Tommy's Joynt,"San Francisco, California",CA,USA,True,Dive,Dive,Dive,,0.44,0.04,0.78,0.85,jev,2009-01-05; 2014-12-25,5; 21,2009-01-05,2009,2,Open,,foodiepie,,Tommys-Joynt-San-Francisco-CA
Emily's Lebanese Deli,"Minneapolis, Minnesota",MN,USA,True,Other,Other,Sandwiches & delis,0.67,0.08,0.09,0.51,1.0,jev,2009-01-12; 2014-12-24,5; 21,2009-01-12,2009,2,Open,,foodiepie,,Emilys-Lebanese-Delicatessen-Minneapolis-MN
The Original Vito & Nick's Pizzeria,"Chicago, Illinois",IL,USA,True,Other,Dive,Pizza & Italian,1.0,0.08,0.07,0.56,0.94,jev,2009-01-12,5,2009-01-12,2009,1,Open,,foodiepie,,Vito-and-Nicks-Pizzeria-Chicago-IL
Valencia Luncheria,"Norwalk, Connecticut",CT,USA,True,Other,Dive,Mexican & Latin,1.0,0.08,0.2,0.46,0.92,jev,2009-01-12; 2014-12-26,5; 21,2009-01-12,2009,2,Open,,foodiepie,,Valencia-Luncheria-Norwalk-CT
Blow Fly Inn,"Gulfport, Mississippi",MS,USA,True,Dive,Dive,Dive,,0.25,0.12,0.5,0.37,jev,2009-01-19,5,2009-01-19,2009,1,Closed,foodiepie,foodiepie,,Blow-Fly-Inn-Gulfport-MS
Pat's BBQ,"Salt Lake City, Utah",UT,USA,True,Other,Drive-In,BBQ & smokehouses,1.0,0.08,0.48,0.47,0.82,jev,2009-01-19,5,2009-01-19,2009,1,Open,,foodiepie,,Pats-BBQ-Salt-Lake-City-UT
Tune-Up Café,"Santa Fe, New Mexico",NM,USA,True,Other,Diner,Mexican & Latin,1.0,0.2,0.06,0.32,0.89,jev,2009-01-19; 2017-10-27,5; 27,2009-01-19,2009,2,Open,,foodiepie,,Tune-Up-Cafe-Santa-Fe-NM
Hob Nob Hill,"San Diego, California",CA,USA,True,Diner,Diner,Diner,,0.66,0.05,0.38,0.89,jev,2009-01-26,5,2009-01-26,2009,1,Open,,foodiepie,,Hob-Nob-Hill-San-Diego-CA
The Silver Skillet,"Atlanta, Georgia",GA,USA,True,Diner,Diner,Diner,,0.77,0.05,0.38,0.98,jev,2009-01-26,5,2009-01-26,2009,1,Open,,foodiepie,,Silver-Skillet-Atlanta-GA
Tufano's Vernon Park Tap,"Chicago, Illinois",IL,USA,True,Other,Dive,Pizza & Italian,1.0,0.13,0.02,0.51,0.78,jev,2009-01-26; 2017-10-27,5; 27,2009-01-26,2009,2,Open,,foodiepie,,Tufanos-Vernon-Park-Tap-Chicago-IL
Dell Rhea's Chicken Basket,"Willowbrook, Illinois",IL,USA,True,Diner,Diner,Diner,,0.43,0.28,0.58,0.25,jev,2009-02-02,5,2009-02-02,2009,1,Open,,foodiepie,,Dell-Rheas-Chicken-Basket-Willowbrook-IL
Salsa Brava,"Flagstaff, Arizona",AZ,USA,True,Other,Dive,Mexican & Latin,1.0,0.07,0.1,0.33,0.96,jev,2009-02-02,5,2009-02-02,2009,1,Open,,foodiepie,,Salsa-Brava-Flagstaff-AZ
Standard Diner,"Albuquerque, New Mexico",NM,USA,True,Diner,Diner,Diner,,0.91,0.09,0.57,1.0,name,2009-02-02,5,2009-02-02,2009,1,Closed,foodiepie,foodiepie,,Standard-Diner-Albuquerque-NM
Gorilla BBQ,"Pacifica, California",CA,USA,True,Other,Drive-In,BBQ & smokehouses,1.0,0.26,0.44,0.49,0.77,jev,2009-02-09; 2020-05-22,5; 32,2009-02-09,2009,2,Open,,foodiepie,,Gorilla-Barbeque-Pacifica-CA
Green Mesquite,"Austin, Texas",TX,USA,True,Other,Other,BBQ & smokehouses,1.0,0.13,0.27,0.43,0.99,jev,2009-02-09,5,2009-02-09,2009,1,Open,,foodiepie,,Green-Mesquite-BBQ-and-More-Austin-TX
Wilson's Holy Smoke BBQ,"Fairfield, Connecticut",CT,USA,True,Other,Dive,BBQ & smokehouses,1.0,0.15,0.27,0.72,0.62,jev,2009-02-09,5,2009-02-09,2009,1,Closed,web,web,,
Cecilia's Café,"Albuquerque, New Mexico",NM,USA,True,Other,Dive,Mexican & Latin,1.0,0.19,0.09,0.43,0.89,jev,2009-02-16,5,2009-02-16,2009,1,Open,,foodiepie,,Cecilias-Cafe-Albuquerque-NM
Joey K's Restaurant & Bar,"New Orleans, Louisiana",LA,USA,True,Dive,Dive,Dive,,0.3,0.04,0.71,0.92,jev,2009-02-16; 2016-01-20,5; 24,2009-02-16,2009,2,Open,,foodiepie,,Joey-Ks-Restaurant-and-Bar-New-Orleans-LA
Kelly O's Diner,"Pittsburgh, Pennsylvania",PA,USA,True,Diner,Diner,Diner,,0.93,0.05,0.56,1.0,name,2009-02-16; 2014-12-24,5; 21,2009-02-16,2009,2,Open,,foodiepie,,Kelly-Os-Diner-Pittsburgh-PA
Bert's Burger Bowl,"Santa Fe, New Mexico",NM,USA,True,Diner,Diner,Diner,,0.51,0.35,0.48,0.47,jev,2009-03-16,5,2009-03-16,2009,1,Closed,foodiepie,foodiepie,,Berts-Burger-Bowl-Santa-Fe-NM
California Tacos,"Omaha, Nebraska",NE,USA,True,Dive,Dive,Dive,,0.06,0.23,0.65,0.74,jev,2009-03-16; 2017-08-14,5; 27,2009-03-16,2009,2,Open,,foodiepie,,California-Tacos-and-More-Omaha-NE
Super Duper Weenie,"Fairfield, Connecticut",CT,USA,True,Drive-In,Drive-In,Drive-In,,0.21,0.33,0.5,0.75,jev,2009-03-16,5,2009-03-16,2009,1,Open,,foodiepie,,Super-Duper-Weenie-Fairfield-CT
Giusti's,"Walnut Grove, California",CA,USA,True,Dive,Dive,Dive,,0.16,0.02,0.62,0.39,jev,2009-03-23,5,2009-03-23,2009,1,Closed,foodiepie,foodiepie,,Giustis-Walnut-Grove-CA
Haus Murphy's,"Glendale, Arizona",AZ,USA,True,Other,Dive,Global kitchens,0.99,0.1,0.02,0.37,0.93,jev,2009-03-23; 2014-12-26,5; 21,2009-03-23,2009,2,Open,,foodiepie,,Haus-Murphys-Glendale-AZ
Louie's,"Dallas, Texas",TX,USA,True,Dive,Dive,Dive,,0.23,0.06,0.94,1.0,jev,2009-03-23,5,2009-03-23,2009,1,Open,,foodiepie,,Louies-Dallas-TX
Bizzaro Café,"Seattle, Washington",WA,USA,True,Other,Dive,Pizza & Italian,0.98,0.05,0.01,0.3,0.99,jev,2009-04-06,6,2009-04-06,2009,1,Open,,web,,
Chef Point Café,"Watauga, Texas",TX,USA,True,Dive,Dive,Dive,,0.29,0.13,0.61,0.69,jev,2009-04-06,6,2009-04-06,2009,1,Closed,foodiepie,foodiepie,,Chef-Point-Cafe-Watauga-TX
Jamie's Bar & Grill,"Sacramento, California",CA,USA,True,Dive,Dive,Dive,,0.39,0.04,0.89,0.99,jev,2009-04-06,6,2009-04-06,2009,1,Open,,foodiepie,,Jamies-Broadway-Grille-Sacramento-CA
Blue Water Seafood,"San Diego, California",CA,USA,True,Other,Dive,Seafood,1.0,0.07,0.1,0.45,0.73,jev,2009-04-13; 2017-03-10,6; 26,2009-04-13,2009,2,Open,,foodiepie,,Blue-Water-Seafood-Market-and-Grill-San-Diego-CA
Brandy's Restaurant & Bakery,"Flagstaff, Arizona",AZ,USA,True,Diner,Diner,Diner,,0.67,0.04,0.22,0.72,jev,2009-04-13,6,2009-04-13,2009,1,Open,,foodiepie,,Brandys-Restaurant-Flagstaff-AZ
Kuma's Corner,"Chicago, Illinois",IL,USA,True,Dive,Dive,Dive,,0.22,0.05,0.87,1.0,jev,2009-04-13,6,2009-04-13,2009,1,Open,,foodiepie,,Kumas-Corner-Chicago-IL
Bar Gernika,"Boise, Idaho",ID,USA,True,Dive,Dive,Dive,,0.08,0.03,0.7,0.82,jev,2009-04-20; 2014-12-26,6; 21,2009-04-20,2009,2,Open,,foodiepie,,Bar-Gernika-Boise-ID
Café Rolle,"Sacramento, California",CA,USA,True,Other,Other,Global kitchens,0.6,0.12,0.03,0.14,1.0,jev,2009-04-20,6,2009-04-20,2009,1,Closed,foodiepie,foodiepie,,Cafe-Rolle-Sacramento-CA
Havana Hideout,"Lake Worth, Florida",FL,USA,True,Dive,Dive,Dive,,0.13,0.63,0.68,0.57,jev,2009-04-20,6,2009-04-20,2009,1,Closed,foodiepie;wikipedia,foodiepie,,Havana-Hideout-Lake-Worth-FL
La Piazza Al Forno,"Glendale, Arizona",AZ,USA,True,Other,Other,Pizza & Italian,1.0,0.04,0.05,0.17,1.0,jev,2009-04-27; 2020-04-24; 2020-08-07,6; 32; 33,2009-04-27,2009,3,Closed,wikipedia,foodiepie,,La-Piazza-al-Forno-Glendale-AZ
Slim's Last Chance Chili Shack & Watering Hole,"Seattle, Washington",WA,USA,True,Dive,Dive,Dive,,0.16,0.04,0.8,1.0,jev,2009-04-27,6,2009-04-27,2009,1,Open,,foodiepie,,Slims-Last-Chance-Seattle-WA
Twisted Root Burger Co.,"Dallas, Texas",TX,USA,True,Dive,Dive,Dive,,0.31,0.18,0.52,0.87,jev,2009-04-27,6,2009-04-27,2009,1,Open,,foodiepie,,Twisted-Root-Burger-Co-Dallas-TX
Arleta Library Bakery & Cafe,"Portland, Oregon",OR,USA,True,Diner,Diner,Diner,,0.54,0.03,0.13,0.36,jev,2009-05-04,6,2009-05-04,2009,1,Closed,foodiepie,foodiepie,,Arleta-Library-Bakery-Cafe-Portland-OR
Bubba's Diner,"San Anselmo, California",CA,USA,True,Diner,Diner,Diner,,0.43,0.06,0.18,0.47,name,2009-05-04,6,2009-05-04,2009,1,Closed,foodiepie,foodiepie,,Bubbas-Fine-Diner-San-Anselmo-CA
Flakowitz of Boynton,"Boynton Beach, Florida",FL,USA,True,Other,Diner,Sandwiches & delis,1.0,0.54,0.05,0.37,0.91,jev,2009-05-04; 2015-12-11,6; 23,2009-05-04,2009,2,Open,,foodiepie,,Flakowitz-of-Boynton-Boynton-Beach-FL
Backroad Pizza,"Santa Fe, New Mexico",NM,USA,True,Other,Dive,Pizza & Italian,1.0,0.14,0.12,0.46,0.9,jev,2009-05-11,6,2009-05-11,2009,1,Open,,foodiepie,,Back-Road-Pizza-Santa-Fe-NM
Chef Lou's Westside Drive-In,"Boise, Idaho",ID,USA,True,Drive-In,Drive-In,Drive-In,,0.92,0.62,0.48,0.37,name,2009-05-11; 2016-01-03,6; 24,2009-05-11,2009,2,Open,,foodiepie,,Westside-Drive-in-Boise-ID
Jamaica Gates Caribbean Cuisine,"Arlington, Texas",TX,USA,True,Other,Other,Mexican & Latin,1.0,0.04,0.08,0.36,1.0,jev,2009-05-11,6,2009-05-11,2009,1,Open,,foodiepie,,Jamaica-Gates-Caribbean-Cuisine-Arlington-TX
Black Duck Café,"Westport, Connecticut",CT,USA,True,Dive,Dive,Dive,,0.27,0.04,0.85,1.0,jev,2009-05-25,6,2009-05-25,2009,1,Open,,foodiepie,,Black-Duck-Cafe-Westport-CT
Otto's Sausage Kitchen,"Portland, Oregon",OR,USA,True,Other,Drive-In,Butchers & markets,0.99,0.15,0.22,0.52,0.99,jev,2009-05-25; 2014-12-25; 2021-05-21,6; 21; 34,2009-05-25,2009,3,Open,,foodiepie,,Ottos-Sausage-Kitchen-and-Meat-Market-Portland-OR
Sol Food Puerto Rican Cuisine,"San Rafael, California",CA,USA,True,Other,Other,Mexican & Latin,1.0,0.17,0.07,0.25,1.0,jev,2009-05-25,6,2009-05-25,2009,1,Open,,foodiepie,,Sol-Food-Puerto-Rican-Cuisine-San-Rafael-CA
Giuseppe's Restaurant,"Phoenix, Arizona",AZ,USA,True,Other,Diner,Pizza & Italian,0.95,0.27,0.02,0.3,0.83,jev,2009-06-01,6,2009-06-01,2009,1,Open,,foodiepie,,Giuseppes-Phoenix-AZ
Southern Kitchen Restaurant,"Tacoma, Washington",WA,USA,True,Other,Diner,"Southern, Cajun & soul",1.0,0.29,0.04,0.18,0.92,jev,2009-06-01,6,2009-06-01,2009,1,Open,,foodiepie,,Southern-Kitchen-Tacoma-WA
Zia Diner & Angel Food Catering,"Santa Fe, New Mexico",NM,USA,True,Diner,Diner,Diner,,0.83,0.05,0.19,0.99,name,2009-06-01,6,2009-06-01,2009,1,Closed,foodiepie,foodiepie,,Zia-Diner-Santa-Fe-NM
Blue Marlin Fish House Restaurant,"North Miami Beach, Florida",FL,USA,True,Other,Dive,Seafood,1.0,0.1,0.07,0.26,0.95,jev,2009-06-08,6,2009-06-08,2009,1,Closed,foodiepie,foodiepie,,Blue-Marlin-Fish-House-Restaurant-North-Miami-Beach-FL
Fred's Texas Café,"Fort Worth, Texas",TX,USA,True,Diner,Diner,Diner,,0.64,0.11,0.39,0.72,jev,2009-06-08,6,2009-06-08,2009,1,Closed,foodiepie,foodiepie,,Freds-Texas-Cafe-Fort-Worth-TX
Pine State Biscuits,"Portland, Oregon",OR,USA,True,Diner,Diner,Diner,,0.61,0.05,0.21,0.86,jev,2009-06-08; 2014-12-22,6; 21,2009-06-08,2009,2,Open,,foodiepie,,Pine-State-Biscuits-Portland-OR
Georgia's Greek Restaurant & Deli,"Seattle, Washington",WA,USA,True,Other,Dive,Global kitchens,0.99,0.1,0.05,0.55,0.91,jev,2009-06-15,6,2009-06-15,2009,1,Open,,foodiepie,,Georgias-Greek-Restaurant-and-Deli-Seattle-WA
Los Tacquitos Grill,"Phoenix, Arizona",AZ,USA,True,Other,Dive,Mexican & Latin,1.0,0.1,0.36,0.57,0.37,jev,2009-06-15; 2017-08-14,6; 27,2009-06-15,2009,2,Open,,foodiepie,,Los-Taquitos-Phoenix-AZ
Rocco's Café,"San Francisco, California",CA,USA,True,Other,Diner,Pizza & Italian,0.95,0.28,0.03,0.15,0.92,jev,2009-06-15,6,2009-06-15,2009,1,Open,,foodiepie,,Roccos-Cafe-San-Francisco-CA
Blueplate Lunch Counter and Soda Fountain,"Portland, Oregon",OR,USA,True,Diner,Diner,Diner,,0.93,0.1,0.63,1.0,jev,2009-06-22,6,2009-06-22,2009,1,Closed,foodiepie,foodiepie,,Blueplate-Portland-OR
Don's Hilltop Kodiak Grill,"Boise, Idaho",ID,USA,True,Diner,Diner,Diner,,0.48,0.23,0.29,0.45,jev,2009-06-22,6,2009-06-22,2009,1,Closed,foodiepie,foodiepie,,Kodiak-Grill-Boise-ID
La Camoronera Restaurant & Fish Market,"Miami, Florida",FL,USA,True,Other,Dive,Seafood,1.0,0.14,0.41,0.54,0.71,jev,2009-06-22,6,2009-06-22,2009,1,Open,,foodiepie,,La-Camaronera-Seafood-Joint-and-Fish-Market-Miami-FL
Comet Café,"Milwaukee, Wisconsin",WI,USA,True,Diner,Diner,Diner,,0.85,0.11,0.53,0.99,jev,2009-06-29; 2015-11-19,6; 23,2009-06-29,2009,2,Open,,foodiepie,,Comet-Cafe-Milwaukee-WI
Dottie's True Blue Café,"San Francisco, California",CA,USA,True,Diner,Diner,Diner,,0.7,0.05,0.26,0.95,jev,2009-06-29,6,2009-06-29,2009,1,Closed,foodiepie,foodiepie,,Dotties-True-Blue-Cafe-San-Francisco-CA
Over Easy,"Phoenix, Arizona",AZ,USA,True,Diner,Diner,Diner,,0.85,0.09,0.35,1.0,jev,2009-06-29,6,2009-06-29,2009,1,Open,,foodiepie,,Over-Easy-Phoenix-AZ
Avila's Café,"Dallas, Texas",TX,USA,True,Other,Dive,Mexican & Latin,1.0,0.08,0.1,0.56,0.54,jev,2009-07-27,6,2009-07-27,2009,1,Open,,foodiepie,,Avilas-Mexican-Restaurant-Dallas-TX
Mama E's,"Oklahoma City, Oklahoma",OK,USA,True,Other,Diner,"Southern, Cajun & soul",1.0,0.25,0.08,0.46,0.88,jev,2009-07-27,6,2009-07-27,2009,1,Open,,foodiepie,,Mama-Es-Soul-Food-Oklahoma-City-OK
Polka Restaurant & Catering,"Los Angeles, California",CA,USA,True,Other,Dive,Global kitchens,1.0,0.08,0.01,0.54,0.97,jev,2009-07-27,6,2009-07-27,2009,1,Closed,wikipedia,web,,
Bunk Sandwiches,"Portland, Oregon",OR,USA,True,Dive,Dive,Dive,,0.25,0.08,0.44,0.5,jev,2009-08-03; 2017-03-10,7; 26,2009-08-03,2009,2,Closed,foodiepie,foodiepie,,Bunk-Sandwiches-Portland-OR
Sonny's Famous Steak Hogies,"Hollywood, Florida",FL,USA,True,Other,Diner,Sandwiches & delis,1.0,0.36,0.19,0.49,0.67,jev,2009-08-03; 2021-06-11,7; 34,2009-08-03,2009,2,Open,,foodiepie,,Sonnys-Famous-Steak-Hogies-Hollywood-FL
The Depot American Diner,"Chicago, Illinois",IL,USA,True,Diner,Diner,Diner,,0.92,0.07,0.31,1.0,name,2009-08-03,7,2009-08-03,2009,1,Closed,foodiepie;wikipedia,foodiepie,,Depot-American-Diner-Chicago-IL
Cempazuchi,"Milwaukee, Wisconsin",WI,USA,True,Other,Other,Mexican & Latin,1.0,0.02,0.04,0.19,1.0,jev,2009-08-10,7,2009-08-10,2009,1,Closed,foodiepie;wikipedia,foodiepie,,Cempazuchi-Milwaukee-WI
Fab Hot Dogs,"Reseda, California",CA,USA,True,Drive-In,Drive-In,Drive-In,,0.2,0.49,0.51,0.83,jev,2009-08-10,7,2009-08-10,2009,1,Open,,foodiepie,,Fab-Hot-Dogs-Reseda-CA
Lankford Grocery,"Houston, Texas",TX,USA,True,Diner,Diner,Diner,,0.78,0.19,0.74,0.35,jev,2009-08-10,7,2009-08-10,2009,1,Open,,foodiepie,,Lankford-Grocery-Houston-TX
Nic's Grill,"Oklahoma City, Oklahoma",OK,USA,True,Dive,Dive,Dive,,0.49,0.18,0.67,0.37,jev,2009-08-17,7,2009-08-17,2009,1,Open,,foodiepie,,Nics-Grill-Oklahoma-City-OK
Pam's Kitchen,"Seattle, Washington",WA,USA,True,Other,Dive,Mexican & Latin,0.99,0.05,0.06,0.32,0.99,jev,2009-08-17; 2020-08-07,7; 33,2009-08-17,2009,2,Open,,foodiepie,,Pams-Kitchen-Seattle-WA
Rick's Press Room & Grill,"Meridian, Idaho",ID,USA,True,Other,Diner,New American bistros,0.83,0.37,0.05,0.3,0.64,jev,2009-08-17; 2014-06-21,7; 19,2009-08-17,2009,2,Closed,foodiepie;wikipedia,foodiepie,,Ricks-Press-Room-Grill-and-Bar-Meridian-ID
La Texanita,"Santa Rosa, California",CA,USA,True,Other,Dive,Mexican & Latin,1.0,0.09,0.28,0.56,0.54,jev,2009-08-24; 2021-05-21,7; 34,2009-08-24,2009,2,Open,,foodiepie,,La-Texanita-Restaurant-Santa-Rosa-CA
Prince Lebanese Grill,"Arlington, Texas",TX,USA,True,Other,Drive-In,Global kitchens,1.0,0.11,0.18,0.47,0.96,jev,2009-08-24,7,2009-08-24,2009,1,Open,,foodiepie,,Prince-Lebanese-Grill-Arlington-TX
Tre Kronor,"Chicago, Illinois",IL,USA,True,Other,Other,Global kitchens,1.0,0.09,0.03,0.2,1.0,jev,2009-08-24,7,2009-08-24,2009,1,Open,,foodiepie,,Tre-Kronor-Chicago-IL
Donnie Mac's Trailer Park Cuisine,"Boise, Idaho",ID,USA,True,Dive,Dive,Dive,,0.58,0.39,0.83,0.68,jev,2009-08-31,7,2009-08-31,2009,1,Closed,foodiepie;wikipedia,foodiepie,,Donnie-Macs-Trailer-Park-Cuisine-Boise-ID
Podnah's Pit Barbecue,"Portland, Oregon",OR,USA,True,Other,Other,BBQ & smokehouses,1.0,0.14,0.12,0.3,1.0,jev,2009-08-31,7,2009-08-31,2009,1,Open,,foodiepie,,Podnahs-Pit-Barbeque-Portland-OR
Whale's Rib,"Deerfield Beach, Florida",FL,USA,True,Dive,Dive,Dive,,0.24,0.16,0.45,0.5,jev,2009-08-31,7,2009-08-31,2009,1,Open,,foodiepie,,Whales-Rib-Deerfield-Beach-FL
Eischen's Bar,"Okarche, Oklahoma",OK,USA,True,Dive,Dive,Dive,,0.24,0.13,0.81,1.0,jev,2009-09-07; 2014-12-25,7; 21,2009-09-07,2009,2,Open,,foodiepie,,Eischens-Bar-Okarche-OK
Kenny & Ziggy's,"Houston, Texas",TX,USA,True,Other,Diner,Sandwiches & delis,1.0,0.55,0.05,0.4,0.85,jev,2009-09-07; 2021-04-09,7; 33,2009-09-07,2009,2,Open,,foodiepie,,Kenny-and-Ziggys-New-York-Delicatessen-Houston-TX
Mom's Tamales,"Los Angeles, California",CA,USA,True,Dive,Dive,Dive,,0.05,0.22,0.7,0.37,jev,2009-09-07,7,2009-09-07,2009,1,Closed,foodiepie;wikipedia,foodiepie,,Moms-Tamales-Los-Angeles-CA
Niko Niko's,"Houston, Texas",TX,USA,True,Other,Other,Global kitchens,1.0,0.04,0.06,0.35,0.99,jev,2009-10-05; 2020-08-28,7; 33,2009-10-05,2009,2,Open,,foodiepie,,Niko-Nikos-Greek-and-American-Cafe-Houston-TX
Pok Pok,"Portland, Oregon",OR,USA,True,Other,Dive,Global kitchens,1.0,0.03,0.02,0.23,0.99,jev,2009-10-05; 2017-09-29,7; 27,2009-10-05,2009,2,Closed,foodiepie;wikipedia,foodiepie,,Pok-Pok-Portland-OR
Tap Tap Haitian Restaurant,"Miami Beach, Florida",FL,USA,True,Other,Other,Mexican & Latin,0.91,0.04,0.01,0.12,1.0,jev,2009-10-05,7,2009-10-05,2009,1,Closed,web,web,,
Honky Tonk BBQ,"Chicago, Illinois",IL,USA,True,Other,Dive,BBQ & smokehouses,1.0,0.09,0.07,0.46,0.89,jev,2009-10-12,7,2009-10-12,2009,1,Open,,foodiepie,,Honky-Tonk-BBQ-Chicago-IL
Lucky's Café,"Cleveland, Ohio",OH,USA,True,Diner,Diner,Diner,,0.61,0.03,0.2,0.8,jev,2009-10-12; 2020-05-22,7; 32,2009-10-12,2009,2,Open,,foodiepie,,Luckys-Cafe-Cleveland-OH
Pizzalchik,"Boise, Idaho",ID,USA,True,Other,Other,Pizza & Italian,1.0,0.08,0.09,0.26,1.0,jev,2009-10-12,7,2009-10-12,2009,1,Closed,foodiepie;wikipedia,foodiepie,,Pizzalchik-Boise-ID
Cattlemen's Steakhouse,"Oklahoma City, Oklahoma",OK,USA,True,Other,Other,New American bistros,0.63,0.07,0.02,0.24,0.99,jev,2009-10-19,7,2009-10-19,2009,1,Open,,foodiepie,,Cattlemens-Steak-House-Oklahoma-City-OK
Nickel Diner,"Los Angeles, California",CA,USA,True,Diner,Diner,Diner,,0.95,0.05,0.4,1.0,name,2009-10-19,7,2009-10-19,2009,1,Closed,foodiepie;wikipedia,foodiepie,,Nickel-Diner-Los-Angeles-CA
Sam LaGrassa's,"Boston, Massachusetts",MA,USA,True,Other,Diner,Sandwiches & delis,1.0,0.35,0.09,0.38,0.98,jev,2009-10-19,7,2009-10-19,2009,1,Open,,foodiepie,,Sam-LaGrassas-Boston-MA
Grover's Bar & Grill,"East Amherst, New York",NY,USA,True,Dive,Dive,Dive,,0.35,0.08,0.52,0.76,jev,2009-10-26,7,2009-10-26,2009,1,Open,,foodiepie,,Grovers-Bar-and-Grill-East-Amherst-NY
Parkview Nightclub,"Cleveland, Ohio",OH,USA,True,Dive,Dive,Dive,,0.09,0.02,0.53,0.9,jev,2009-10-26,7,2009-10-26,2009,1,Open,,foodiepie,,Parkview-Nite-Club-Cleveland-OH
The Shanty,"Wadsworth, Illinois",IL,USA,True,Other,Dive,Seafood,0.71,0.14,0.03,0.27,0.96,jev,2009-10-26,7,2009-10-26,2009,1,Open,,foodiepie,,Shanty-Wadsworth-IL
Café Pita+,"Houston, Texas",TX,USA,True,Other,Other,Global kitchens,1.0,0.09,0.07,0.3,1.0,jev,2009-11-02,7,2009-11-02,2009,1,Closed,foodiepie,foodiepie,,Cafe-Pita-and-Houston-TX
Louis Restaurant,"Providence, Rhode Island",RI,USA,True,Diner,Diner,Diner,,0.89,0.04,0.41,1.0,jev,2009-11-02; 2015-09-23,7; 23,2009-11-02,2009,2,Open,,foodiepie,,Louis-Family-Restaurant-Providence-RI
Mambos Café,"Glendale, California",CA,USA,True,Other,Dive,Mexican & Latin,1.0,0.09,0.06,0.65,0.53,jev,2009-11-02,7,2009-11-02,2009,1,Open,,foodiepie,,Mambos-Cafe-Glendale-CA
Santa Cruz Diner,"Santa Cruz, California",CA,USA,True,Diner,Diner,Diner,,0.8,0.05,0.5,0.98,name,2009-11-09; 2014-12-26,7; 21,2009-11-09,2009,2,Open,,foodiepie,,Santa-Cruz-Diner-Santa-Cruz-CA
The Diner,"Norman, Oklahoma",OK,USA,True,Diner,Diner,Diner,,0.97,0.05,0.51,1.0,name,2009-11-09,7,2009-11-09,2009,1,Open,,foodiepie,,Diner-Norman-OK
The Little Depot Diner,"Peabody, Massachusetts",MA,USA,True,Diner,Diner,Diner,,0.96,0.04,0.62,1.0,name,2009-11-09,7,2009-11-09,2009,1,Open,,foodiepie,,Little-Depot-Diner-Peabody-MA
Geraci's Restaurant,"Cleveland, Ohio",OH,USA,True,Other,Dive,Pizza & Italian,1.0,0.09,0.05,0.42,0.99,jev,2009-11-16,7,2009-11-16,2009,1,Open,,foodiepie,,Geracis-Restaurant-Cleveland-OH
Lake Effect Diner,"Buffalo, New York",NY,USA,True,Diner,Diner,Diner,,0.97,0.06,0.51,1.0,name,2009-11-16; 2014-12-23,7; 21,2009-11-16,2009,2,Open,,foodiepie,,Lake-Effect-Diner-Buffalo-NY
Morin's Hometown Bar & Grill,"Attleboro, Massachusetts",MA,USA,True,Diner,Diner,Diner,,0.79,0.02,0.35,0.82,jev,2009-11-16,7,2009-11-16,2009,1,Open,,web,,
Mr. Bartley's Gourmet Burgers,"Cambridge, Massachusetts",MA,USA,True,Other,Diner,Sandwiches & delis,0.63,0.29,0.17,0.19,0.25,jev,2009-11-23,8,2009-11-23,2009,1,Open,,foodiepie,,Mr-Bartleys-Gourmet-Burgers-Cambridge-MA
T-Bone Tom's Steakhouse,"Kemah, Texas",TX,USA,True,Other,Other,BBQ & smokehouses,0.91,0.09,0.04,0.27,0.99,jev,2009-11-23,8,2009-11-23,2009,1,Open,,foodiepie,,T-Bone-Toms-Kemah-TX
Tee Off Bar & Grill,"San Francisco, California",CA,USA,True,Dive,Dive,Dive,,0.25,0.03,0.65,0.99,jev,2009-11-23,8,2009-11-23,2009,1,Closed,foodiepie;wikipedia,foodiepie,,Tee-Off-Bar-and-Grill-San-Francisco-CA
Pizza Junction,"North Tonawanda, New York",NY,USA,True,Other,Dive,Pizza & Italian,1.0,0.1,0.12,0.49,0.99,jev,2010-01-11,8,2010-01-11,2010,1,Closed,foodiepie;wikipedia,foodiepie,,Pizza-Junction-North-Tonawanda-NY
Q Restaurant,"San Francisco, California",CA,USA,True,Other,Diner,New American bistros,0.92,0.28,0.01,0.22,0.87,jev,2010-01-11,8,2010-01-11,2010,1,Closed,wikipedia;web,web,,
Sterle's Slovenian Country House,"Cleveland, Ohio",OH,USA,True,Other,Dive,Global kitchens,0.99,0.06,0.03,0.49,0.76,jev,2010-01-11,8,2010-01-11,2010,1,Closed,foodiepie;wikipedia,foodiepie,,Sterles-Country-House-Cleveland-OH
Bob's Taco Station,"Rosenberg, Texas",TX,USA,True,Dive,Dive,Dive,,0.17,0.57,0.81,0.96,jev,2010-01-18,8,2010-01-18,2010,1,Open,,foodiepie,,Bobs-Taco-Station-Rosenberg-TX
Crazy Burger Café & Juice Bar,"Narragansett, Rhode Island",RI,USA,True,Diner,Diner,Diner,,0.38,0.14,0.37,0.51,jev,2010-01-18; 2015-09-23,8; 23,2010-01-18,2010,2,Open,,foodiepie,,Crazy-Burger-Cafe-and-Juice-Bar-Narragansett-RI
The Oinkster,"Eagle Rock, California",CA,USA,True,Other,Drive-In,BBQ & smokehouses,0.45,0.28,0.31,0.2,0.6,jev,2010-01-18; 2014-12-26,8; 21,2010-01-18,2010,2,Open,,foodiepie,,Oinkster-Eagle-Rock-CA
900 Grayson Restaurant,"Berkeley, California",CA,USA,True,Diner,Diner,Diner,,0.57,0.09,0.2,0.6,jev,2010-01-25,8,2010-01-25,2010,1,Open,,foodiepie,,900-Grayson-Berkeley-CA
Rick & Ann's Restaurant,"Berkeley, California",CA,USA,True,Diner,Diner,Diner,,0.91,0.07,0.5,1.0,jev,2010-01-25,8,2010-01-25,2010,1,Open,,foodiepie,,Rick-and-Anns-Restaurant-Berkeley-CA
Rudy's Can't Fail Cafe,"Emeryville, California",CA,USA,True,Diner,Diner,Diner,,0.82,0.04,0.29,1.0,jev,2010-01-25,8,2010-01-25,2010,1,Open,,foodiepie,,Rudys-Cant-Fail-Cafe-Emeryville-CA
Blackthorn Restaurant & Pub,"Buffalo, New York",NY,USA,True,Dive,Dive,Dive,,0.17,0.02,0.59,0.9,jev,2010-02-01,8,2010-02-01,2010,1,Open,,foodiepie,,Blackthorn-Restaurant-and-Pub-Buffalo-NY
Ingrid's Kitchen,"Oklahoma City, Oklahoma",OK,USA,True,Other,Other,Sandwiches & delis,0.45,0.2,0.07,0.31,1.0,jev,2010-02-01,8,2010-02-01,2010,1,Closed,foodiepie;wikipedia,foodiepie,,Ingrids-Kitchen-Oklahoma-City-OK
Taste of Peru,"Chicago, Illinois",IL,USA,True,Other,Other,Mexican & Latin,1.0,0.03,0.04,0.16,1.0,jev,2010-02-01,8,2010-02-01,2010,1,Open,,foodiepie,,Taste-of-Peru-Chicago-IL
Melt Bar & Grilled,"Lakewood, Ohio",OH,USA,True,Diner,Diner,Diner,,0.46,0.07,0.33,0.49,jev,2010-02-08,8,2010-02-08,2010,1,Open,,foodiepie,,Melt-Bar-and-Grilled-Lakewood-OH
Red Lion Pub & Restaurant,"Houston, Texas",TX,USA,True,Dive,Dive,Dive,,0.06,0.02,0.31,0.39,jev,2010-02-08,8,2010-02-08,2010,1,Open,,foodiepie,,Red-Lion-British-Pub-Houston-TX
South 21 Drive-In,"Charlotte, North Carolina",NC,USA,True,Drive-In,Drive-In,Drive-In,,0.44,0.96,0.66,1.0,name,2010-02-08; 2014-12-25,8; 21,2010-02-08,2010,2,Open,,foodiepie,,South-21-Drive-In-Charlotte-NC
Bette's Oceanview Diner,"Berkeley, California",CA,USA,True,Diner,Diner,Diner,,0.96,0.03,0.29,1.0,name,2010-02-15,8,2010-02-15,2010,1,Open,,foodiepie,,Bettes-Oceanview-Diner-Berkeley-CA
Pawley's Front Porch,"Columbia, South Carolina",SC,USA,True,Diner,Diner,Diner,,0.4,0.19,0.31,0.48,jev,2010-02-15,8,2010-02-15,2010,1,Open,,foodiepie,,Pawleys-Front-Porch-Columbia-SC
Sophia's Restaurant,"Buffalo, New York",NY,USA,True,Diner,Diner,Diner,,0.84,0.06,0.53,1.0,jev,2010-02-15,8,2010-02-15,2010,1,Open,,foodiepie,,Sophias-Restaurant-Buffalo-NY
Dish,"Charlotte, North Carolina",NC,USA,True,Diner,Diner,Diner,,0.41,0.05,0.36,0.34,jev,2010-02-22,8,2010-02-22,2010,1,Open,,foodiepie,,Dish-Charlotte-NC
Naglee Park Garage,"San Jose, California",CA,USA,True,Other,Diner,New American bistros,0.98,0.3,0.05,0.22,0.95,jev,2010-02-22,8,2010-02-22,2010,1,Open,,foodiepie,,Naglee-Park-Garage-San-Jose-CA
The Liberty Elm Diner,"Providence, Rhode Island",RI,USA,True,Diner,Diner,Diner,,0.97,0.05,0.39,1.0,name,2010-02-22,8,2010-02-22,2010,1,Closed,foodiepie;wikipedia,foodiepie,,Liberty-Elm-Diner-Providence-RI
Aldo's Harbor Restaurant,"Santa Cruz, California",CA,USA,True,Other,Dive,Seafood,0.99,0.14,0.03,0.39,0.9,jev,2010-03-22,8,2010-03-22,2010,1,Open,,foodiepie,,Aldos-Harbor-Restaurant-Santa-Cruz-CA
Earl's Drive-In,"Chaffee, New York",NY,USA,True,Drive-In,Drive-In,Drive-In,,0.78,0.77,0.61,0.75,name,2010-03-22,8,2010-03-22,2010,1,Closed,foodiepie;wikipedia,foodiepie,,Earls-Drive-In-Chaffee-NY
Momocho,"Cleveland, Ohio",OH,USA,True,Other,Dive,Mexican & Latin,1.0,0.04,0.07,0.36,0.9,jev,2010-03-22; 2020-05-15,8; 32,2010-03-22,2010,2,Open,,foodiepie,,Momocho-Cleveland-OH
Dish Café & Catering,"Reno, Nevada",NV,USA,True,Other,Diner,Sandwiches & delis,0.97,0.3,0.09,0.22,0.93,jev,2010-03-29,8,2010-03-29,2010,1,Closed,foodiepie;wikipedia,foodiepie,,Dish-Cafe-and-Catering-Reno-NV
Landmark Restaurant,"Charlotte, North Carolina",NC,USA,True,Diner,Diner,Diner,,0.82,0.03,0.25,0.99,jev,2010-03-29,8,2010-03-29,2010,1,Open,,foodiepie,,Landmark-Restaurant-Diner-Charlotte-NC
Pier 23 Café,"San Francisco, California",CA,USA,True,Other,Dive,Seafood,0.98,0.1,0.02,0.24,0.86,jev,2010-03-29; 2021-04-16,8; 33,2010-03-29,2010,2,Open,,foodiepie,,Pier-23-Cafe-San-Francisco-CA
Germaine's Luau,"Kapolei, Hawaii",HI,USA,True,Other,Other,Global kitchens,1.0,0.05,0.04,0.21,1.0,jev,2010-04-05,8,2010-04-05,2010,1,Open,,foodiepie,,Germaines-Luau-Kapolei-HI
Hank's Haute Dogs,"Honolulu, Hawaii",HI,USA,True,Drive-In,Drive-In,Drive-In,,0.22,0.35,0.34,0.51,jev,2010-04-05,8,2010-04-05,2010,1,Open,,foodiepie,,Hanks-Haute-Dogs-Honolulu-HI
Highway Inn & Ho'okipa Catering,"Waipahu, Hawaii",HI,USA,True,Other,Dive,Global kitchens,1.0,0.12,0.18,0.44,0.99,jev,2010-04-05,8,2010-04-05,2010,1,Open,,foodiepie,,Highway-Inn-Waipahu-HI
Nico's Pier 38,"Honolulu, Hawaii",HI,USA,True,Other,Dive,Seafood,0.93,0.19,0.05,0.19,0.97,jev,2010-04-05; 2020-08-07,8; 33,2010-04-05,2010,2,Open,,foodiepie,,Nicos-Pier-38-Honolulu-HI
Gold ‘N Silver Inn,"Reno, Nevada",NV,USA,True,Diner,Diner,Diner,,0.93,0.1,0.75,0.98,jev,2010-04-27; 2016-02-03,9; 24,2010-04-27,2010,2,Open,,foodiepie,,Gold-N-Silver-Inn-Reno-NV
North End Caffé,"Manhattan Beach, California",CA,USA,True,Other,Diner,New American bistros,0.55,0.34,0.04,0.16,0.57,jev,2010-04-27; 2014-12-26; 2020-06-05,9; 21; 32,2010-04-27,2010,3,Open,,foodiepie,,North-End-Caffe-Manhattan-Beach-CA
Singleton's Seafood Shack,"Atlantic Beach, Florida",FL,USA,True,Dive,Dive,Dive,,0.12,0.27,0.76,1.0,jev,2010-04-27,9,2010-04-27,2010,1,Open,,foodiepie,,Singletons-Seafood-Shack-Jacksonville-FL
Mulberry Café,"Lackawanna, New York",NY,USA,True,Other,Diner,Pizza & Italian,1.0,0.13,0.04,0.31,0.99,jev,2010-05-03,9,2010-05-03,2010,1,Open,,foodiepie,,Mulberry-Italian-Ristorante-Lackawanna-NY
Poke Stop at Mililana Mauka Llc.,"Mililani, Hawaii",HI,USA,True,Other,Other,Global kitchens,0.63,0.03,0.23,0.3,0.99,jev,2010-05-03,9,2010-05-03,2010,1,Open,,foodiepie,,Poke-Stop-Mililani-HI
The Farmer's Shed,"Lexington, South Carolina",SC,USA,True,Other,Dive,"Southern, Cajun & soul",0.98,0.25,0.11,0.51,0.81,jev,2010-05-03; 2014-12-22,9; 21,2010-05-03,2010,2,Closed,foodiepie;wikipedia,foodiepie,,Farmers-Shed-Restaurant-Lexington-SC
13 Gypsies,"Jacksonville, Florida",FL,USA,True,Other,Other,Global kitchens,0.94,0.03,0.03,0.16,1.0,jev,2010-05-10,9,2010-05-10,2010,1,Open,,foodiepie,,13-Gypsies-Jacksonville-FL
Gloria's Café,"Los Angeles, California",CA,USA,True,Other,Dive,Mexican & Latin,1.0,0.1,0.09,0.47,0.89,jev,2010-05-10,9,2010-05-10,2010,1,Open,,foodiepie,,Glorias-Cafe-Los-Angeles-CA
Louis' Basque Corner,"Reno, Nevada",NV,USA,True,Other,Other,Global kitchens,1.0,0.11,0.02,0.33,1.0,jev,2010-05-10,9,2010-05-10,2010,1,Open,,foodiepie,,Louis-Basque-Corner-Reno-NV
Cabo Fish Taco,"Charlotte, North Carolina",NC,USA,True,Other,Dive,Mexican & Latin,0.88,0.04,0.19,0.33,0.78,jev,2010-05-17,9,2010-05-17,2010,1,Open,,foodiepie,,Cabo-Fish-Taco-Charlotte-NC
Café Citti (New location in Santa Rosa),"Kenwood, California",CA,USA,True,Other,Other,Pizza & Italian,1.0,0.05,0.05,0.2,1.0,jev,2010-05-17,9,2010-05-17,2010,1,Open,,foodiepie,,Cafe-Citti-Santa-Rosa-CA
Murphy's Bar & Grill,"Honolulu, Hawaii",HI,USA,True,Dive,Dive,Dive,,0.21,0.03,0.54,0.9,jev,2010-05-17,9,2010-05-17,2010,1,Open,,foodiepie,,Murphys-Bar-and-Grill-Honolulu-HI
At Last Café,"Long Beach, California",CA,USA,True,Diner,Diner,Diner,,0.68,0.04,0.2,0.87,jev,2010-05-24; 2015-12-11,9; 23,2010-05-24,2010,2,Closed,foodiepie;wikipedia,foodiepie,,At-Last-Cafe-Long-Beach-CA
Martin's Bar-B-Que Joint,"Nolensville, Tennessee",TN,USA,True,Other,Dive,BBQ & smokehouses,1.0,0.14,0.2,0.48,0.98,jev,2010-05-24,9,2010-05-24,2010,1,Open,,foodiepie,,Martins-Bar-B-Que-Joint-Nashville-TN
Virgil's Café,"Bellevue, Kentucky",KY,USA,True,Other,Diner,"Southern, Cajun & soul",0.99,0.41,0.06,0.33,0.52,jev,2010-05-24,9,2010-05-24,2010,1,Closed,foodiepie;wikipedia,foodiepie,,Virgils-Cafe-Bellevue-KY
Jake's Good Eats,"Charlotte, North Carolina",NC,USA,True,Dive,Dive,Dive,,0.45,0.13,0.54,0.14,human,2010-05-31,9,2010-05-31,2010,1,Closed,foodiepie,foodiepie,Restaurant in a converted gas station; user's call (spot-check #7),Jakes-Good-Eats-Charlotte-NC
Schellville Grill,"Sonoma, California",CA,USA,True,Other,Diner,BBQ & smokehouses,0.83,0.45,0.07,0.23,0.8,jev,2010-05-31; 2015-03-09,9; 22,2010-05-31,2010,2,Closed,foodiepie;wikipedia,foodiepie,,Schellville-Grill-Sonoma-CA
Terry's Turf Club,"Cincinnati, Ohio",OH,USA,True,Dive,Dive,Dive,,0.46,0.12,0.53,0.48,jev,2010-05-31; 2015-03-09,9; 22,2010-05-31,2010,2,Open,,foodiepie,,Terrys-Turf-Club-Cincinnati-OH
Blue Ash Chili Restaurant,"Cincinnati, Ohio",OH,USA,True,Diner,Diner,Diner,,0.78,0.08,0.62,0.99,jev,2010-06-07,9,2010-06-07,2010,1,Open,,foodiepie,,Blue-Ash-Chili-Cincinnati-OH
Culhane's Irish Pub,"Atlantic Beach, Florida",FL,USA,True,Dive,Dive,Dive,,0.24,0.03,0.51,0.83,jev,2010-06-07,9,2010-06-07,2010,1,Open,,foodiepie,,Culhanes-Irish-Pub-Atlantic-Beach-FL
Jax At The Trax,"Truckee, California",CA,USA,True,Diner,Diner,Diner,,0.89,0.06,0.33,1.0,jev,2010-06-07,9,2010-06-07,2010,1,Open,,foodiepie,,Jax-At-The-Trax-Truckee-CA
Don Chow Tacos,"Los Angeles, California",CA,USA,True,Drive-In,Drive-In,Drive-In,,0.03,0.94,0.73,0.99,jev,2010-06-21; 2015-02-22,9; 22,2010-06-21,2010,2,Closed,foodiepie;wikipedia,foodiepie,,Don-Chow-Tacos-Los-Angeles-CA
Northern Waters Smokehaus,"Duluth, Minnesota",MN,USA,True,Other,Other,Sandwiches & delis,0.46,0.16,0.08,0.12,1.0,jev,2010-06-21,9,2010-06-21,2010,1,Open,,foodiepie,,Northern-Waters-Smokehaus-Duluth-MN
Rainbow Drive-In,"Honolulu, Hawaii",HI,USA,True,Drive-In,Drive-In,Drive-In,,0.79,0.75,0.63,0.77,name,2010-06-21; 2014-12-25,9; 21,2010-06-21,2010,2,Open,,foodiepie,,Rainbow-Drive-In-Honolulu-HI
Blackwater Grill,"St. Simons Island, Georgia",GA,USA,True,Other,Dive,"Southern, Cajun & soul",0.51,0.12,0.05,0.34,0.82,jev,2010-06-28,9,2010-06-28,2010,1,Closed,foodiepie;wikipedia,foodiepie,,Blackwater-Grill-St-Simons-Island-GA
Comet Ping Pong,"Washington, D.C.",DC,USA,True,Other,Dive,Pizza & Italian,1.0,0.05,0.02,0.24,0.99,jev,2010-06-28,9,2010-06-28,2010,1,Open,,foodiepie,,Comet-Ping-Pong-Washington-DC
Wallace Station,"Versailles, Kentucky",KY,USA,True,Diner,Diner,Diner,,0.78,0.1,0.26,0.87,jev,2010-06-28,9,2010-06-28,2010,1,Open,,foodiepie,,Wallace-Station-Deli-and-Bakery-Versailles-KY
Johnny's Bar-B-Q,"Mission, Kansas",KS,USA,True,Other,Dive,BBQ & smokehouses,1.0,0.13,0.29,0.51,0.98,jev,2010-07-12,9,2010-07-12,2010,1,Closed,wikipedia;web,web,,
RJ's Bob-Be-Que Shack,"Mission, Kansas",KS,USA,True,Other,Other,BBQ & smokehouses,1.0,0.08,0.14,0.18,1.0,jev,2010-07-12,9,2010-07-12,2010,1,Open,,foodiepie,,RJs-Bob-Be-Que-Shack-Mission-KS
Smokin' Guns BBQ,"North Kansas City, Missouri",MO,USA,True,Other,Other,BBQ & smokehouses,1.0,0.11,0.17,0.27,1.0,jev,2010-07-12; 2015-03-09,9; 22,2010-07-12,2010,2,Closed,foodiepie,foodiepie,,Smokin-Guns-BBQ-and-Catering-North-Kansas-City-MO
Woodyard Bar-B-Que,"Kansas City, Kansas",KS,USA,True,Other,Dive,BBQ & smokehouses,1.0,0.14,0.3,0.51,0.96,jev,2010-07-12,9,2010-07-12,2010,1,Open,,foodiepie,,Woodyard-Bar-B-Que-Kansas-City-KS
Athens Family Restaurant,"Nashville, Tennessee",TN,USA,True,Other,Diner,Global kitchens,1.0,0.51,0.05,0.28,0.47,jev,2010-07-19,9,2010-07-19,2010,1,Open,,foodiepie,,Athens-Family-Restaurant-Nashville-TN
Burger Me!,"Truckee, California",CA,USA,True,Drive-In,Drive-In,Drive-In,,0.29,0.64,0.31,0.86,jev,2010-07-19,9,2010-07-19,2010,1,Open,,foodiepie,,Burger-Me-Truckee-CA
Swagger Fine Spirits & Food,"Kansas City, Missouri",MO,USA,True,Dive,Dive,Dive,,0.37,0.07,0.61,0.88,jev,2010-07-19,9,2010-07-19,2010,1,Closed,foodiepie;wikipedia,foodiepie,,Swagger-Fine-Spirits-and-Food-Kansas-City-MO
Gordy's Hi-Hat,"Cloquet, Minnesota",MN,USA,True,Drive-In,Drive-In,Drive-In,,0.58,0.61,0.69,0.78,jev,2010-07-26,9,2010-07-26,2010,1,Open,,foodiepie,,Gordys-Hi-Hat-Drive-Inn-Cloquet-MN
Paul's Coffee Shop,"Fountain Valley, California",CA,USA,True,Diner,Diner,Diner,,0.92,0.09,0.64,1.0,jev,2010-07-26; 2015-03-09,9; 22,2010-07-26,2010,2,Open,,foodiepie,,Pauls-Coffee-Shop-Fountain-Valley-CA
Rick's White Light Diner,"Frankfort, Kentucky",KY,USA,True,Diner,Diner,Diner,,0.94,0.08,0.81,0.97,name,2010-07-26; 2014-12-22,9; 21,2010-07-26,2010,2,Closed,foodiepie,foodiepie,,Ricks-White-Light-Diner-Frankfort-KY
Arnold's Country Kitchen,"Nashville, Tennessee",TN,USA,True,Diner,Diner,Diner,,0.46,0.06,0.25,0.64,jev,2010-08-09,9,2010-08-09,2010,1,Open,,foodiepie,,Arnolds-Country-Kitchen-Nashville-TN
Maine Diner,"Wells, Maine",ME,USA,True,Diner,Diner,Diner,,0.95,0.04,0.34,1.0,name,2010-08-09,9,2010-08-09,2010,1,Open,,foodiepie,,Maine-Diner-Wells-ME
Southern Soul Barbeque,"St. Simons Island, Georgia",GA,USA,True,Other,Dive,BBQ & smokehouses,0.99,0.14,0.19,0.69,0.81,jev,2010-08-09,9,2010-08-09,2010,1,Open,,foodiepie,,Southern-Soul-Barbeque-St-Simons-Island-GA
Happy Gillis Café & Hangout,"Kansas City, Missouri",MO,USA,True,Diner,Diner,Diner,,0.65,0.05,0.22,0.92,jev,2010-08-30,10,2010-08-30,2010,1,Open,,foodiepie,,Happy-Gillis-Cafe-and-Hangout-Kansas-City-MO
Kramarczuk Sausage Company,"Minneapolis, Minnesota",MN,USA,True,Other,Other,Global kitchens,0.57,0.16,0.06,0.29,1.0,jev,2010-08-30; 2014-12-25,10; 21,2010-08-30,2010,2,Open,,foodiepie,,Kramarczuks-Sausage-Company-Minneapolis-MN
Bob's Clam Hut,"Kittery, Maine",ME,USA,True,Drive-In,Drive-In,Drive-In,,0.12,0.64,0.6,0.66,jev,2010-09-09; 2014-12-25,10; 21,2010-09-09,2010,2,Open,,foodiepie,,Bobs-Clam-Hut-Kittery-ME
Mama Cozza's,"Anaheim, California",CA,USA,True,Other,Dive,Pizza & Italian,1.0,0.1,0.07,0.42,0.99,jev,2010-09-09,10,2010-09-09,2010,1,Open,,foodiepie,,Mama-Cozzas-Anaheim-CA
Tune Inn Restaurant,"Washington, D.C.",DC,USA,True,Dive,Dive,Dive,,0.51,0.05,0.9,1.0,jev,2010-09-09,10,2010-09-09,2010,1,Open,,foodiepie,,Tune-Inn-Washington-DC
Bro's Cajun Cuisine,"Nashville, Tennessee",TN,USA,True,Other,Dive,"Southern, Cajun & soul",1.0,0.18,0.13,0.39,0.97,jev,2010-09-13,10,2010-09-13,2010,1,Closed,foodiepie;wikipedia,foodiepie,,Bros-Cajun-Cuisine-Nashville-TN
Greek Corner Restaurant,"Cambridge, Massachusetts",MA,USA,True,Other,Other,Global kitchens,1.0,0.05,0.04,0.29,1.0,jev,2010-09-13,10,2010-09-13,2010,1,Open,,foodiepie,,Greek-Corner-Restaurant-Cambridge-MA
The General Store,"Silver Spring, Maryland",MD,USA,True,Diner,Diner,Diner,,0.86,0.1,0.45,1.0,jev,2010-09-13,10,2010-09-13,2010,1,Closed,foodiepie;wikipedia,foodiepie,,General-Store-Silver-Spring-MD
Metro Diner,"Jacksonville, Florida",FL,USA,True,Diner,Diner,Diner,,0.92,0.04,0.28,1.0,name,2010-09-20,10,2010-09-20,2010,1,Open,,foodiepie,,Metro-Diner-Jacksonville-FL
Parkette Drive In,"Lexington, Kentucky",KY,USA,True,Drive-In,Drive-In,Drive-In,,0.88,0.89,0.69,0.95,name,2010-09-20,10,2010-09-20,2010,1,Closed,foodiepie;wikipedia,foodiepie,,Parkette-Drive-In-Lexington-KY
Oohh's & Aahh's Gourmet Deli,"Washington, D.C.",DC,USA,True,Other,Diner,"Southern, Cajun & soul",0.98,0.23,0.08,0.25,0.98,jev,2010-09-27,10,2010-09-27,2010,1,Open,,foodiepie,,Oohhs-and-Aahhs-Washington-DC
The Brick,"Kansas City, Missouri",MO,USA,True,Dive,Dive,Dive,,0.29,0.04,0.6,0.97,jev,2010-09-27,10,2010-09-27,2010,1,Open,,foodiepie,,Brick-Kansas-City-MO
The Lobster Shanty,"Salem, Massachusetts",MA,USA,True,Dive,Dive,Dive,,0.17,0.05,0.69,1.0,jev,2010-09-27,10,2010-09-27,2010,1,Open,,foodiepie,,Lobster-Shanty-Salem-MA
At Sara's Table Chester Creek Café,"Duluth, Minnesota",MN,USA,True,Other,Diner,New American bistros,1.0,0.29,0.04,0.18,0.89,jev,2010-10-04,10,2010-10-04,2010,1,Open,,foodiepie,,At-Saras-Table-Chester-Creek-Cafe-Duluth-MN
Café Rakka,"Hendersonville, Tennessee",TN,USA,True,Other,Other,Global kitchens,1.0,0.06,0.03,0.17,1.0,jev,2010-10-04,10,2010-10-04,2010,1,Open,,foodiepie,,Cafe-Rakka-Hendersonville-TN
J.J. McBrewster's,"Lexington, Kentucky",KY,USA,True,Other,Dive,BBQ & smokehouses,1.0,0.25,0.12,0.52,0.95,jev,2010-10-04,10,2010-10-04,2010,1,Closed,foodiepie;wikipedia,foodiepie,,JJ-McBrewsters-Lexington-KY
Rino's Place,"East Boston, Massachusetts",MA,USA,True,Other,Other,Pizza & Italian,1.0,0.05,0.02,0.23,1.0,jev,2010-10-25; 2020-05-15,10; 32,2010-10-25,2010,2,Open,,foodiepie,,Rinos-Place-Boston-MA
The Blue Door Pub (New Location),"St. Paul, Minnesota",MN,USA,True,Dive,Dive,Dive,,0.25,0.07,0.61,0.98,jev,2010-10-25,10,2010-10-25,2010,1,Closed,foodiepie,foodiepie,,Blue-Door-Pub-St-Paul-MN
Chaps Diner & Bakery,"Spokane, Washington",WA,USA,True,Diner,Diner,Diner,,0.94,0.05,0.36,1.0,name,2010-11-01,10,2010-11-01,2010,1,Open,,web,,
Good Dog Bar & Restaurant,"Philadelphia, Pennsylvania",PA,USA,True,Dive,Dive,Dive,,0.28,0.03,0.76,1.0,jev,2010-11-01,10,2010-11-01,2010,1,Open,,foodiepie,,Good-Dog-Bar-Philadelphia-PA
Porthole Restaurant,"Portland, Maine",ME,USA,True,Diner,Diner,Diner,,0.88,0.04,0.34,0.99,jev,2010-11-01,10,2010-11-01,2010,1,Open,,foodiepie,,Porthole-Restaurant-Portland-ME
Brats Brothers,"Sherman Oaks, California",CA,USA,True,Other,Dive,Global kitchens,0.97,0.18,0.17,0.25,0.89,jev,2010-11-08,10,2010-11-08,2010,1,Closed,foodiepie;wikipedia,foodiepie,,Brats-Brothers-Sherman-Oaks-CA
LaCaraquena,"Falls Church, Virginia",VA,USA,True,Other,Dive,Mexican & Latin,1.0,0.11,0.08,0.61,0.69,jev,2010-11-08,10,2010-11-08,2010,1,Closed,foodiepie;wikipedia,foodiepie,,La-Caraquena-Falls-Church-VA
Savarino's Cucina,"Nashville, Tennessee",TN,USA,True,Other,Other,Pizza & Italian,0.98,0.07,0.03,0.21,1.0,jev,2010-11-08,10,2010-11-08,2010,1,Closed,foodiepie;wikipedia,foodiepie,,Savarinos-Cucina-Nashville-TN
Becky's Diner,"Portland, Maine",ME,USA,True,Diner,Diner,Diner,,0.87,0.03,0.21,0.99,name,2010-11-15,10,2010-11-15,2010,1,Open,,foodiepie,,Beckys-Diner-Portland-ME
George's Place,"Cape May, New Jersey",NJ,USA,True,Other,Diner,Global kitchens,1.0,0.2,0.04,0.2,0.98,jev,2010-11-15,10,2010-11-15,2010,1,Open,,foodiepie,,Georges-Place-Cape-May-NJ
Sammy's Food Service & Deli,"New Orleans, Louisiana",LA,USA,True,Other,Diner,Sandwiches & delis,0.51,0.55,0.09,0.43,0.88,jev,2010-11-15; 2015-11-19,10; 23,2010-11-15,2010,2,Open,,foodiepie,,Sammys-Food-Service-and-Deli-New-Orleans-LA
Duluth Grill,"Duluth, Minnesota",MN,USA,True,Diner,Diner,Diner,,0.64,0.04,0.25,0.9,jev,2010-11-26,10,2010-11-26,2010,1,Open,,foodiepie,,Duluth-Grill-Duluth-MN
Meal Ticket,"Berkeley, California",CA,USA,True,Diner,Diner,Diner,,0.71,0.09,0.28,0.94,jev,2010-11-26,10,2010-11-26,2010,1,Closed,foodiepie;wikipedia,foodiepie,,Meal-Ticket-Berkeley-CA
Metro 29 Diner,"Arlington, Virginia",VA,USA,True,Diner,Diner,Diner,,0.93,0.04,0.38,1.0,name,2010-11-26,10,2010-11-26,2010,1,Open,,foodiepie,,Metro-29-Diner-Restaurant-Arlington-VA
10th Ave Burrito Co,"Belmar, New Jersey",NJ,USA,True,Other,Dive,Mexican & Latin,1.0,0.05,0.16,0.28,0.93,jev,2010-12-13; 2015-10-23,10; 23,2010-12-13,2010,2,Open,,foodiepie,,10th-Avenue-Burrito-Co-Belmar-NJ
Capone's Pub,"Coeur d'Alene, Idaho",ID,USA,True,Dive,Dive,Dive,,0.22,0.03,0.65,0.91,jev,2010-12-13,10,2010-12-13,2010,1,Open,,foodiepie,,Capones-Pub-and-Grill-Coeur-D-Alene-ID
Jamaicaway,"Nashville, Tennessee",TN,USA,True,Other,Drive-In,Mexican & Latin,0.94,0.06,0.42,0.5,0.79,jev,2010-12-13,10,2010-12-13,2010,1,Open,,foodiepie,,Jamaicaway-Restaurant-and-Catering-Nashville-TN
Colossal Café (New Location),"Minneapolis, Minnesota",MN,USA,True,Diner,Diner,Diner,,0.62,0.07,0.17,0.9,jev,2010-12-18,10,2010-12-18,2010,1,Closed,foodiepie,foodiepie,,Colossal-Cafe-Minneapolis-MN
Elk Public House,"Spokane, Washington",WA,USA,True,Dive,Dive,Dive,,0.19,0.03,0.5,0.86,jev,2010-12-18,10,2010-12-18,2010,1,Open,,foodiepie,,Elk-Public-House-Spokane-WA
Maui's Dog House,"Wildwood, New Jersey",NJ,USA,True,Drive-In,Drive-In,Drive-In,,0.39,0.44,0.58,0.49,jev,2010-12-18,10,2010-12-18,2010,1,Open,,foodiepie,,Mauis-Dog-House-Wildwood-NJ
Memphis Taproom,"Philadelphia, Pennsylvania",PA,USA,True,Other,Dive,Brewpubs & bars,1.0,0.11,0.02,0.36,0.69,jev,2011-01-03,11,2011-01-03,2011,1,Closed,foodiepie;wikipedia,foodiepie,,Memphis-Taproom-Philadelphia-PA
The Golden Bear,"Sacramento, California",CA,USA,True,Dive,Dive,Dive,,0.26,0.06,0.64,0.88,jev,2011-01-03,11,2011-01-03,2011,1,Open,,foodiepie,,Golden-Bear-Sacramento-CA
Tortilla Café,"Washington, D.C.",DC,USA,True,Other,Dive,Mexican & Latin,1.0,0.12,0.06,0.48,0.91,jev,2011-01-03,11,2011-01-03,2011,1,Open,,foodiepie,,Tortilla-Cafe-Washington-DC
Hill's Restaurant & Lounge,"Spokane, Washington",WA,USA,True,Other,Diner,New American bistros,0.97,0.2,0.02,0.11,0.99,jev,2011-01-10,11,2011-01-10,2011,1,Closed,foodiepie;wikipedia,foodiepie,,Hills-Restaurant-and-Lounge-Spokane-WA
Mahoney's Po-Boy Shop,"New Orleans, Louisiana",LA,USA,True,Other,Dive,Sandwiches & delis,0.98,0.23,0.11,0.42,0.33,jev,2011-01-10,11,2011-01-10,2011,1,Open,,foodiepie,,Mahonys-Po-Boy-Shop-New-Orleans-LA
Q Fanatic BBQ,"Champlin, Minnesota",MN,USA,True,Other,Other,BBQ & smokehouses,1.0,0.08,0.11,0.27,1.0,jev,2011-01-10,11,2011-01-10,2011,1,Open,,foodiepie,,Q-Fanatic-Champlin-MN
Quahog's Seafood Shack,"Stone Harbor, New Jersey",NJ,USA,True,Other,Dive,Seafood,1.0,0.08,0.2,0.31,0.87,jev,2011-01-17,11,2011-01-17,2011,1,Open,,foodiepie,,Quahogs-Seafood-Shack-Stone-Harbor-NJ
Sage General Store,"Queens, New York City, New York",NY,USA,True,Other,Diner,"Southern, Cajun & soul",0.47,0.42,0.02,0.28,0.75,jev,2011-01-17,11,2011-01-17,2011,1,Closed,wikipedia;web,web,,
W.O.W. – Worth Our Weight,"Santa Rosa, California",CA,USA,True,Other,Diner,Breakfast & brunch,1.0,0.27,0.3,0.2,0.16,jev,2011-01-17; 2014-12-23,11; 21,2011-01-17,2011,2,Closed,foodiepie;wikipedia,foodiepie,,Worth-Our-Weight-Santa-Rosa-CA
Honey's Sit-N-Eat,"Philadelphia, Pennsylvania",PA,USA,True,Diner,Diner,Diner,,0.43,0.09,0.41,0.39,jev,2011-01-24,11,2011-01-24,2011,1,Open,,foodiepie,,Honeys-Sit-N-Eat-Philadelphia-PA
Louie & The Red Head Lady,"Mandeville, Louisiana",LA,USA,True,Other,Diner,"Southern, Cajun & soul",0.96,0.41,0.04,0.28,0.74,jev,2011-01-24; 2014-12-23,11; 21,2011-01-24,2011,2,Closed,foodiepie;wikipedia,foodiepie,,Louie-and-The-Redhead-Lady-Mandeville-LA
Picabu Neighborhood Bistro,"Spokane, Washington",WA,USA,True,Other,Other,New American bistros,1.0,0.23,0.03,0.14,0.99,jev,2011-01-24,11,2011-01-24,2011,1,Closed,foodiepie;wikipedia,foodiepie,,Picabu-Neighborhood-Bistro-Spokane-WA
Anchor Bar,"Superior, Wisconsin",WI,USA,True,Dive,Dive,Dive,,0.25,0.22,0.94,1.0,jev,2011-01-31,11,2011-01-31,2011,1,Open,,foodiepie,,Anchor-Bar-Superior-WI
Gatsby's Diner,"Sacramento, California",CA,USA,True,Diner,Diner,Diner,,0.77,0.04,0.27,0.99,name,2011-01-31,11,2011-01-31,2011,1,Closed,foodiepie;wikipedia,foodiepie,,Gatsbys-Diner-Sacramento-CA
The Pit Stop,"Merrick, New York",NY,USA,True,Diner,Diner,Diner,,0.53,0.37,0.55,0.6,jev,2011-01-31,11,2011-01-31,2011,1,Open,,foodiepie,,Pit-Stop-Merrick-NY
3 Sisters Café,"Indianapolis, Indiana",IN,USA,True,Diner,Diner,Diner,,0.6,0.05,0.24,0.88,jev,2011-02-07,11,2011-02-07,2011,1,Closed,foodiepie;wikipedia,foodiepie,,3-Sisters-Cafe-Indianapolis-IN
La Pines Café,"Slidell, Louisiana",LA,USA,True,Diner,Diner,Diner,,0.9,0.09,0.49,1.0,jev,2011-02-07,11,2011-02-07,2011,1,Open,,foodiepie,,L-A-Pines-Cafe-Slidell-LA
Steuben's Food Service,"Denver, Colorado",CO,USA,True,Other,Diner,New American bistros,0.68,0.35,0.14,0.3,0.59,jev,2011-02-07,11,2011-02-07,2011,1,Open,,foodiepie,,Steubens-Food-Service-Denver-CO
Aunt Mary's Café,"Oakland, California",CA,USA,True,Diner,Diner,Diner,,0.59,0.04,0.31,0.84,jev,2011-02-28,11,2011-02-28,2011,1,Closed,foodiepie;wikipedia,foodiepie,,Aunt-Marys-Cafe-Oakland-CA
Corey's Catsup & Mustard,"Manchester, Connecticut",CT,USA,True,Diner,Diner,Diner,,0.49,0.38,0.54,0.34,jev,2011-02-28,11,2011-02-28,2011,1,Closed,foodiepie;wikipedia,foodiepie,,Coreys-Catsup-and-Mustard-Manchester-CT
Jimmy's Down the Street,"Coeur d'Alene, Idaho",ID,USA,True,Diner,Diner,Diner,,0.72,0.09,0.37,0.99,jev,2011-02-28,11,2011-02-28,2011,1,Open,,foodiepie,,Jimmys-Down-the-Street-Coeur-D-Alene-ID
Dad's Kitchen,"Sacramento, California",CA,USA,True,Diner,Diner,Diner,,0.74,0.1,0.24,0.98,jev,2011-03-07,11,2011-03-07,2011,1,Open,,foodiepie,,Dads-Kitchen-Sacramento-CA
Indy's Historic Steer-In Restaurant,"Indianapolis, Indiana",IN,USA,True,Drive-In,Drive-In,Drive-In,,0.67,0.6,0.54,0.62,jev,2011-03-07,11,2011-03-07,2011,1,Open,,foodiepie,,Indys-Historic-Steer-In-Restaurant-Indianapolis-IN
Pineville Tavern,"Pineville, Pennsylvania",PA,USA,True,Dive,Dive,Dive,,0.23,0.05,0.69,0.95,jev,2011-03-07,11,2011-03-07,2011,1,Open,,foodiepie,,Pineville-Tavern-Pineville-PA
Ben's Best Deli,"Queens, New York City, New York",NY,USA,True,Other,Diner,Sandwiches & delis,1.0,0.31,0.05,0.45,0.99,jev,2011-03-14,11,2011-03-14,2011,1,Closed,foodiepie,foodiepie,,Bens-Best-Rego-Park-NY
Foolish Craig's Café,"Boulder, Colorado",CO,USA,True,Diner,Diner,Diner,,0.62,0.04,0.39,0.86,jev,2011-03-14,11,2011-03-14,2011,1,Open,,foodiepie,,Foolish-Craigs-Cafe-Boulder-CO
Waddell's Pub & Grille,"Spokane, Washington",WA,USA,True,Dive,Dive,Dive,,0.29,0.05,0.64,0.96,jev,2011-03-14,11,2011-03-14,2011,1,Open,,foodiepie,,Waddells-Pub-and-Grill-Spokane-WA
Jersey Café,"Carmel, Indiana",IN,USA,True,Diner,Diner,Diner,,0.54,0.1,0.32,0.59,jev,2011-03-21,11,2011-03-21,2011,1,Closed,foodiepie;wikipedia,foodiepie,,Jerseys-Cafe-Carmel-IN
Katie's Restaurant,"New Orleans, Louisiana",LA,USA,True,Other,Dive,"Southern, Cajun & soul",0.98,0.34,0.05,0.48,0.42,jev,2011-03-21; 2016-01-20,11; 24,2011-03-21,2011,2,Open,,foodiepie,,Katies-Restaurant-and-Bar-New-Orleans-LA
Merritt Canteen Inc.,"Bridgeport, Connecticut",CT,USA,True,Diner,Diner,Diner,,0.67,0.36,0.66,0.53,jev,2011-03-21,11,2011-03-21,2011,1,Open,,foodiepie,,Merritt-Canteen-Bridgeport-CT
Hildebrandt's,"Williston Park, New York",NY,USA,True,Diner,Diner,Diner,,0.43,0.22,0.27,0.4,jev,2011-03-28,11,2011-03-28,2011,1,Open,,foodiepie,,Hildebrandts-Williston-Park-NY
Sunflower Caffé,"Sonoma, California",CA,USA,True,Diner,Diner,Diner,,0.55,0.06,0.16,0.69,jev,2011-03-28,11,2011-03-28,2011,1,Open,,foodiepie,,Sunflower-Caffe-Sonoma-CA
The Bagel Delicatessen & Restaurant,"Denver, Colorado",CO,USA,True,Other,Diner,Sandwiches & delis,1.0,0.28,0.04,0.31,0.99,jev,2011-03-28; 2015-12-11,11; 23,2011-03-28,2011,2,Open,,foodiepie,,Bagel-Deli-and-Restaurant-Denver-CO
Putah Creek Café,"Winters, California",CA,USA,True,Diner,Diner,Diner,,0.8,0.08,0.25,0.93,jev,2011-04-04,11,2011-04-04,2011,1,Closed,wikipedia,foodiepie,,Putah-Creek-Cafe-Winters-CA
The Barking Dog,"Indianapolis, Indiana",IN,USA,True,Diner,Diner,Diner,,0.58,0.14,0.54,0.4,jev,2011-04-04,11,2011-04-04,2011,1,Closed,foodiepie;wikipedia,foodiepie,,Barking-Dog-Cafe-Indianapolis-IN
The Old Coffee Pot Restaurant,"New Orleans, Louisiana",LA,USA,True,Other,Diner,"Southern, Cajun & soul",1.0,0.37,0.02,0.22,0.6,jev,2011-04-04,11,2011-04-04,2011,1,Closed,foodiepie;wikipedia,foodiepie,,Old-Coffee-Pot-Restaurant-New-Orleans-LA
Dough Pizzeria Napoletana,"San Antonio, Texas",TX,USA,True,Other,Other,Pizza & Italian,1.0,0.02,0.02,0.07,1.0,jev,2011-04-11; 2014-12-26; 2021-03-19,11; 21; 33,2011-04-11,2011,3,Open,,foodiepie,,Dough-Pizzeria-Napoletana-San-Antonio-TX
Jimtown Store,"Healdsburg, California",CA,USA,True,Diner,Diner,Diner,,0.53,0.09,0.28,0.45,jev,2011-04-11,11,2011-04-11,2011,1,Closed,foodiepie,foodiepie,,Jimtown-Store-Healdsburg-CA
Sam's No. 3,"Denver, Colorado",CO,USA,True,Diner,Diner,Diner,,0.89,0.13,0.56,0.99,jev,2011-04-11,11,2011-04-11,2011,1,Open,,foodiepie,,Sams-No-3-Denver-CO
Catelli's,"Geyserville, California",CA,USA,True,Other,Other,Pizza & Italian,0.83,0.18,0.04,0.2,0.99,jev,2011-05-09; 2020-05-01,12; 32,2011-05-09,2011,2,Open,,foodiepie,,Catellis-Geyserville-CA
The Sparrow Tavern,"Queens, New York City, New York",NY,USA,True,Dive,Dive,Dive,,0.38,0.04,0.85,1.0,jev,2011-05-09,12,2011-05-09,2011,1,Open,,foodiepie,,Sparrow-Tavern-Astoria-NY
Zest,"Indianapolis, Indiana",IN,USA,True,Other,Diner,New American bistros,1.0,0.18,0.02,0.12,0.99,jev,2011-05-09,12,2011-05-09,2011,1,Closed,foodiepie;wikipedia,foodiepie,,Zest-Exciting-Food-Creations-Indianapolis-IN
California Tacos To Go,"Tampa, Florida",FL,USA,True,Dive,Dive,Dive,,0.04,0.45,0.54,0.35,jev,2011-05-16,12,2011-05-16,2011,1,Closed,foodiepie;wikipedia,foodiepie,,California-Tacos-Tampa-FL
Lauer-Krauts,"Brighton, Colorado",CO,USA,True,Diner,Diner,Diner,,0.58,0.21,0.6,0.55,jev,2011-05-16; 2021-03-05,12; 33,2011-05-16,2011,2,Open,,foodiepie,,Lauer-Krauts-Brighton-CO
Moroccan Bites,"San Antonio, Texas",TX,USA,True,Other,Other,Global kitchens,1.0,0.03,0.09,0.25,1.0,jev,2011-05-16,12,2011-05-16,2011,1,Open,,foodiepie,,Moroccan-Bites-San-Antonio-TX
Garifuna Flava,"Chicago, Illinois",IL,USA,True,Other,Other,Mexican & Latin,1.0,0.04,0.07,0.28,1.0,jev,2011-05-23,12,2011-05-23,2011,1,Open,,foodiepie,,Garifuna-Flava-Chicago-IL
HRD Coffee Shop,"San Francisco, California",CA,USA,True,Other,Diner,Global kitchens,0.69,0.28,0.09,0.32,0.61,jev,2011-05-23; 2017-09-29,12; 27,2011-05-23,2011,2,Closed,foodiepie;wikipedia,foodiepie,,HRD-Coffee-Shop-San-Francisco-CA
The Tamale Place,"Indianapolis, Indiana",IN,USA,True,Other,Dive,Mexican & Latin,1.0,0.05,0.16,0.37,0.93,jev,2011-05-23,12,2011-05-23,2011,1,Open,,foodiepie,,Tamale-Place-Indianapolis-IN
Bun ‘N Barrel,"San Antonio, Texas",TX,USA,True,Drive-In,Drive-In,Drive-In,,0.35,0.93,0.51,1.0,jev,2011-09-12,12,2011-09-12,2011,1,Closed,foodiepie,foodiepie,,Bun-N-Barrel-San-Antonio-TX
Munch's Restaurant & Sundries,"St. Petersburg, Florida",FL,USA,True,Diner,Diner,Diner,,0.85,0.13,0.65,0.99,jev,2011-09-12,12,2011-09-12,2011,1,Closed,foodiepie;wikipedia,foodiepie,,Munchs-Sundries-and-Restaurant-St-Petersburg-FL
Tocabe American Indian Eatery,"Denver, Colorado",CO,USA,True,Other,Other,New American bistros,0.44,0.17,0.06,0.26,0.98,jev,2011-09-12; 2014-04-18; 2020-09-25,12; 19; 33,2011-09-12,2011,3,Open,,foodiepie,,Tocabe-American-Indian-Eatery-Denver-CO
Bang!,"Denver, Colorado",CO,USA,True,Other,Diner,"Southern, Cajun & soul",0.91,0.36,0.05,0.22,0.54,jev,2011-09-19,12,2011-09-19,2011,1,Closed,foodiepie;wikipedia,foodiepie,,bang-Denver-CO
Broken Record,"San Francisco, California",CA,USA,True,Dive,Dive,Dive,,0.17,0.02,0.72,1.0,jev,2011-09-19,12,2011-09-19,2011,1,Closed,foodiepie;wikipedia,foodiepie,,Broken-Record-San-Francisco-CA
Jose's Real Cuban Food,"Bradenton, Florida",FL,USA,True,Other,Dive,Mexican & Latin,1.0,0.1,0.1,0.49,0.97,jev,2011-09-19,12,2011-09-19,2011,1,Closed,foodiepie;wikipedia,foodiepie,,Joses-Real-Cuban-Food-Bradenton-FL
Get Fresh Café,"Norfolk, Virginia",VA,USA,True,Other,Diner,New American bistros,0.29,0.38,0.07,0.41,0.64,jev,2011-09-26,12,2011-09-26,2011,1,Closed,foodiepie;wikipedia,foodiepie,,Get-Fresh-Cafe-Norfolk-VA
Nana Organic,"Chicago, Illinois",IL,USA,True,Other,Diner,New American bistros,0.88,0.36,0.03,0.18,0.77,jev,2011-09-26,12,2011-09-26,2011,1,Closed,foodiepie;wikipedia,foodiepie,,Nana-Chicago-IL
The Sink,"Boulder, Colorado",CO,USA,True,Other,Diner,New American bistros,0.48,0.33,0.06,0.23,0.81,jev,2011-09-26,12,2011-09-26,2011,1,Open,,foodiepie,,Sink-Boulder-CO
Chilam Balam,"Chicago, Illinois",IL,USA,True,Other,Dive,Mexican & Latin,1.0,0.02,0.02,0.19,0.79,jev,2011-10-03,12,2011-10-03,2011,1,Open,,foodiepie,,Chilam-Balam-Chicago-IL
Tampa Bay Brewing Co.,"Tampa, Florida",FL,USA,True,Other,Dive,Brewpubs & bars,1.0,0.13,0.03,0.24,0.99,jev,2011-10-03,12,2011-10-03,2011,1,Open,,foodiepie,,Tampa-Bay-Brewing-Company-Tampa-FL
Zydeco's,"Mooresville, Indiana",IN,USA,True,Other,Other,"Southern, Cajun & soul",1.0,0.17,0.04,0.3,0.99,jev,2011-10-03; 2014-12-22,12; 21,2011-10-03,2011,2,Open,,foodiepie,,Zydecos-Mooresville-IN
Beto's Comida Latina,"San Antonio, Texas",TX,USA,True,Other,Dive,Mexican & Latin,1.0,0.19,0.25,0.47,0.74,jev,2011-10-10,12,2011-10-10,2011,1,Closed,wikipedia,web,,
Irazu,"Chicago, Illinois",IL,USA,True,Other,Other,Mexican & Latin,1.0,0.08,0.04,0.33,1.0,jev,2011-10-10,12,2011-10-10,2011,1,Open,,foodiepie,,Irazu-Costa-Rican-Restaurant-Chicago-IL
Tortilleria Nixtamal,"Queens, New York City, New York",NY,USA,True,Other,Dive,Mexican & Latin,1.0,0.03,0.11,0.61,0.37,jev,2011-10-10,12,2011-10-10,2011,1,Closed,foodiepie;wikipedia,foodiepie,,Tortilleria-Nixtamal-Corona-NY
DMK Burger Bar,"Chicago, Illinois",IL,USA,True,Other,Diner,New American bistros,0.88,0.25,0.12,0.16,0.67,jev,2011-10-17,12,2011-10-17,2011,1,Open,,foodiepie,,DMK-Burger-Bar-Chicago-IL
Taco Taco Cafe,"San Antonio, Texas",TX,USA,True,Other,Dive,Mexican & Latin,1.0,0.07,0.16,0.37,0.49,jev,2011-10-17; 2014-04-18,12; 19,2011-10-17,2011,2,Open,,foodiepie,,Taco-Taco-Cafe-San-Antonio-TX
Whitner's Barbeque,"Virginia Beach, Virginia",VA,USA,True,Other,Other,BBQ & smokehouses,1.0,0.14,0.18,0.32,1.0,jev,2011-10-17,12,2011-10-17,2011,1,Closed,foodiepie;wikipedia,foodiepie,,Whitners-Barbecue-Virginia-Beach-VA
Chuck's Southern Comforts Café,"Burbank, Illinois",IL,USA,True,Other,Diner,"Southern, Cajun & soul",0.98,0.25,0.1,0.35,0.95,jev,2011-10-24,12,2011-10-24,2011,1,Open,,foodiepie,,Chucks-Southern-Comforts-Cafe-Burbank-IL
El Bohio,"San Antonio, Texas",TX,USA,True,Other,Dive,Mexican & Latin,1.0,0.08,0.09,0.52,0.94,jev,2011-10-24,12,2011-10-24,2011,1,Closed,foodiepie;wikipedia,foodiepie,,El-Bohio-San-Antonio-TX
Rigoletto Italian Bakery & Café,"Virginia Beach, Virginia",VA,USA,True,Other,Other,"Bakeries, cafes & desserts",0.74,0.11,0.05,0.16,1.0,jev,2011-10-24; 2014-12-24,12; 21,2011-10-24,2011,2,Open,,foodiepie,,Rigoletto-Italian-Bakery-Virginia-Beach-VA
Beach Pub,"Virginia Beach, Virginia",VA,USA,True,Dive,Dive,Dive,,0.24,0.04,0.68,0.94,jev,2011-10-31,12,2011-10-31,2011,1,Open,,foodiepie,,Beach-Pub-Virginia-Beach-VA
Magnolia Pancake Haus (New Locations),"San Antonio, Texas",TX,USA,True,Diner,Diner,Diner,,0.47,0.05,0.14,0.6,jev,2011-10-31,12,2011-10-31,2011,1,Open,,foodiepie,,Magnolia-Pancake-Haus-San-Antonio-TX
Taco Bus,"Tampa, Florida",FL,USA,True,Drive-In,Drive-In,Drive-In,,0.04,0.94,0.58,0.98,jev,2011-10-31; 2017-08-14,12; 27,2011-10-31,2011,2,Open,,foodiepie,,Taco-Bus-Tampa-FL
Big & Littles,"Chicago, Illinois",IL,USA,True,Dive,Dive,Dive,,0.21,0.13,0.38,0.62,jev,2011-11-07,12,2011-11-07,2011,1,Closed,foodiepie;wikipedia,foodiepie,,BIG-and-littles-Chicago-IL
Citrus Breakfast & Lunch,"Virginia Beach, Virginia",VA,USA,True,Diner,Diner,Diner,,0.56,0.04,0.18,0.84,jev,2011-11-07,12,2011-11-07,2011,1,Open,,foodiepie,,Citrus-Virginia-Beach-VA
Supino Pizzeria,"Detroit, Michigan",MI,USA,True,Other,Other,Pizza & Italian,1.0,0.04,0.06,0.28,1.0,jev,2011-11-07; 2015-11-19,12; 23,2011-11-07,2011,2,Open,,foodiepie,,Supino-Pizzeria-Detroit-MI
Jethro's Fine Grub,"Vancouver, British Columbia, Canada",BC,Canada,False,Diner,Diner,Diner,,0.52,0.1,0.2,0.39,jev,2011-11-21,12,2011-11-21,2011,1,Closed,foodiepie;wikipedia,foodiepie,,Jethros-Fine-Grub-Vancouver-BC
Leaping Lizards Café,"Virginia Beach, Virginia",VA,USA,True,Other,Diner,New American bistros,0.45,0.41,0.06,0.21,0.4,jev,2011-11-21,12,2011-11-21,2011,1,Open,,foodiepie,,Leaping-Lizard-Cafe-Virginia-Beach-VA
Polish Village Café,"Hamtramck, Michigan",MI,USA,True,Other,Diner,Global kitchens,1.0,0.3,0.05,0.54,0.88,jev,2011-11-21,12,2011-11-21,2011,1,Open,,foodiepie,,Polish-Village-Cafe-Hamtramck-MI
Fresh Local Wild,"Vancouver, British Columbia, Canada",BC,Canada,False,Drive-In,Drive-In,Drive-In,,0.12,0.84,0.31,0.96,jev,2011-11-28; 2015-02-22,13; 22,2011-11-28,2011,2,Closed,foodiepie;wikipedia,foodiepie,,Fresh-Local-Wild-Vancouver-BC
Panozzo's Italian Market,"Chicago, Illinois",IL,USA,True,Other,Other,Sandwiches & delis,1.0,0.16,0.08,0.42,1.0,jev,2011-11-28,13,2011-11-28,2011,1,Closed,foodiepie;wikipedia,foodiepie,,Panozzos-Italian-Market-Chicago-IL
Traffic Jam & Snug,"Detroit, Michigan",MI,USA,True,Other,Dive,Brewpubs & bars,0.99,0.32,0.03,0.4,0.51,jev,2011-11-28,13,2011-11-28,2011,1,Closed,foodiepie;wikipedia,foodiepie,,Traffic-Jam-and-Snug-Detroit-MI
Danny's All American Diner,"Tampa, Florida",FL,USA,True,Diner,Diner,Diner,,0.93,0.1,0.62,1.0,name,2011-12-05; 2014-06-21,13; 19,2011-12-05,2011,2,Closed,foodiepie;wikipedia,foodiepie,,Dannys-All-American-Diner-Tampa-FL
Tomahawk Restaurant,"North Vancouver, British Columbia, Canada",BC,Canada,False,Other,Other,BBQ & smokehouses,0.88,0.14,0.03,0.32,0.97,jev,2011-12-05; 2017-10-27,13; 27,2011-12-05,2011,2,Open,,foodiepie,,Tomahawk-Barbeque-North-Vancouver-BC
Clarkston Union Bar & Kitchen,"Clarkston, Michigan",MI,USA,True,Diner,Diner,Diner,,0.51,0.02,0.31,0.4,jev,2011-12-12,13,2011-12-12,2011,1,Open,,foodiepie,,Clarkston-Union-Bar-and-Kitchen-Clarkston-MI
Michigan Brewing Co.,"Webberville, Michigan",MI,USA,True,Other,Dive,Brewpubs & bars,1.0,0.04,0.05,0.41,0.89,jev,2011-12-12,13,2011-12-12,2011,1,Closed,foodiepie;wikipedia,foodiepie,,Michigan-Brewing-Company-Webberville-MI
Union Wood Shop,"Clarkston, Michigan",MI,USA,True,Other,Dive,BBQ & smokehouses,0.83,0.42,0.11,0.65,0.55,jev,2011-12-12; 2014-12-26,13; 21,2011-12-12,2011,2,Open,,foodiepie,,Union-Woodshop-Clarkston-MI
Mama's Food Shop,"Manhattan, New York City, New York",NY,USA,True,Other,Diner,"Southern, Cajun & soul",1.0,0.35,0.09,0.33,0.44,jev,2011-12-19,13,2011-12-19,2011,1,Closed,foodiepie;wikipedia,foodiepie,,Mamas-Food-Shop-New-York-NY
Perfectly Frank's,"Summerville, South Carolina",SC,USA,True,Drive-In,Drive-In,Drive-In,,0.41,0.31,0.52,0.16,jev,2011-12-19,13,2011-12-19,2011,1,Closed,foodiepie;wikipedia,foodiepie,,Perfectly-Franks-Summerville-SC
Red Wagon Café,"Vancouver, British Columbia, Canada",BC,Canada,False,Diner,Diner,Diner,,0.78,0.04,0.37,1.0,jev,2011-12-19,13,2011-12-19,2011,1,Open,,foodiepie,,Red-Wagon-Vancouver-BC
Lito's Mexican Restaurant,"Santa Barbara, California",CA,USA,True,Dive,Dive,Dive,,0.16,0.31,0.64,0.68,jev,2011-12-26,13,2011-12-26,2011,1,Open,,web,,
Save On Meats,"Vancouver, British Columbia, Canada",BC,Canada,False,Diner,Diner,Diner,,0.91,0.08,0.5,0.99,jev,2011-12-26,13,2011-12-26,2011,1,Closed,foodiepie;wikipedia,foodiepie,,Save-On-Meats-Vancouver-BC
The Redhead,"Manhattan, New York City, New York",NY,USA,True,Dive,Dive,Dive,,0.28,0.02,0.39,0.58,jev,2011-12-26,13,2011-12-26,2011,1,Closed,foodiepie;wikipedia,foodiepie,,Redhead-New-York-NY
Falconetti's,"Vancouver, British Columbia, Canada",BC,Canada,False,Dive,Dive,Dive,,0.18,0.19,0.57,0.43,jev,2012-01-16,13,2012-01-16,2012,1,Closed,foodiepie;wikipedia,foodiepie,,Falconettis-East-Side-Grill-Vancouver-BC
Rincon Criollo,"Queens, New York City, New York",NY,USA,True,Other,Other,Mexican & Latin,1.0,0.07,0.04,0.34,1.0,jev,2012-01-16; 2014-04-18,13; 19,2012-01-16,2012,2,Closed,foodiepie,foodiepie,,Rincon-Criollo-Corona-NY
Tattooed Moose,"Charleston, South Carolina",SC,USA,True,Dive,Dive,Dive,,0.34,0.04,0.58,0.78,jev,2012-01-16,13,2012-01-16,2012,1,Open,,foodiepie,,Tattooed-Moose-Johns-Island-SC
John's of 12th Street,"Manhattan, New York City, New York",NY,USA,True,Other,Other,Pizza & Italian,1.0,0.05,0.01,0.17,1.0,jev,2012-01-23,13,2012-01-23,2012,1,Open,,foodiepie,,Johns-of-12th-Street-New-York-NY
Mac's Fish & Chip Shop,"Santa Barbara, California",CA,USA,True,Other,Dive,Seafood,0.86,0.1,0.23,0.39,0.5,jev,2012-01-23,13,2012-01-23,2012,1,Closed,foodiepie;wikipedia,foodiepie,,Macs-Fish-and-Chip-Shop-Santa-Barbara-CA
Boulevard Diner,"Dundalk, Maryland",MD,USA,True,Diner,Diner,Diner,,0.8,0.04,0.25,1.0,name,2012-01-30; 2015-10-23,13; 23,2012-01-30,2012,2,Open,,foodiepie,,Boulevard-Diner-Dundalk-MD
The Early Bird Diner,"Charleston, South Carolina",SC,USA,True,Diner,Diner,Diner,,0.95,0.05,0.41,1.0,name,2012-01-30,13,2012-01-30,2012,1,Open,,foodiepie,,Early-Bird-Diner-Charleston-SC
The Kitchen,"Oxnard, California",CA,USA,True,Other,Dive,Brewpubs & bars,1.0,0.3,0.06,0.48,0.73,jev,2012-01-30,13,2012-01-30,2012,1,Closed,foodiepie;wikipedia,foodiepie,,Kitchen-Oxnard-CA
Flip Flops Grill & Chill,"Virginia Beach, Virginia",VA,USA,True,Other,Other,Mexican & Latin,0.99,0.06,0.1,0.13,1.0,jev,2012-02-06,13,2012-02-06,2012,1,Open,,foodiepie,,Flip-Flops-Grill-and-Chill-Virginia-Beach-VA
Peaceful Restaurant,"Vancouver, British Columbia, Canada",BC,Canada,False,Other,Other,Global kitchens,1.0,0.02,0.03,0.27,1.0,jev,2012-02-06,13,2012-02-06,2012,1,Open,,foodiepie,,Peaceful-Restaurant-Vancouver-BC
Sidecar (New Location),"Brooklyn, New York City, New York",NY,USA,True,Other,Diner,New American bistros,0.71,0.31,0.02,0.18,0.66,jev,2012-02-06,13,2012-02-06,2012,1,Open,,web,,
Fuel Cantina,"Charleston, South Carolina",SC,USA,True,Dive,Dive,Dive,,0.29,0.22,0.7,0.85,jev,2012-02-13,13,2012-02-13,2012,1,Open,,foodiepie,,Fuel-Caribbean-Cantina-Charleston-SC
Meat & Bread,"Vancouver, British Columbia, Canada",BC,Canada,False,Other,Dive,Sandwiches & delis,1.0,0.14,0.16,0.36,0.84,jev,2012-02-13,13,2012-02-13,2012,1,Open,,foodiepie,,Meat-and-Bread-Vancouver-BC
Norton's,"Santa Barbara, California",CA,USA,True,Other,Diner,Sandwiches & delis,1.0,0.43,0.13,0.4,0.98,jev,2012-02-13; 2017-03-10,13; 26,2012-02-13,2012,2,Open,,foodiepie,,Nortons-Pastrami-and-Deli-Santa-Barbara-CA
Defonte's Sandwich Shop,"Brooklyn, New York City, New York",NY,USA,True,Other,Diner,Sandwiches & delis,1.0,0.28,0.07,0.43,0.98,jev,2012-02-20,13,2012-02-20,2012,1,Open,,foodiepie,,Defontes-Brooklyn-NY
Galway Bay Irish Pub,"Annapolis, Maryland",MD,USA,True,Dive,Dive,Dive,,0.11,0.02,0.38,0.76,jev,2012-02-20,13,2012-02-20,2012,1,Open,,foodiepie,,Galway-Bay-Irish-Restaurant-and-Pub-Annapolis-MD
The Glass Onion,"Charleston, South Carolina",SC,USA,True,Other,Diner,"Southern, Cajun & soul",0.96,0.29,0.08,0.32,0.67,jev,2012-02-20; 2014-04-18,13; 19,2012-02-20,2012,2,Open,,foodiepie,,Glass-Onion-Charleston-SC
Moseberth's Fried Chicken,"Portsmouth, Virginia",VA,USA,True,Drive-In,Drive-In,Drive-In,,0.08,0.51,0.62,0.3,jev,2012-02-27,13,2012-02-27,2012,1,Closed,foodiepie;wikipedia,foodiepie,,Moseberths-Chicken-Place-Portsmouth-VA
Nye's Polonaise Room,"Minneapolis, Minnesota",MN,USA,True,Dive,Dive,Dive,,0.16,0.02,0.78,0.93,jev,2012-02-27,13,2012-02-27,2012,1,Closed,foodiepie,foodiepie,,Nyes-Polonaise-Room-Minneapolis-MN
R&R Taqueria,"Elkridge, Maryland",MD,USA,True,Dive,Dive,Dive,,0.04,0.48,0.82,0.99,jev,2012-02-27,13,2012-02-27,2012,1,Closed,wikipedia,foodiepie,,RandR-Taqueria-Baltimore-MD
Joe Squared Pizza,"Baltimore, Maryland",MD,USA,True,Other,Dive,Pizza & Italian,1.0,0.1,0.04,0.24,0.98,jev,2012-03-05,13,2012-03-05,2012,1,Closed,wikipedia,foodiepie,,Joe-Squared-Pizza-Baltimore-MD
Pepe's and Mito's,"Dallas, Texas",TX,USA,True,Other,Dive,Mexican & Latin,1.0,0.07,0.1,0.53,0.53,jev,2012-03-05,13,2012-03-05,2012,1,Open,,foodiepie,,Pepes-and-Mitos-Mexican-Cafe-Dallas-TX
Savoy Café & Deli,"Santa Barbara, California",CA,USA,True,Other,Diner,Sandwiches & delis,0.95,0.5,0.06,0.23,0.8,jev,2012-03-05,13,2012-03-05,2012,1,Open,,foodiepie,,Savoy-Cafe-and-Deli-Santa-Barbara-CA
Monument Cafe,"Georgetown, Texas",TX,USA,True,Diner,Diner,Diner,,0.81,0.21,0.28,1.0,jev,2012-04-02,14,2012-04-02,2012,1,Open,,foodiepie,,Monument-Cafe-Georgetown-TX
Pizzeria Lola,"Minneapolis, Minnesota",MN,USA,True,Other,Other,Pizza & Italian,1.0,0.04,0.04,0.09,1.0,jev,2012-04-02,14,2012-04-02,2012,1,Open,,foodiepie,,Pizzeria-Lola-Minneapolis-MN
Luke's Inside Out,"Austin, Texas",TX,USA,True,Drive-In,Drive-In,Drive-In,,0.17,0.85,0.58,0.97,jev,2012-04-09; 2014-06-21,14; 19,2012-04-09,2012,2,Closed,foodiepie;wikipedia,foodiepie,,Lukes-Inside-Out-Austin-TX
Maple & Motor,"Dallas, Texas",TX,USA,True,Drive-In,Drive-In,Drive-In,,0.45,0.76,0.65,0.98,jev,2012-04-09; 2014-06-21,14; 19,2012-04-09,2012,2,Open,,foodiepie,,Maple-and-Motor-Dallas-TX
Smack Shack at The 1029 Bar,"Minneapolis, Minnesota",MN,USA,True,Dive,Dive,Dive,,0.25,0.08,0.61,0.98,jev,2012-04-09,14,2012-04-09,2012,1,Open,,foodiepie,,Smack-Shack-Minneapolis-MN
Broders' Cucina Italiana,"Minneapolis, Minnesota",MN,USA,True,Other,Other,Pizza & Italian,1.0,0.05,0.04,0.34,1.0,jev,2012-04-16; 2021-06-11,14; 34,2012-04-16,2012,2,Open,,foodiepie,,Broders-Cucina-Italiana-Minneapolis-MN
Chop House Burgers,"Arlington, Texas",TX,USA,True,Other,Diner,New American bistros,0.5,0.29,0.13,0.24,0.64,jev,2012-04-16,14,2012-04-16,2012,1,Closed,foodiepie;wikipedia,foodiepie,,Chop-House-Burgers-Arlington-TX
Pete's Breakfast House,"Ventura, California",CA,USA,True,Diner,Diner,Diner,,0.76,0.1,0.33,1.0,jev,2012-04-23,14,2012-04-23,2012,1,Open,,foodiepie,,Petes-Breakfast-House-Restaurant-Ventura-CA
Sip & Bite Restaurant,"Baltimore, Maryland",MD,USA,True,Diner,Diner,Diner,,0.89,0.04,0.43,1.0,jev,2012-04-23,14,2012-04-23,2012,1,Open,,foodiepie,,Sip-and-Bite-Restaurant-Baltimore-MD
Cane Rosso,"Dallas, Texas",TX,USA,True,Other,Other,Pizza & Italian,1.0,0.07,0.03,0.11,1.0,jev,2012-04-30,14,2012-04-30,2012,1,Open,,foodiepie,,Cane-Rosso-Dallas-TX
Counter Cafe,"Austin, Texas",TX,USA,True,Diner,Diner,Diner,,0.95,0.1,0.64,1.0,jev,2012-04-30,14,2012-04-30,2012,1,Closed,foodiepie,foodiepie,,Counter-Cafe-Austin-TX
Marla's Caribbean Cuisine,"Minneapolis, Minnesota",MN,USA,True,Other,Other,Mexican & Latin,0.89,0.04,0.07,0.24,1.0,jev,2012-04-30,14,2012-04-30,2012,1,Closed,foodiepie;wikipedia,foodiepie,,Marlas-Caribbean-Cuisine-Minneapolis-MN
Harvey's Hot Dogs II,"Portsmouth, Virginia",VA,USA,True,Diner,Diner,Diner,,0.42,0.36,0.69,0.21,jev,2012-05-07,14,2012-05-07,2012,1,Closed,foodiepie;wikipedia,foodiepie,,Harveys-Hot-Dogs-Portsmouth-VA
Johnny Garlic's,"Santa Rosa, California",CA,USA,True,Other,Dive,New American bistros,0.93,0.24,0.04,0.32,0.68,jev,2012-05-07,14,2012-05-07,2012,1,Closed,foodiepie;wikipedia,foodiepie,,Johnny-Garlics-Santa-Rosa-CA
Smalley's Caribbean Barbeque,"Stillwater, Minnesota",MN,USA,True,Other,Dive,BBQ & smokehouses,0.7,0.05,0.17,0.45,0.92,jev,2012-05-07; 2014-04-18,14; 19,2012-05-07,2012,2,Closed,foodiepie;wikipedia,foodiepie,,Smalleys-Caribbean-Barbeque-and-Pirate-Bar-Stillwater-MN
John Mull's Meats and Road Kill Grill,"Las Vegas, Nevada",NV,USA,True,Other,Dive,BBQ & smokehouses,0.79,0.1,0.23,0.56,0.87,jev,2012-05-28; 2014-04-14; 2021-03-19,14; 19; 33,2012-05-28,2012,3,Open,,foodiepie,,John-Mulls-Road-Kill-Grill-Las-Vegas-NV
Pecan Lodge,"Dallas, Texas",TX,USA,True,Other,Other,BBQ & smokehouses,1.0,0.13,0.13,0.25,1.0,jev,2012-05-28,14,2012-05-28,2012,1,Open,,foodiepie,,Pecan-Lodge-Dallas-TX
Forte European Tapas Bar & Bistro,"Las Vegas, Nevada",NV,USA,True,Other,Other,Global kitchens,0.99,0.03,0.01,0.14,1.0,jev,2012-06-04; 2014-04-14; 2020-04-24,14; 19; 32,2012-06-04,2012,3,Closed,wikipedia,foodiepie,,Forte-European-Tapas-Bar-and-Bistro-Las-Vegas-NV
Naked City Pizza,"Las Vegas, Nevada",NV,USA,True,Dive,Dive,Dive,,0.1,0.06,0.88,0.98,jev,2012-06-04; 2014-04-14,14; 19,2012-06-04,2012,2,Closed,foodiepie,foodiepie,,Naked-City-Pizza-Shop-Las-Vegas-NV
UNLV,"Las Vegas, Nevada",NV,USA,True,Other,Drive-In,Global kitchens,0.88,0.08,0.1,0.16,0.99,jev,2012-06-04; 2014-04-14,14; 19,2012-06-04,2012,2,Open,,foodiepie,,UNLV-Las-Vegas-NV
Lola's – A Louisiana Kitchen,"Las Vegas, Nevada",NV,USA,True,Other,Other,"Southern, Cajun & soul",1.0,0.2,0.06,0.29,0.99,jev,2012-06-11,14,2012-06-11,2012,1,Closed,foodiepie,foodiepie,,Lolas-Las-Vegas-NV
Noble Pig Sandwiches,"Austin, Texas",TX,USA,True,Diner,Diner,Diner,,0.49,0.09,0.25,0.33,jev,2012-06-11,14,2012-06-11,2012,1,Closed,foodiepie;wikipedia,foodiepie,,Noble-Sandwich-Austin-TX
Afrah,"Richardson, Texas",TX,USA,True,Other,Other,Global kitchens,1.0,0.05,0.06,0.22,1.0,jev,2012-06-18,14,2012-06-18,2012,1,Open,,foodiepie,,Afrah-Restaurant-Richardson-TX
Bachi Burger,"Las Vegas, Nevada",NV,USA,True,Other,Diner,New American bistros,0.65,0.16,0.1,0.11,0.96,jev,2012-06-18; 2014-04-14,14; 19,2012-06-18,2012,2,Closed,foodiepie;wikipedia,foodiepie,,Bachi-Burger-Las-Vegas-NV
Gazala's Place,"Manhattan, New York City, New York",NY,USA,True,Other,Other,Global kitchens,1.0,0.04,0.04,0.28,1.0,jev,2012-06-18,14,2012-06-18,2012,1,Closed,foodiepie,foodiepie,,Gazalas-New-York-NY
Foreign & Domestic,"Austin, Texas",TX,USA,True,Other,Diner,New American bistros,0.98,0.23,0.02,0.15,0.96,jev,2012-06-25,14,2012-06-25,2012,1,Open,,foodiepie,,Foreign-and-Domestic-Austin-TX
Hopleaf Bar,"Chicago, Illinois",IL,USA,True,Other,Dive,Brewpubs & bars,1.0,0.07,0.01,0.28,0.39,jev,2012-06-25,14,2012-06-25,2012,1,Open,,foodiepie,,Hopleaf-Bar-Chicago-IL
Jawaiian Irie Jerk Restaurant,"Honolulu, Hawaii",HI,USA,True,Other,Drive-In,Mexican & Latin,0.99,0.04,0.63,0.36,0.58,jev,2012-07-02; 2014-06-21,14; 19,2012-07-02,2012,2,Closed,foodiepie,foodiepie,,Jawaiian-Irie-Jerk-Restaurant-Honolulu-HI
Taste of Europe,"Arlington, Texas",TX,USA,True,Other,Other,Global kitchens,1.0,0.11,0.05,0.32,1.0,jev,2012-07-02,14,2012-07-02,2012,1,Open,,foodiepie,,Taste-of-Europe-Arlington-TX
Yayo Taco,"Las Vegas, Nevada",NV,USA,True,Dive,Dive,Dive,,0.04,0.16,0.58,0.63,jev,2012-07-02,14,2012-07-02,2012,1,Closed,foodiepie;wikipedia,foodiepie,,Yayo-Taco-Las-Vegas-NV
Camille's on Wheels,"Kailua, Hawaii",HI,USA,True,Drive-In,Drive-In,Drive-In,,0.03,0.95,0.28,1.0,jev,2012-07-30; 2015-02-22,14; 22,2012-07-30,2012,2,Closed,foodiepie;wikipedia,foodiepie,,Camilles-on-Wheels-Kailua-HI
Chicago Brauhaus,"Chicago, Illinois",IL,USA,True,Other,Other,Global kitchens,0.9,0.05,0.02,0.26,1.0,jev,2012-07-30,14,2012-07-30,2012,1,Closed,foodiepie;wikipedia,foodiepie,,Chicago-Brauhaus-Chicago-IL
Dixie Supply Bakery & Cafe,"Charleston, South Carolina",SC,USA,True,Diner,Diner,Diner,,0.68,0.05,0.25,0.53,jev,2012-07-30,14,2012-07-30,2012,1,Closed,foodiepie;wikipedia,foodiepie,,Dixie-Supply-Bakery-and-Cafe-Charleston-SC
He'eia Kea Pier General Store and Deli,"Kaneohe, Hawaii",HI,USA,True,Other,Dive,Global kitchens,0.92,0.16,0.17,0.36,0.95,jev,2012-08-05,15,2012-08-05,2012,1,Closed,foodiepie,foodiepie,,Heeia-Kea-Pier-General-Store-and-Deli-Kaneohe-HI
Memphis Street Cafe (Name changed to Underground Cafe),"Hernando, Mississippi",MS,USA,True,Other,Diner,"Southern, Cajun & soul",0.97,0.44,0.03,0.29,0.46,jev,2012-08-05,15,2012-08-05,2012,1,Open,,foodiepie,,Underground-Cafe-Hernando-MS
Rex Italian Foods,"Norridge, Illinois",IL,USA,True,Other,Dive,Pizza & Italian,0.99,0.11,0.11,0.47,0.98,jev,2012-08-05,15,2012-08-05,2012,1,Open,,foodiepie,,Rex-Italian-Foods-Norridge-IL
Sweet Home Waimanalo,"Waimanalo, Hawaii",HI,USA,True,Dive,Dive,Dive,,0.18,0.52,0.64,0.32,jev,2012-08-13,15,2012-08-13,2012,1,Closed,foodiepie;wikipedia,foodiepie,,Sweet-Home-Waimanalo-Cafe-and-Market-Waimanalo-HI
bopNgrill,"Chicago, Illinois",IL,USA,True,Other,Diner,Global kitchens,0.88,0.16,0.13,0.2,0.9,jev,2012-08-13,15,2012-08-13,2012,1,Open,,foodiepie,,Bop-N-Grill-Chicago-IL
90 Miles Cuban Cafe,"Chicago, Illinois",IL,USA,True,Other,Other,Mexican & Latin,1.0,0.21,0.06,0.35,0.99,jev,2012-08-19; 2014-04-18,15; 19,2012-08-19,2012,2,Open,,foodiepie,,90-Miles-Cuban-Cafe-Chicago-IL
Davis' Pub,"Annapolis, Maryland",MD,USA,True,Dive,Dive,Dive,,0.23,0.02,0.78,1.0,jev,2012-08-19,15,2012-08-19,2012,1,Open,,foodiepie,,Davis-Pub-Annapolis-MD
Rizzo's Diner,"Memphis, Tennessee",TN,USA,True,Diner,Diner,Diner,,0.76,0.06,0.52,0.9,name,2012-08-19,15,2012-08-19,2012,1,Closed,foodiepie;wikipedia,foodiepie,,Rizzos-Diner-Memphis-TN
Fresh Catch,"Honolulu, Hawaii",HI,USA,True,Other,Dive,Seafood,0.72,0.04,0.11,0.37,0.93,jev,2012-08-27; 2020-05-01,15; 32,2012-08-27,2012,2,Open,,foodiepie,,Fresh-Catch-Kaneohe-HI
Memphis Barbecue Co.,"Horn Lake, Mississippi",MS,USA,True,Other,Dive,BBQ & smokehouses,1.0,0.19,0.14,0.45,0.97,jev,2012-08-27,15,2012-08-27,2012,1,Open,,foodiepie,,Memphis-Barbecue-Company-Horn-Lake-MS
Cutty's,"Brookline, Massachusetts",MA,USA,True,Diner,Diner,Diner,,0.44,0.05,0.21,0.36,jev,2012-09-03,15,2012-09-03,2012,1,Open,,foodiepie,,Cuttys-Brookline-MA
Italian Express Pizzeria,"East Boston, Massachusetts",MA,USA,True,Other,Other,Pizza & Italian,1.0,0.04,0.04,0.12,1.0,jev,2012-09-03,15,2012-09-03,2012,1,Closed,foodiepie;wikipedia,foodiepie,,Italian-Express-Pizzeria-Boston-MA
Angelo's Civita Farnese,"Providence, Rhode Island",RI,USA,True,Other,Other,Pizza & Italian,1.0,0.05,0.03,0.39,1.0,jev,2012-09-24,15,2012-09-24,2012,1,Open,,foodiepie,,Angelos-Civita-Farnese-Providence-RI
Mediterraneo Caffe,"Providence, Rhode Island",RI,USA,True,Other,Other,Pizza & Italian,0.98,0.06,0.02,0.16,1.0,jev,2012-09-24,15,2012-09-24,2012,1,Closed,foodiepie;wikipedia,foodiepie,,Mediterraneo-Providence-RI
Patti's Pierogis,"Fall River, Massachusetts",MA,USA,True,Other,Other,Global kitchens,1.0,0.21,0.08,0.43,0.95,jev,2012-09-24,15,2012-09-24,2012,1,Open,,foodiepie,,Pattis-Pierogis-Fall-River-MA
Tupelo,"Cambridge, Massachusetts",MA,USA,True,Other,Diner,"Southern, Cajun & soul",1.0,0.25,0.09,0.21,0.89,jev,2012-09-24,15,2012-09-24,2012,1,Closed,foodiepie;wikipedia,foodiepie,,Tupelo-Cambridge-MA
Big Wave Shrimp Truck,"Haleiwa, Hawaii",HI,USA,True,Drive-In,Drive-In,Drive-In,,0.04,0.96,0.39,1.0,jev,2012-10-01; 2017-07-28,15; 27,2012-10-01,2012,2,Open,,foodiepie,,Big-Wave-Shrimp-Haleiwa-HI
South Of Beale (SOB),"Memphis, Tennessee",TN,USA,True,Other,Dive,Brewpubs & bars,0.97,0.12,0.02,0.18,0.93,jev,2012-10-01,15,2012-10-01,2012,1,Open,,foodiepie,,South-of-Beale-Memphis-TN
Anthony's Seafood,"Middletown, Rhode Island",RI,USA,True,Other,Dive,Seafood,1.0,0.09,0.07,0.44,0.85,jev,2012-10-08,15,2012-10-08,2012,1,Open,,foodiepie,,Anthonys-Seafood-Restaurant-Middletown-RI
Boston Burger Company,"Boston, Massachusetts",MA,USA,True,Other,Drive-In,Sandwiches & delis,0.47,0.26,0.23,0.15,0.28,jev,2012-10-08; 2020-08-07,15; 33,2012-10-08,2012,2,Open,,foodiepie,,Boston-Burger-Company-Somerville-MA
Guerilla Street Food,"St. Louis, Missouri",MO,USA,True,Drive-In,Drive-In,Drive-In,,0.03,0.65,0.22,0.54,jev,2012-10-08,15,2012-10-08,2012,1,Closed,foodiepie;wikipedia,foodiepie,,Guerrilla-Street-Food-St-Louis-MO
Italian Corner,"East Providence, Rhode Island",RI,USA,True,Other,Other,Pizza & Italian,0.54,0.1,0.06,0.46,1.0,jev,2012-10-15,15,2012-10-15,2012,1,Open,,foodiepie,,Italian-Corner-East-Providence-RI
The Elegant Farmer,"Memphis, Tennessee",TN,USA,True,Other,Diner,New American bistros,1.0,0.42,0.03,0.13,0.82,jev,2012-10-15; 2017-03-10,15; 26,2012-10-15,2012,2,Closed,foodiepie,foodiepie,,Farmer-Memphis-TN
Anthonino's Taverna,"St. Louis, Missouri",MO,USA,True,Other,Dive,Pizza & Italian,0.58,0.05,0.03,0.26,0.99,jev,2012-10-22,15,2012-10-22,2012,1,Open,,foodiepie,,Anthoninos-Taverna-St-Louis-MO
Opal Thai Food,"Haleiwa, Hawaii",HI,USA,True,Other,Other,Global kitchens,1.0,0.03,0.16,0.27,1.0,jev,2012-10-22; 2014-04-18,15; 19,2012-10-22,2012,2,Closed,foodiepie;wikipedia,foodiepie,,Opal-Thai-Honolulu-HI
Three Angels Diner,"Memphis, Tennessee",TN,USA,True,Diner,Diner,Diner,,0.87,0.05,0.44,1.0,name,2012-10-22,15,2012-10-22,2012,1,Closed,wikipedia;web,web,,
Angela's Cafe,"East Boston, Massachusetts",MA,USA,True,Other,Other,Mexican & Latin,1.0,0.08,0.05,0.26,1.0,jev,2012-10-29,15,2012-10-29,2012,1,Open,,foodiepie,,Angelas-Cafe---Eagle-Hill-Boston-MA
Aunt Carrie's,"Narragansett, Rhode Island",RI,USA,True,Drive-In,Drive-In,Drive-In,,0.18,0.52,0.43,0.34,jev,2012-10-29,15,2012-10-29,2012,1,Open,,foodiepie,,Aunt-Carries-Restaurant-Narragansett-RI
The Shaved Duck,"St. Louis, Missouri",MO,USA,True,Other,Other,BBQ & smokehouses,0.71,0.18,0.07,0.33,1.0,jev,2012-10-29,15,2012-10-29,2012,1,Open,,foodiepie,,Shaved-Duck-St-Louis-MO
Dressel's Public House,"St. Louis, Missouri",MO,USA,True,Dive,Dive,Dive,,0.12,0.02,0.52,0.83,jev,2012-11-05,15,2012-11-05,2012,1,Open,,foodiepie,,Dressels-Public-House-St-Louis-MO
Edgewood Cafe,"Cranston, Rhode Island",RI,USA,True,Other,Diner,New American bistros,0.95,0.29,0.02,0.15,0.87,jev,2012-11-05,15,2012-11-05,2012,1,Open,,foodiepie,,Edgewood-Cafe-Cranston-RI
Outer Banks Brewing Station,"Kill Devil Hills, North Carolina",NC,USA,True,Other,Dive,Brewpubs & bars,0.97,0.12,0.05,0.37,0.93,jev,2012-11-05,15,2012-11-05,2012,1,Open,,foodiepie,,Outer-Banks-Brewing-Station-Kill-Devil-Hills-NC
Espino's Mexican Bar and Grill,"Chesterfield, Missouri",MO,USA,True,Other,Dive,Mexican & Latin,1.0,0.06,0.05,0.49,0.81,jev,2012-11-12; 2017-08-14,15; 27,2012-11-12,2012,2,Open,,foodiepie,,Espinos-Mexican-Bar-and-Grill-Chesterfield-MO
Kitty Hoynes,"Syracuse, New York",NY,USA,True,Dive,Dive,Dive,,0.11,0.02,0.61,0.78,jev,2012-11-12,15,2012-11-12,2012,1,Open,,foodiepie,,Kitty-Hoynes-Irish-Pub-and-Restaurant-Syracuse-NY
Yankee Lobster Company,"Boston, Massachusetts",MA,USA,True,Other,Dive,Seafood,1.0,0.13,0.05,0.28,0.94,jev,2012-11-12,15,2012-11-12,2012,1,Open,,foodiepie,,Yankee-Lobster-Boston-MA
Byblos Mediterranean Cafe,"Syracuse, New York",NY,USA,True,Other,Other,Global kitchens,1.0,0.04,0.04,0.2,1.0,jev,2012-12-10,16,2012-12-10,2012,1,Open,,foodiepie,,Byblos-Mediterranean-Cafe-Syracuse-NY
Highway 61 Roadhouse and Kitchen,"Webster Groves, Missouri",MO,USA,True,Other,Dive,"Southern, Cajun & soul",1.0,0.11,0.04,0.33,0.94,jev,2012-12-10,16,2012-12-10,2012,1,Open,,foodiepie,,Highway-61-Roadhouse-and-Kitchen-St-Louis-MO
Brine and Bottle,"Nags Head, North Carolina",NC,USA,True,Other,Dive,Brewpubs & bars,0.96,0.09,0.04,0.15,0.98,jev,2012-12-17,16,2012-12-17,2012,1,Closed,foodiepie;wikipedia,foodiepie,,Brine-and-Bottle-Nags-Head-NC
Pastabilities,"Syracuse, New York",NY,USA,True,Other,Other,Pizza & Italian,1.0,0.06,0.02,0.18,1.0,jev,2012-12-17,16,2012-12-17,2012,1,Open,,foodiepie,,Pastabilities-Syracuse-NY
Cravings,"Duck, North Carolina",NC,USA,True,Dive,Dive,Dive,,0.27,0.52,0.74,0.87,jev,2012-12-24; 2017-07-28,16; 27,2012-12-24,2012,2,Open,,foodiepie,,Coastal-Cravings-Kitty-Hawk-NC
Funk 'n Waffles,"Syracuse, New York",NY,USA,True,Dive,Dive,Dive,,0.41,0.03,0.54,0.47,jev,2012-12-24; 2015-11-19; 2020-05-22,16; 23; 32,2012-12-24,2012,3,Open,,foodiepie,,Funk-n-Waffles-Syracuse-NY
La Isla Restaurant,"Hoboken, New Jersey",NJ,USA,True,Other,Other,Mexican & Latin,1.0,0.11,0.04,0.35,0.99,jev,2012-12-24,16,2012-12-24,2012,1,Open,,foodiepie,,La-Isla-Restaurant-Hoboken-NJ
Ortegaz' Southwestern Grill,"Manteo, North Carolina",NC,USA,True,Other,Other,Mexican & Latin,0.98,0.11,0.04,0.25,1.0,jev,2013-01-07,16,2013-01-07,2013,1,Open,,foodiepie,,Ortegaz-Restaurant-Manteo-NC
The Smoke Joint,"Brooklyn, New York City, New York",NY,USA,True,Other,Dive,BBQ & smokehouses,1.0,0.08,0.07,0.32,0.98,jev,2013-01-07,16,2013-01-07,2013,1,Closed,foodiepie;wikipedia,foodiepie,,Smoke-Joint-Brooklyn-NY
Jimmy's Diner,"Brooklyn, New York City, New York",NY,USA,True,Diner,Diner,Diner,,0.91,0.03,0.34,1.0,name,2013-01-14,16,2013-01-14,2013,1,Closed,foodiepie,foodiepie,,Jimmys-Diner-Brooklyn-NY
The Weeping Radish,"Jarvisburg, North Carolina",NC,USA,True,Other,Dive,Brewpubs & bars,1.0,0.25,0.11,0.56,0.92,jev,2013-01-14,16,2013-01-14,2013,1,Closed,wikipedia,foodiepie,,Weeping-Radish-Farm-Brewery-and-Butchery-Grandy-NC
Darby's Cafe,"Olympia, Washington",WA,USA,True,Diner,Diner,Diner,,0.93,0.05,0.35,1.0,jev,2013-01-21,16,2013-01-21,2013,1,Closed,foodiepie;wikipedia,foodiepie,,Darbys-Cafe-Olympia-WA
Marie's Italian Specialties,"Chatham, New Jersey",NJ,USA,True,Other,Diner,Pizza & Italian,0.75,0.19,0.09,0.27,0.96,jev,2013-01-21,16,2013-01-21,2013,1,Closed,foodiepie;wikipedia,foodiepie,,Maries-Italian-Specialties-Chatham-NJ
Black Pelican Oceanfront Restaurant,"Kitty Hawk, North Carolina",NC,USA,True,Other,Other,Seafood,0.98,0.07,0.02,0.09,1.0,jev,2013-02-11,16,2013-02-11,2013,1,Open,,foodiepie,,Black-Pelican-Kitty-Hawk-NC
Empire Brewing Company,"Syracuse, New York",NY,USA,True,Other,Dive,Brewpubs & bars,1.0,0.06,0.02,0.27,0.99,jev,2013-02-11,16,2013-02-11,2013,1,Closed,wikipedia;web,web,,
Fish Tale Brew Pub,"Olympia, Washington",WA,USA,True,Other,Dive,Brewpubs & bars,1.0,0.16,0.02,0.44,0.62,jev,2013-02-11,16,2013-02-11,2013,1,Closed,foodiepie;wikipedia,foodiepie,,Fish-Tale-BrewPub-Olympia-WA
Crockett's Public House,"Puyallup, Washington",WA,USA,True,Dive,Dive,Dive,,0.25,0.04,0.43,0.6,jev,2013-02-18,16,2013-02-18,2013,1,Open,,foodiepie,,Crocketts-Public-House-Puyallup-WA
Pies 'N' Thighs,"Brooklyn, New York City, New York",NY,USA,True,Other,Diner,"Southern, Cajun & soul",1.0,0.47,0.06,0.2,0.68,jev,2013-02-18; 2021-06-04,16; 34,2013-02-18,2013,2,Open,,foodiepie,,Pies-n-Thighs-Brooklyn-NY
Bruno's European Restaurant,"Tacoma, Washington",WA,USA,True,Other,Other,Global kitchens,1.0,0.09,0.02,0.41,1.0,jev,2013-02-24,16,2013-02-24,2013,1,Open,,foodiepie,,Brunos-European-Restaurant-Lakewood-WA
Eva's European Sweets,"Syracuse, New York",NY,USA,True,Other,Diner,Global kitchens,0.97,0.17,0.05,0.47,0.98,jev,2013-02-24,16,2013-02-24,2013,1,Open,,foodiepie,,Evas-European-Sweets-Syracuse-NY
Hey Meatball,"Toronto, Ontario, Canada",ON,Canada,False,Dive,Dive,Dive,,0.18,0.04,0.43,0.53,jev,2013-02-24,16,2013-02-24,2013,1,Closed,foodiepie;wikipedia,foodiepie,,Hey-Meatball-Toronto-ON
Crown Bar,"Tacoma, Washington",WA,USA,True,Dive,Dive,Dive,,0.05,0.02,0.38,0.6,jev,2013-03-04,16,2013-03-04,2013,1,Open,,foodiepie,,Crown-Bar-Tacoma-WA
The Golden State,"Los Angeles, California",CA,USA,True,Dive,Dive,Dive,,0.32,0.13,0.41,0.37,jev,2013-03-04,16,2013-03-04,2013,1,Closed,foodiepie;wikipedia,foodiepie,,Golden-State-Los-Angeles-CA
Beer Belly,"Los Angeles, California",CA,USA,True,Other,Dive,Brewpubs & bars,1.0,0.08,0.02,0.18,0.79,jev,2013-03-11,16,2013-03-11,2013,1,Closed,foodiepie;wikipedia,foodiepie,,Beer-Belly-Los-Angeles-CA
Lakeview Restaurant,"Toronto, Ontario, Canada",ON,Canada,False,Diner,Diner,Diner,,0.93,0.05,0.46,1.0,jev,2013-03-11,16,2013-03-11,2013,1,Open,,foodiepie,,Lakeview-Toronto-ON
The Ace,"Toronto, Ontario, Canada",ON,Canada,False,Diner,Diner,Diner,,0.91,0.05,0.17,1.0,jev,2013-03-18,16,2013-03-18,2013,1,Open,,foodiepie,,Ace-Toronto-ON
Tortugas' Lie,"Nags Head, North Carolina",NC,USA,True,Dive,Dive,Dive,,0.08,0.07,0.48,0.65,jev,2013-03-18; 2014-04-18,16; 19,2013-03-18,2013,2,Open,,foodiepie,,Tortugas-Lie-Nags-Head-NC
Caplansky's Deli,"Toronto, Ontario, Canada",ON,Canada,False,Other,Diner,Sandwiches & delis,1.0,0.39,0.06,0.36,0.97,jev,2013-03-25; 2014-06-21,16; 19,2013-03-25,2013,2,Closed,foodiepie,foodiepie,,Caplanskys-Delicatessen-Toronto-ON
Chomp Chomp Nation,"Irvine, California",CA,USA,True,Other,Drive-In,Global kitchens,0.9,0.14,0.34,0.24,0.75,jev,2013-03-25; 2017-07-28,16; 27,2013-03-25,2013,2,Closed,foodiepie;wikipedia,foodiepie,,Chomp-Chomp-Nation-Anaheim-CA
Dirty Oscar's Annex,"Tacoma, Washington",WA,USA,True,Dive,Dive,Dive,,0.26,0.03,0.47,0.77,jev,2013-04-22,17,2013-04-22,2013,1,Open,,foodiepie,,Dirty-Oscars-Annex-Tacoma-WA
Highland Tavern,"Denver, Colorado",CO,USA,True,Dive,Dive,Dive,,0.23,0.03,0.63,0.99,jev,2013-04-22; 2015-10-23,17; 23,2013-04-22,2013,2,Open,,foodiepie,,Highland-Tavern-Denver-CO
Chili John's,"Burbank, California",CA,USA,True,Diner,Diner,Diner,,0.83,0.16,0.68,1.0,jev,2013-04-29,17,2013-04-29,2013,1,Open,,foodiepie,,Chili-Johns-Burbank-CA
Sidecar Bar and Grille,"Philadelphia, Pennsylvania",PA,USA,True,Other,Dive,Brewpubs & bars,1.0,0.17,0.02,0.2,0.49,jev,2013-04-29,17,2013-04-29,2013,1,Open,,foodiepie,,Sidecar-Bar-and-Grille-Philadelphia-PA
Stockyards Smokehouse and Larder,"Toronto, Ontario, Canada",ON,Canada,False,Other,Diner,BBQ & smokehouses,0.98,0.59,0.07,0.26,0.51,jev,2013-04-29,17,2013-04-29,2013,1,Closed,foodiepie,foodiepie,,Stockyards-Toronto-ON
Atomic Cowboy,"Denver, Colorado",CO,USA,True,Dive,Dive,Dive,,0.25,0.06,0.6,0.35,jev,2013-05-06,17,2013-05-06,2013,1,Open,,foodiepie,,Atomic-Cowboy-Denver-CO
Perk Eatery,"Scottsdale, Arizona",AZ,USA,True,Diner,Diner,Diner,,0.88,0.05,0.29,1.0,jev,2013-05-06,17,2013-05-06,2013,1,Open,,foodiepie,,Perk-Eatery-Scottsdale-AZ
South Philadelphia Tap Room,"Philadelphia, Pennsylvania",PA,USA,True,Other,Dive,Brewpubs & bars,1.0,0.14,0.03,0.39,0.55,jev,2013-05-13,17,2013-05-13,2013,1,Open,,foodiepie,,South-Philadelphia-Taproom-Philadelphia-PA
St. Francis,"Phoenix, Arizona",AZ,USA,True,Other,Diner,New American bistros,0.99,0.19,0.03,0.1,0.97,jev,2013-05-13,17,2013-05-13,2013,1,Closed,foodiepie,foodiepie,,St-Francis-Restaurant-Phoenix-AZ
Barrio Cafe,"Phoenix, Arizona",AZ,USA,True,Other,Other,Mexican & Latin,1.0,0.05,0.02,0.13,1.0,jev,2013-05-20; 2020-09-11,17; 33,2013-05-20,2013,2,Open,,foodiepie,,Barrio-Cafe-Phoenix-AZ
Rosedale Diner,"Toronto, Ontario, Canada",ON,Canada,False,Diner,Diner,Diner,,0.83,0.04,0.42,1.0,name,2013-05-20,17,2013-05-20,2013,1,Open,,foodiepie,,Rosedale-Diner-Toronto-ON
Bludso's Bar & Que,"Los Angeles, California",CA,USA,True,Other,Dive,BBQ & smokehouses,1.0,0.13,0.09,0.52,0.94,jev,2013-05-27; 2021-06-11,17; 34,2013-05-27,2013,2,Open,,foodiepie,,Bludsos-BBQ-Los-Angeles-CA
Hops & Pie,"Denver, Colorado",CO,USA,True,Other,Dive,Brewpubs & bars,0.53,0.13,0.05,0.38,0.95,jev,2013-05-27,17,2013-05-27,2013,1,Open,,foodiepie,,Hops-and-Pie-Denver-CO
Percy Street Barbecue,"Philadelphia, Pennsylvania",PA,USA,True,Other,Other,BBQ & smokehouses,1.0,0.1,0.17,0.35,1.0,jev,2013-05-27,17,2013-05-27,2013,1,Closed,foodiepie,foodiepie,,Percy-Street-Barbecue-Philadelphia-PA
Curry Corner,"Tempe, Arizona",AZ,USA,True,Other,Other,Global kitchens,1.0,0.03,0.07,0.33,1.0,jev,2013-06-17; 2017-07-28,17; 27,2013-06-17,2013,2,Open,,foodiepie,,Curry-Corner-Tempe-AZ
Prohibition,"Denver, Colorado",CO,USA,True,Other,Dive,Brewpubs & bars,0.94,0.09,0.02,0.08,0.98,jev,2013-06-17,17,2013-06-17,2013,1,Closed,foodiepie,foodiepie,,Prohibition-Denver-CO
Standard Tap,"Philadelphia, Pennsylvania",PA,USA,True,Other,Dive,Brewpubs & bars,1.0,0.16,0.02,0.35,0.36,jev,2013-06-17,17,2013-06-17,2013,1,Open,,foodiepie,,Standard-Tap-Philadelphia-PA
CoraFaye's Café,"Denver, Colorado",CO,USA,True,Other,Diner,"Southern, Cajun & soul",1.0,0.34,0.06,0.54,0.6,jev,2013-06-24,17,2013-06-24,2013,1,Open,,foodiepie,,Cora-Fayes-Cafe-Aurora-CO
"DeFalco's Italian Eatery, Grocery & Deli","Scottsdale, Arizona",AZ,USA,True,Other,Other,Sandwiches & delis,0.88,0.15,0.08,0.38,1.0,jev,2013-06-24; 2017-03-10,17; 26,2013-06-24,2013,2,Open,,foodiepie,,Defalcos-Italian-Grocery-Scottsdale-AZ
Jamaican Jerk Hut,"Philadelphia, Pennsylvania",PA,USA,True,Other,Other,Mexican & Latin,0.99,0.04,0.18,0.26,1.0,jev,2013-06-24,17,2013-06-24,2013,1,Open,,foodiepie,,Jamaican-Jerk-Hut-Philadelphia-PA
Geechee Girl Rice Cafe,"Philadelphia, Pennsylvania",PA,USA,True,Other,Diner,"Southern, Cajun & soul",1.0,0.18,0.05,0.15,0.99,jev,2013-07-01,17,2013-07-01,2013,1,Closed,foodiepie,foodiepie,,Geechee-Girl-Rice-Cafe-Philadelphia-PA
Haggo's Organic Taco,"Leucadia, California",CA,USA,True,Dive,Dive,Dive,,0.05,0.4,0.42,0.74,jev,2013-07-01,17,2013-07-01,2013,1,Open,,foodiepie,,Haggos-Organic-Taco-Leucadia-CA
The Duce,"Phoenix, Arizona",AZ,USA,True,Other,Dive,New American bistros,0.9,0.22,0.05,0.31,0.62,jev,2013-07-01,17,2013-07-01,2013,1,Open,,foodiepie,,Duce-Phoenix-AZ
Eastside Market Italian Deli,"Los Angeles, California",CA,USA,True,Other,Other,Sandwiches & delis,1.0,0.19,0.07,0.48,1.0,jev,2013-07-08,17,2013-07-08,2013,1,Open,,foodiepie,,Eastside-Market-Italian-Deli-Los-Angeles-CA
The Park's Finest BBQ,"Los Angeles, California",CA,USA,True,Other,Other,BBQ & smokehouses,1.0,0.1,0.07,0.2,1.0,jev,2013-07-08,17,2013-07-08,2013,1,Open,,foodiepie,,Parks-Finest-Los-Angeles-CA
OB Noodle House,"Ocean Beach, San Diego, California",CA,USA,True,Other,Dive,Global kitchens,0.73,0.06,0.04,0.47,0.58,jev,2013-08-05,17,2013-08-05,2013,1,Open,,foodiepie,,OB-Noodle-House-San-Diego-CA
Nopalito,"San Francisco, California",CA,USA,True,Other,Other,Mexican & Latin,1.0,0.04,0.05,0.15,1.0,jev,2013-08-12,17,2013-08-12,2013,1,Open,,foodiepie,,Nopalito-San-Francisco-CA
Shirley's Tippy Canoe,"Troutdale, Oregon",OR,USA,True,Diner,Diner,Diner,,0.77,0.06,0.44,0.86,jev,2013-08-12,17,2013-08-12,2013,1,Closed,foodiepie,foodiepie,,Shirleys-Tippy-Canoe-Troutdale-OR
Spirito's Italian Diner,"Carlsbad, California",CA,USA,True,Diner,Diner,Diner,,0.44,0.04,0.34,0.4,name,2013-08-12,17,2013-08-12,2013,1,Open,,foodiepie,,Spiritos-Italian-Diner-Carlsbad-CA
Edelweiss Sausage & Delicatessen,"Portland, Oregon",OR,USA,True,Other,Other,Sandwiches & delis,0.72,0.12,0.06,0.26,1.0,jev,2013-08-19,17,2013-08-19,2013,1,Open,,foodiepie,,Edelweiss-Sausage-and-Delicatessen-Portland-OR
Pica Pica,"San Francisco, California",CA,USA,True,Other,Other,Mexican & Latin,1.0,0.05,0.08,0.19,1.0,jev,2013-08-19,17,2013-08-19,2013,1,Open,,foodiepie,,Pica-Pica-Arepa-Kitchen-San-Francisco-CA
Crest Café,"San Diego, California",CA,USA,True,Diner,Diner,Diner,,0.93,0.07,0.38,1.0,jev,2013-08-26,18,2013-08-26,2013,1,Open,,foodiepie,,Crest-Cafe-San-Diego-CA
Industrial Cafe and Saloon,"Portland, Oregon",OR,USA,True,Diner,Diner,Diner,,0.84,0.05,0.77,0.88,jev,2013-08-26,18,2013-08-26,2013,1,Closed,foodiepie,foodiepie,,Industrial-Cafe-and-Saloon-Portland-OR
Show Dogs,"San Francisco, California",CA,USA,True,Other,Diner,Sandwiches & delis,0.58,0.47,0.05,0.13,0.4,jev,2013-08-26,18,2013-08-26,2013,1,Closed,foodiepie,foodiepie,,Show-Dogs-San-Francisco-CA
The Country Cat,"Portland, Oregon",OR,USA,True,Other,Diner,New American bistros,0.88,0.37,0.03,0.19,0.71,jev,2013-09-02,18,2013-09-02,2013,1,Closed,foodiepie,foodiepie,,Country-Cat-Dinnerhouse-and-Bar-Portland-OR
The Refuge,"San Carlos, California",CA,USA,True,Other,Dive,Brewpubs & bars,1.0,0.13,0.03,0.08,0.99,jev,2013-09-02,18,2013-09-02,2013,1,Open,,foodiepie,,Refuge-San-Carlos-CA
KoJa Kitchen,"San Francisco, California",CA,USA,True,Other,Drive-In,Global kitchens,0.99,0.05,0.12,0.27,0.99,jev,2013-09-09; 2015-02-22,18; 22,2013-09-09,2013,2,Open,,foodiepie,,KoJa-Kitchen-Berkeley-CA
Miller's East Coast Deli,"San Francisco, California",CA,USA,True,Other,Diner,Sandwiches & delis,1.0,0.55,0.05,0.34,0.92,jev,2013-09-09; 2015-12-11,18; 23,2013-09-09,2013,2,Closed,foodiepie,foodiepie,,Millers-East-Coast-Deli-San-Francisco-CA
The Front Porch,"San Francisco, California",CA,USA,True,Other,Diner,"Southern, Cajun & soul",1.0,0.19,0.03,0.19,0.98,jev,2013-09-09,18,2013-09-09,2013,1,Open,,foodiepie,,Front-Porch-San-Francisco-CA
A Taste of Home Cooking,"Wheat Ridge, Colorado",CO,USA,True,Other,Diner,Pizza & Italian,0.43,0.31,0.15,0.38,0.58,jev,2013-09-16,18,2013-09-16,2013,1,Closed,foodiepie,foodiepie,,A-Taste-of-Home-Cooking-Wheat-Ridge-CO
PDX671,"Portland, Oregon",OR,USA,True,Drive-In,Drive-In,Drive-In,,0.03,0.91,0.54,0.94,jev,2013-09-16,18,2013-09-16,2013,1,Closed,web,web,,
Senor Sisig Food Truck,"San Francisco, California",CA,USA,True,Drive-In,Drive-In,Drive-In,,0.03,0.95,0.38,0.98,jev,2013-09-16,18,2013-09-16,2013,1,Open,,foodiepie,,Senor-Sisig-San-Francisco-CA
Casa Chimayo Restaurant,"Santa Fe, New Mexico",NM,USA,True,Other,Dive,Mexican & Latin,1.0,0.07,0.04,0.37,0.98,jev,2013-10-21,18,2013-10-21,2013,1,Open,,foodiepie,,Casa-Chimayo-Restaurant-Santa-Fe-NM
Frank's Noodle House,"Portland, Oregon",OR,USA,True,Other,Other,Global kitchens,1.0,0.04,0.04,0.32,1.0,jev,2013-10-21; 2016-02-03,18; 24,2013-10-21,2013,2,Open,,foodiepie,,Franks-Noodle-House-Portland-OR
Torinos,"Albuquerque, New Mexico",NM,USA,True,Other,Other,Pizza & Italian,1.0,0.02,0.01,0.12,1.0,jev,2013-10-21,18,2013-10-21,2013,1,Closed,foodiepie,foodiepie,,Torinos-at-Home-Albuquerque-NM
Bocadillos,"Albuquerque, New Mexico",NM,USA,True,Diner,Diner,Diner,,0.47,0.09,0.54,0.38,jev,2013-10-28,18,2013-10-28,2013,1,Closed,foodiepie,foodiepie,,Bocadillos-Slow-Roasted-Albuquerque-NM
Jambo Cafe,"Santa Fe, New Mexico",NM,USA,True,Other,Other,Global kitchens,0.99,0.05,0.05,0.17,1.0,jev,2013-10-28,18,2013-10-28,2013,1,Open,,foodiepie,,Jambo-Cafe-Santa-Fe-NM
Back Street Bistro,"Santa Fe, New Mexico",NM,USA,True,Other,Diner,New American bistros,0.98,0.26,0.02,0.19,0.97,jev,2013-11-18,18,2013-11-18,2013,1,Closed,foodiepie,foodiepie,,Back-Street-Bistro-Santa-Fe-NM
Danny Edward's BBQ,"Kansas City, Missouri",MO,USA,True,Other,Drive-In,BBQ & smokehouses,1.0,0.13,0.27,0.46,0.99,jev,2013-11-18,18,2013-11-18,2013,1,Open,,foodiepie,,Danny-Edwards-Famous-Kansas-City-BBQ-Kansas-City-MO
Golden Crown Restaurant,"Albuquerque, New Mexico",NM,USA,True,Other,Other,"Bakeries, cafes & desserts",1.0,0.12,0.07,0.28,1.0,jev,2013-11-18; 2015-11-19,18; 23,2013-11-18,2013,2,Open,,foodiepie,,Golden-Crown-Panaderia-Albuquerque-NM
BB's Lawnside BBQ,"Kansas City, Missouri",MO,USA,True,Other,Dive,BBQ & smokehouses,1.0,0.11,0.11,0.64,0.7,jev,2013-11-25,18,2013-11-25,2013,1,Open,,foodiepie,,BBs-Lawnside-BBQ-Kansas-City-MO
Nexus Brewery,"Albuquerque, New Mexico",NM,USA,True,Other,Dive,Brewpubs & bars,0.56,0.17,0.06,0.4,0.97,jev,2013-11-25,18,2013-11-25,2013,1,Open,,foodiepie,,Nexus-Brewery-Albuquerque-NM
Tin Shed Garden Cafe,"Portland, Oregon",OR,USA,True,Diner,Diner,Diner,,0.5,0.05,0.21,0.57,jev,2013-11-25,18,2013-11-25,2013,1,Open,,foodiepie,,Tin-Shed-Portland-OR
Cupini's,"Kansas City, Missouri",MO,USA,True,Other,Other,Pizza & Italian,1.0,0.05,0.03,0.13,1.0,jev,2013-12-02,18,2013-12-02,2013,1,Open,,foodiepie,,Cupinis-Kansas-City-MO
Succotash,"Kansas City, Missouri",MO,USA,True,Diner,Diner,Diner,,0.77,0.04,0.31,0.99,jev,2013-12-02,18,2013-12-02,2013,1,Open,,foodiepie,,Succotash-Kansas-City-MO
The Cube,"Albuquerque, New Mexico",NM,USA,True,Other,Other,BBQ & smokehouses,1.0,0.2,0.2,0.37,0.97,jev,2013-12-02,18,2013-12-02,2013,1,Closed,foodiepie,foodiepie,,Cube-Albuquerque-NM
Asi y Asado,"Cabo San Lucas, Mexico",,Mexico,False,Dive,Dive,Dive,,0.04,0.84,0.86,0.82,jev,2013-12-09,18,2013-12-09,2013,1,Open,,web,,
Solomon's Landing,"Cabo San Lucas, Mexico",,Mexico,False,Other,Other,Breakfast & brunch,0.92,0.11,0.01,0.07,1.0,jev,2013-12-09,18,2013-12-09,2013,1,Open,,web,,
Tiki Bar,"Cabo San Lucas, Mexico",,Mexico,False,Other,Dive,Brewpubs & bars,0.83,0.03,0.05,0.28,0.62,jev,2013-12-09; 2017-07-28,18; 27,2013-12-09,2013,2,Open,,web,,
Center Point Pit Barbecue,"Hendersonville, Tennessee",TN,USA,True,Other,Other,BBQ & smokehouses,1.0,0.14,0.09,0.36,1.0,jev,2013-12-16; 2015-12-11,18; 23,2013-12-16,2013,2,Open,,foodiepie,,Center-Point-Barbecue-Hendersonville-TN
Mas Tacos,"Nashville, Tennessee",TN,USA,True,Dive,Dive,Dive,,0.04,0.42,0.51,0.35,jev,2013-12-16; 2015-12-11,18; 23,2013-12-16,2013,2,Open,,foodiepie,,Mas-Tacos-Nashville-TN
Blue Koi,"Kansas City, Missouri",MO,USA,True,Other,Other,Global kitchens,1.0,0.03,0.04,0.22,1.0,jev,2013-12-23; 2017-09-29,18; 27,2013-12-23,2013,2,Closed,foodiepie,foodiepie,,Blue-Koi-Kansas-City-MO
Caffe Nonna,"Nashville, Tennessee",TN,USA,True,Other,Other,Pizza & Italian,0.99,0.07,0.03,0.12,1.0,jev,2013-12-23,18,2013-12-23,2013,1,Open,,foodiepie,,Caffe-Nonna-Nashville-TN
The Grilled Cheeserie,"Nashville, Tennessee",TN,USA,True,Other,Drive-In,Sandwiches & delis,1.0,0.22,0.39,0.18,0.37,jev,2013-12-23; 2015-02-22; 2020-08-28,18; 22; 33,2013-12-23,2013,3,Open,,foodiepie,,Grilled-Cheeserie-Nashville-TN
55 South,"Franklin, Tennessee",TN,USA,True,Other,Dive,"Southern, Cajun & soul",1.0,0.22,0.05,0.39,0.43,jev,2013-12-30,18,2013-12-30,2013,1,Open,,foodiepie,,55-South-Franklin-TN
Phat Bites,"Nashville, Tennessee",TN,USA,True,Other,Dive,New American bistros,0.54,0.26,0.06,0.45,0.28,jev,2013-12-30,18,2013-12-30,2013,1,Open,,foodiepie,,Phat-Bites-Nashville-TN
Pot Pie,"Kansas City, Missouri",MO,USA,True,Diner,Diner,Diner,,0.37,0.05,0.32,0.62,jev,2013-12-30; 2014-04-18,18; 19,2013-12-30,2013,2,Open,,foodiepie,,Potpie-Kansas-City-MO
Clendenen's Cider Works,"Fortuna, California",CA,USA,True,Other,Drive-In,Butchers & markets,0.83,0.06,0.28,0.22,0.97,jev,2014-02-07,19,2014-02-07,2014,1,Open,,foodiepie,,Clendenens-Cider-Works-Fortuna-CA
Ferndale Meat Co.,"Ferndale, California",CA,USA,True,Other,Other,Butchers & markets,1.0,0.05,0.16,0.41,0.99,jev,2014-02-07,19,2014-02-07,2014,1,Open,,foodiepie,,Ferndale-Meat-Ferndale-CA
Humboldt Sweets,"Ferndale, California",CA,USA,True,Other,Other,"Bakeries, cafes & desserts",1.0,0.14,0.06,0.13,0.99,jev,2014-02-07,19,2014-02-07,2014,1,Closed,foodiepie;wikipedia,foodiepie,,Humboldt-Sweets-Ferndale-CA
Ivanhoe,"Ferndale, California",CA,USA,True,Other,Other,Pizza & Italian,0.71,0.11,0.02,0.15,0.99,jev,2014-02-07,19,2014-02-07,2014,1,Closed,wikipedia,foodiepie,,Hotel-Ivanhoe-Ferndale-CA
Loleta Cheese Shop,"Loleta, California",CA,USA,True,Other,Other,Butchers & markets,1.0,0.02,0.07,0.12,1.0,jev,2014-02-07,19,2014-02-07,2014,1,Closed,foodiepie;wikipedia,foodiepie,,Loleta-Cheese-Factory-Loleta-CA
Pretzel Cart,"Ferndale, California",CA,USA,True,Drive-In,Drive-In,Drive-In,,0.02,0.81,0.21,0.94,jev,2014-02-07,19,2014-02-07,2014,1,Open,,web,,
Black Tree,"Manhattan, New York City, New York",NY,USA,True,Other,Diner,Sandwiches & delis,0.47,0.15,0.02,0.08,0.97,jev,2014-02-14; 2015-11-27,19; 23,2014-02-14,2014,2,Closed,foodiepie,foodiepie,,Black-Tree-New-York-NY
Paul's Live From New York,"Eureka, California",CA,USA,True,Other,Other,Pizza & Italian,1.0,0.13,0.09,0.32,1.0,jev,2014-02-14; 2015-11-27,19; 23,2014-02-14,2014,2,Open,,foodiepie,,Live-From-New-York-Eureka-CA
Queen's Comfort,"Queens, New York City, New York",NY,USA,True,Diner,Diner,Diner,,0.65,0.05,0.36,0.92,jev,2014-02-14; 2015-10-23,19; 23,2014-02-14,2014,2,Closed,foodiepie,foodiepie,,Queens-Comfort-Astoria-NY
Brick & Fire,"Eureka, California",CA,USA,True,Other,Other,Pizza & Italian,0.97,0.04,0.03,0.13,1.0,jev,2014-02-21; 2015-11-27,19; 23,2014-02-21,2014,2,Open,,foodiepie,,Brick-and-Fire-Bistro-Eureka-CA
Brindle Room,"Manhattan, New York City, New York",NY,USA,True,Other,Diner,New American bistros,0.94,0.34,0.03,0.21,0.71,jev,2014-02-21; 2015-11-27,19; 23,2014-02-21,2014,2,Closed,foodiepie,foodiepie,,Brindle-Room-New-York-NY
Bun-Ker Vietnamese,"Queens, New York City, New York",NY,USA,True,Other,Dive,Global kitchens,1.0,0.04,0.04,0.49,0.73,jev,2014-02-21,19,2014-02-21,2014,1,Open,,web,,
Bless My Soul,"Eureka, California",CA,USA,True,Other,Other,"Southern, Cajun & soul",1.0,0.12,0.06,0.25,1.0,jev,2014-02-28; 2015-11-27,19; 23,2014-02-28,2014,2,Closed,foodiepie,foodiepie,,Bless-My-Soul-Cafe-Eureka-CA
Don Antonio By Starita,"Manhattan, New York City, New York",NY,USA,True,Other,Other,Pizza & Italian,1.0,0.03,0.03,0.09,1.0,jev,2014-02-28; 2015-09-23; 2020-05-15,19; 23; 32,2014-02-28,2014,3,Open,,foodiepie,,Don-Antonio-New-York-NY
Sakaya Kitchen,"Miami, Florida",FL,USA,True,Other,Other,Global kitchens,0.99,0.1,0.1,0.22,1.0,jev,2014-02-28; 2015-11-27; 2016-01-03,19; 23; 24,2014-02-28,2014,3,Closed,foodiepie,foodiepie,,Sakaya-Kitchen-Miami-FL
Café Nooner,"Eureka, California",CA,USA,True,Other,Diner,New American bistros,0.4,0.33,0.08,0.31,0.81,jev,2014-03-07; 2015-11-27,19; 23,2014-03-07,2014,2,Closed,foodiepie,foodiepie,,Cafe-Nooner-Eureka-CA
Duck's Eatery,"Manhattan, New York City, New York",NY,USA,True,Other,Other,New American bistros,0.41,0.1,0.02,0.17,1.0,jev,2014-03-07,19,2014-03-07,2014,1,Closed,foodiepie,foodiepie,,Ducks-Eatery-New-York-NY
Whisk Gourmet,"Miami, Florida",FL,USA,True,Other,Other,"Southern, Cajun & soul",0.86,0.16,0.03,0.11,1.0,jev,2014-03-07,19,2014-03-07,2014,1,Open,,foodiepie,,WHISK-Gourmet-Food-and-Catering-Miami-FL
Badboy Burrito,"Key West, Florida",FL,USA,True,Other,Dive,Mexican & Latin,1.0,0.05,0.12,0.36,0.72,jev,2014-03-14,19,2014-03-14,2014,1,Closed,foodiepie,foodiepie,,Bad-Boy-Burrito-Key-West-FL
Dj's Clam Shack,"Key West, Florida",FL,USA,True,Dive,Dive,Dive,,0.21,0.18,0.33,0.3,jev,2014-03-14; 2015-11-27,19; 23,2014-03-14,2014,2,Open,,foodiepie,,DJs-Clam-Shack-Key-West-FL
Garbo's Grill,"Key West, Florida",FL,USA,True,Drive-In,Drive-In,Drive-In,,0.1,0.94,0.6,1.0,jev,2014-03-14; 2015-02-22,19; 22,2014-03-14,2014,2,Open,,foodiepie,,Garbos-Grill-Key-West-FL
Latin House Grill,"Miami, Florida",FL,USA,True,Other,Drive-In,Mexican & Latin,1.0,0.14,0.2,0.25,0.98,jev,2014-04-25,19,2014-04-25,2014,1,Open,,foodiepie,,Latin-House-Grill-Miami-FL
Maxwell's East Coast Eatery,"Salt Lake City, Utah",UT,USA,True,Other,Dive,Pizza & Italian,1.0,0.12,0.03,0.42,0.84,jev,2014-04-25,19,2014-04-25,2014,1,Closed,foodiepie,foodiepie,,Maxwells-East-Coast-Eatery-Salt-Lake-City-UT
Tin Roof Grill,"Sandy, Utah",UT,USA,True,Other,Other,New American bistros,1.0,0.14,0.02,0.09,1.0,jev,2014-04-25,19,2014-04-25,2014,1,Open,,foodiepie,,Tin-Roof-Grill-Sandy-UT
Blue Collar,"Miami, Florida",FL,USA,True,Other,Diner,New American bistros,0.52,0.35,0.06,0.36,0.36,jev,2014-05-09; 2017-03-10,19; 26,2014-05-09,2014,2,Open,,foodiepie,,Blue-Collar-Miami-FL
Sammy's Bistro,"Park City, Utah",UT,USA,True,Other,Diner,New American bistros,0.99,0.33,0.04,0.16,0.96,jev,2014-05-09; 2017-03-10,19; 26,2014-05-09,2014,2,Open,,foodiepie,,Sammys-Bistro-Park-City-UT
The Silver Star Café,"Park City, Utah",UT,USA,True,Other,Diner,New American bistros,0.92,0.3,0.02,0.14,0.87,jev,2014-05-09,19,2014-05-09,2014,1,Open,,foodiepie,,Silver-Star-Cafe-Park-City-UT
Aristo's,"Salt Lake City, Utah",UT,USA,True,Other,Other,Global kitchens,1.0,0.03,0.03,0.08,1.0,jev,2014-05-16; 2016-01-03,19; 24,2014-05-16,2014,2,Closed,foodiepie;wikipedia,foodiepie,,Aristos-Greek-Cuisine-Salt-Lake-City-UT
Boot's and Kimo's Homestyle Kitchen,"Kailua, Hawaii",HI,USA,True,Other,Diner,Global kitchens,0.88,0.38,0.07,0.45,0.54,jev,2014-05-16,19,2014-05-16,2014,1,Open,,foodiepie,,Boots-and-Kimos-Homestyle-Kitchen-Kailua-HI
Oh Mai,"Holladay, Utah",UT,USA,True,Other,Dive,Sandwiches & delis,0.78,0.09,0.2,0.41,0.96,jev,2014-05-16; 2017-09-29,19; 27,2014-05-16,2014,2,Open,,web,,
Dean's Drive Inn,"Kaneohe, Hawaii",HI,USA,True,Drive-In,Drive-In,Drive-In,,0.34,0.8,0.44,0.95,jev,2014-05-23,19,2014-05-23,2014,1,Closed,foodiepie,foodiepie,,Deans-Drive-Inn-Kaneohe-HI
Elena's Restaurant,"Waipahu, Hawaii",HI,USA,True,Other,Drive-In,Global kitchens,1.0,0.09,0.24,0.4,0.96,jev,2014-05-23,19,2014-05-23,2014,1,Open,,foodiepie,,Elenas-Home-of-Finest-Filipino-Foods-Waipahu-HI
Uahi Island Grill,"Kailua, Hawaii",HI,USA,True,Other,Other,Global kitchens,1.0,0.03,0.04,0.1,1.0,jev,2014-05-23,19,2014-05-23,2014,1,Open,,foodiepie,,Uahi-Island-Grill-Kailua-HI
Mike's Huli Huli Chicken,"Kaneohe, Hawaii",HI,USA,True,Drive-In,Drive-In,Drive-In,,0.07,0.9,0.64,0.98,jev,2014-05-30,19,2014-05-30,2014,1,Open,,foodiepie,,Mikes-Huli-Chicken-Kaneohe-HI
Tamarindo Truck,"Orange County, California",CA,USA,True,Drive-In,Drive-In,Drive-In,,0.03,0.95,0.47,0.97,jev,2014-05-30; 2015-02-22,19; 22,2014-05-30,2014,2,Closed,foodiepie,foodiepie,,Tamarindo-Truck-Orange-County-CA
The Federal,"Miami, Florida",FL,USA,True,Other,Other,Brewpubs & bars,0.46,0.1,0.01,0.09,1.0,jev,2014-05-30,19,2014-05-30,2014,1,Open,,web,,
Fat Sal's Deli,"Los Angeles, California",CA,USA,True,Other,Diner,Sandwiches & delis,1.0,0.34,0.11,0.33,0.94,jev,2014-06-06,19,2014-06-06,2014,1,Open,,foodiepie,,Fat-Sals-Los-Angeles-CA
Loulou's Griddle In The Middle,"Monterey, California",CA,USA,True,Diner,Diner,Diner,,0.56,0.13,0.37,0.7,jev,2014-06-06,19,2014-06-06,2014,1,Open,,foodiepie,,Loulous-Monterey-CA
The Alley Restaurant At Aiea Bowl,"Aiea, Hawaii",HI,USA,True,Other,Dive,Global kitchens,0.73,0.32,0.05,0.59,0.33,jev,2014-06-06; 2016-02-03; 2020-09-25,19; 24; 33,2014-06-06,2014,3,Open,,foodiepie,,Alley-Restaurant-Aiea-HI
Cafe Polonia,"Boston, Massachusetts",MA,USA,True,Other,Other,Global kitchens,1.0,0.09,0.02,0.16,1.0,jev,2014-09-05,21,2014-09-05,2014,1,Open,,foodiepie,,Cafe-Polonia-Boston-MA
Deep Ellum,"Allston, Massachusetts",MA,USA,True,Other,Dive,Brewpubs & bars,0.86,0.23,0.02,0.36,0.45,jev,2014-09-05,21,2014-09-05,2014,1,Closed,foodiepie,foodiepie,,Deep-Ellum-Allston-MA
Lone Star Taco Bar,"Allston, Massachusetts",MA,USA,True,Other,Dive,Mexican & Latin,0.98,0.05,0.05,0.35,0.35,jev,2014-09-05,21,2014-09-05,2014,1,Open,,foodiepie,,Lone-Star-Taco-Bar-Allston-MA
Monterey Fish House,"Monterey, California",CA,USA,True,Other,Dive,Seafood,1.0,0.05,0.05,0.26,0.99,jev,2014-09-05,20,2014-09-05,2014,1,Open,,foodiepie,,Monterey-Fish-Company-Monterey-CA
Rutt's Hawaiian Cafe,"Los Angeles, California",CA,USA,True,Other,Diner,Global kitchens,1.0,0.37,0.1,0.5,0.79,jev,2014-09-05,20,2014-09-05,2014,1,Open,,foodiepie,,Rutts-Hawaiian-Cafe-Los-Angeles-CA
Sabroso Mexican Grill,"Garden Grove, California",CA,USA,True,Other,Dive,Mexican & Latin,1.0,0.04,0.13,0.42,0.99,jev,2014-09-05,20,2014-09-05,2014,1,Open,,foodiepie,,Sabroso-Mexican-Grill-Garden-Grove-CA
Blunch,"Boston, Massachusetts",MA,USA,True,Other,Diner,Sandwiches & delis,0.77,0.31,0.04,0.31,0.64,jev,2014-09-12,20,2014-09-12,2014,1,Open,,foodiepie,,Blunch-Boston-MA
Cafe Genevieve,"Jackson, Wyoming",WY,USA,True,Diner,Diner,Diner,,0.77,0.04,0.18,0.95,jev,2014-09-12; 2015-11-27,21; 23,2014-09-12,2014,2,Open,,foodiepie,,Cafe-Genevieve-Jackson-WY
Melt Eclectic Cafe,"Cincinnati, Ohio",OH,USA,True,Diner,Diner,Diner,,0.54,0.06,0.18,0.45,jev,2014-09-12,21,2014-09-12,2014,1,Open,,foodiepie,,Melt-Eclectic-Cafe-Cincinnati-OH
Rosine's Restaurant,"Monterey, California",CA,USA,True,Other,Diner,Pizza & Italian,1.0,0.2,0.03,0.26,0.98,jev,2014-09-12,20,2014-09-12,2014,1,Open,,foodiepie,,Rosines-Restaurant-Monterey-CA
Saus,"Boston, Massachusetts",MA,USA,True,Other,Dive,Sandwiches & delis,0.97,0.31,0.2,0.4,0.38,jev,2014-09-12,21,2014-09-12,2014,1,Open,,foodiepie,,Saus-Boston-MA
Sidewinder's American Grill,"Jackson, Wyoming",WY,USA,True,Other,Dive,Brewpubs & bars,0.99,0.17,0.01,0.3,0.61,jev,2014-09-12,20,2014-09-12,2014,1,Open,,web,,
Cannery Row Brewing Company,"Monterey, California",CA,USA,True,Other,Dive,Brewpubs & bars,1.0,0.16,0.02,0.22,0.97,jev,2014-09-19,20,2014-09-19,2014,1,Closed,foodiepie,foodiepie,,Cannery-Row-Brewing-Company-Monterey-CA
From Scratch Restaurant,"Carmel, California",CA,USA,True,Diner,Diner,Diner,,0.86,0.06,0.28,1.0,jev,2014-09-19,21,2014-09-19,2014,1,Open,,foodiepie,,From-Scratch-Restaurant-Carmel-CA
Pinky G's Pizzeria,"Jackson, Wyoming",WY,USA,True,Other,Other,Pizza & Italian,1.0,0.07,0.1,0.29,1.0,jev,2014-09-19; 2021-03-05,20; 33,2014-09-19,2014,2,Open,,foodiepie,,Pinky-Gs-Pizzeria-Jackson-WY
Shorty's Pizza and Smoked Meat,"Superior, Wisconsin",WI,USA,True,Other,Dive,Pizza & Italian,0.72,0.23,0.15,0.62,0.41,jev,2014-09-19,21,2014-09-19,2014,1,Closed,foodiepie,foodiepie,,Shortys-Pizza-and-Smoked-Meat-Superior-WI
The Starling Diner,"Long Beach, California",CA,USA,True,Diner,Diner,Diner,,0.84,0.05,0.22,1.0,name,2014-09-19; 2016-02-03,20; 24,2014-09-19,2014,2,Open,,foodiepie,,Starling-Diner-Long-Beach-CA
Trina's Starlite Lounge,"Somerville, Massachusetts",MA,USA,True,Dive,Dive,Dive,,0.34,0.04,0.72,0.99,jev,2014-09-19; 2016-02-03; 2020-09-25,21; 24; 33,2014-09-19,2014,3,Open,,foodiepie,,Trinas-Starlite-Lounge-Somerville-MA
Casa Razdora,"Boston, Massachusetts",MA,USA,True,Other,Other,Pizza & Italian,1.0,0.05,0.06,0.24,1.0,jev,2014-09-26,21,2014-09-26,2014,1,Open,,foodiepie,,Casa-Razdora-Boston-MA
Factory Gastrobar,"Long Beach, California",CA,USA,True,Other,Dive,Brewpubs & bars,0.9,0.22,0.04,0.31,0.71,jev,2014-09-26,20,2014-09-26,2014,1,Closed,foodiepie,foodiepie,,Factory-Gastrobar-Long-Beach-CA
Island Frydays,"Cincinnati, Ohio",OH,USA,True,Other,Other,Mexican & Latin,1.0,0.04,0.07,0.29,1.0,jev,2014-09-26; 2021-06-04,21; 34,2014-09-26,2014,2,Open,,foodiepie,,Island-Frydays-Cincinnati-OH
Little Napoli,"Carmel, California",CA,USA,True,Other,Other,Pizza & Italian,1.0,0.12,0.04,0.14,1.0,jev,2014-09-26,20,2014-09-26,2014,1,Open,,foodiepie,,Little-Napoli-Carmel-CA
Pak's Green Corner,"Duluth, Minnesota",MN,USA,True,Other,Other,Global kitchens,1.0,0.04,0.11,0.29,1.0,jev,2014-09-26,21,2014-09-26,2014,1,Closed,foodiepie,foodiepie,,Paks-Green-Corner-Duluth-MN
Pica's Mexican Taqueria,"Jackson, Wyoming",WY,USA,True,Dive,Dive,Dive,,0.04,0.15,0.58,0.44,jev,2014-09-26,20,2014-09-26,2014,1,Open,,foodiepie,,Picas-Mexican-Taqueria-Jackson-WY
Junkyard Extreme Burgers and Brats,"Junction City, Oregon",OR,USA,True,Drive-In,Drive-In,Drive-In,,0.36,0.72,0.83,0.83,jev,2014-10-03,21,2014-10-03,2014,1,Open,,foodiepie,,Junkyard-Extreme-Burgers-and-Brats-Junction-City-OR
Kounty Quarthouse,"South Range, Wisconsin",WI,USA,True,Dive,Dive,Dive,,0.26,0.08,0.65,0.97,jev,2014-10-03,21,2014-10-03,2014,1,Closed,foodiepie,foodiepie,,Kounty-Quarthouse-South-Range-WI
Lotus Cafe,"Jackson, Wyoming",WY,USA,True,Other,Diner,Global kitchens,0.99,0.19,0.04,0.14,0.97,jev,2014-10-03,21,2014-10-03,2014,1,Closed,foodiepie,foodiepie,,Lotus-Jackson-WY
Nora's Fish Creek Inn,"Wilson, Wyoming",WY,USA,True,Other,Diner,Breakfast & brunch,0.91,0.46,0.03,0.14,0.53,jev,2014-10-03,20,2014-10-03,2014,1,Open,,foodiepie,,Noras-Fish-Creek-Inn-Wilson-WY
Tavern on 2,"Long Beach, California",CA,USA,True,Other,Dive,Brewpubs & bars,0.99,0.2,0.03,0.31,0.36,jev,2014-10-03; 2015-11-27,20; 23,2014-10-03,2014,2,Closed,foodiepie,foodiepie,,Tavern-On-2-Long-Beach-CA
Wild Plum Cafe & Bistro,"Monterey, California",CA,USA,True,Other,Diner,New American bistros,0.75,0.29,0.02,0.1,0.98,jev,2014-10-03,20,2014-10-03,2014,1,Open,,foodiepie,,Wild-Plum-Cafe-Monterey-CA
Bakersfield OTR,"Cincinnati, Ohio",OH,USA,True,Dive,Dive,Dive,,0.05,0.06,0.54,0.75,jev,2014-10-10,21,2014-10-10,2014,1,Open,,foodiepie,,Bakersfield-Cincinnati-OH
Senate Pub,"Cincinnati, Ohio",OH,USA,True,Other,Dive,Brewpubs & bars,0.94,0.22,0.06,0.22,0.41,jev,2014-10-10,21,2014-10-10,2014,1,Closed,foodiepie,foodiepie,,Senate-Restaurant-Cincinnati-OH
Taste of Belgium,"Cincinnati, Ohio",OH,USA,True,Other,Diner,Global kitchens,0.96,0.23,0.04,0.32,0.95,jev,2014-10-10,21,2014-10-10,2014,1,Open,,foodiepie,,Taste-of-Belgium-Cincinnati-OH
Cornbread Cafe,"Eugene, Oregon",OR,USA,True,Diner,Diner,Diner,,0.79,0.12,0.3,0.99,jev,2014-10-31,21,2014-10-31,2014,1,Closed,foodiepie,foodiepie,,Cornbread-Cafe-Eugene-OR
Delta Diner,"Delta, Wisconsin",WI,USA,True,Diner,Diner,Diner,,0.95,0.07,0.42,1.0,name,2014-10-31,21,2014-10-31,2014,1,Open,,foodiepie,,Delta-Diner-Delta-WI
Gannucci's Italian Market,"Duluth, Minnesota",MN,USA,True,Other,Other,Pizza & Italian,0.57,0.13,0.06,0.5,0.99,jev,2014-10-31,21,2014-10-31,2014,1,Closed,foodiepie,foodiepie,,Gannuccis-Italian-Market-Duluth-MN
Grano's Pasta Bar,"Baltimore, Maryland",MD,USA,True,Other,Other,Pizza & Italian,1.0,0.05,0.02,0.21,1.0,jev,2014-11-07,21,2014-11-07,2014,1,Open,,foodiepie,,Grano-Pasta-Bar-Baltimore-MD
The Brick House Cafe and Catering,"Cable, Wisconsin",WI,USA,True,Diner,Diner,Diner,,0.56,0.06,0.17,0.81,jev,2014-11-07; 2015-11-27,21; 23,2014-11-07,2014,2,Closed,foodiepie,foodiepie,,Brick-House-Cafe-Cable-WI
The Sandwich League,"Eugene, Oregon",OR,USA,True,Drive-In,Drive-In,Drive-In,,0.08,0.93,0.45,0.99,jev,2014-11-07,21,2014-11-07,2014,1,Closed,foodiepie,foodiepie,,Sandwich-League-Eugene-OR
Pho Lang Thang,"Cincinnati, Ohio",OH,USA,True,Other,Dive,Global kitchens,1.0,0.06,0.12,0.53,0.92,jev,2014-11-14,21,2014-11-14,2014,1,Open,,foodiepie,,Pho-Lang-Thang-Cincinnati-OH
Slainte Irish Pub and Restaurant,"Baltimore, Maryland",MD,USA,True,Other,Dive,Brewpubs & bars,0.93,0.14,0.02,0.21,0.52,jev,2014-11-14,21,2014-11-14,2014,1,Open,,foodiepie,,Slainte-Irish-Pub-Baltimore-MD
Soup Nation,"Eugene, Oregon",OR,USA,True,Other,Diner,New American bistros,0.67,0.22,0.04,0.22,0.87,jev,2014-11-14,21,2014-11-14,2014,1,Closed,foodiepie,foodiepie,,Soup-Nation-Eugene-OR
Clementine,"Baltimore, Maryland",MD,USA,True,Other,Diner,New American bistros,1.0,0.19,0.02,0.1,0.97,jev,2014-11-21,21,2014-11-21,2014,1,Closed,foodiepie,foodiepie,,Clementine-Baltimore-MD
Jimmy's Famous Seafood,"Baltimore, Maryland",MD,USA,True,Other,Dive,Seafood,1.0,0.12,0.05,0.31,0.92,jev,2014-11-21; 2021-06-04,21; 34,2014-11-21,2014,2,Open,,foodiepie,,Jimmys-Famous-Seafood-Baltimore-MD
Johnny Rad's,"Baltimore, Maryland",MD,USA,True,Other,Dive,Pizza & Italian,1.0,0.08,0.05,0.43,0.82,jev,2014-11-21,21,2014-11-21,2014,1,Open,,foodiepie,,Johnny-Rads-Pizzeria-Tavern-Baltimore-MD
Papa's Soul Food Kitchen and BBQ,"Eugene, Oregon",OR,USA,True,Other,Other,"Southern, Cajun & soul",0.69,0.25,0.08,0.32,1.0,jev,2014-11-28,21,2014-11-28,2014,1,Closed,foodiepie,foodiepie,,Papas-Soul-Food-Kitchen-Eugene-OR
Patton's Restaurant & Catering,"Des Moines, Iowa",IA,USA,True,Other,Diner,"Southern, Cajun & soul",1.0,0.23,0.04,0.2,0.97,jev,2014-11-28,21,2014-11-28,2014,1,Closed,foodiepie,foodiepie,,Pattons-Des-Moines-IA
Swallow at the Hollow,"Baltimore, Maryland",MD,USA,True,Dive,Dive,Dive,,0.21,0.04,0.89,1.0,jev,2014-11-28,21,2014-11-28,2014,1,Open,,foodiepie,,Swallow-At-the-Hollow-Baltimore-MD
Fisherman's Market,"Eugene, Oregon",OR,USA,True,Other,Dive,Seafood,1.0,0.11,0.06,0.31,0.99,jev,2014-12-05,21,2014-12-05,2014,1,Open,,foodiepie,,Fishermans-Market-Eugene-OR
Mi Patria Ecuadorian Restaurant,"West Des Moines, Iowa",IA,USA,True,Other,Other,Mexican & Latin,1.0,0.05,0.06,0.32,1.0,jev,2014-12-05,21,2014-12-05,2014,1,Open,,foodiepie,,Mi-Patria-Ecuadorian-Restaurant-West-Des-Moines-IA
Smokey D's BBQ,"Des Moines, Iowa",IA,USA,True,Other,Other,BBQ & smokehouses,1.0,0.13,0.08,0.2,1.0,jev,2014-12-05,21,2014-12-05,2014,1,Open,,foodiepie,,Smokey-Ds-BBQ-Des-Moines-IA
Ernest & Son,"Brigantine, New Jersey",NJ,USA,True,Other,Dive,Butchers & markets,0.7,0.14,0.16,0.47,0.98,jev,2014-12-12,21,2014-12-12,2014,1,Open,,foodiepie,,Ernest-and-Son-Meat-Market-Brigantine-NJ
George The Chili King Drive-In,"Des Moines, Iowa",IA,USA,True,Drive-In,Drive-In,Drive-In,,0.73,0.96,0.47,1.0,name,2014-12-12,21,2014-12-12,2014,1,Closed,foodiepie,foodiepie,,George-The-Chili-King-Drive-In-Des-Moines-IA
Oyster Creek Inn,"Leeds Point, New Jersey",NJ,USA,True,Other,Dive,Seafood,1.0,0.09,0.04,0.19,0.99,jev,2014-12-12,21,2014-12-12,2014,1,Open,,foodiepie,,Oyster-Creek-Inn-Leeds-Point-NJ
Flying Mango,"Des Moines, Iowa",IA,USA,True,Other,Other,BBQ & smokehouses,1.0,0.16,0.1,0.27,1.0,jev,2015-01-16; 2021-04-16,22; 33,2015-01-16,2015,2,Open,,foodiepie,,Flying-Mango-Des-Moines-IA
Kelsey & Kim's Southern Cafe,"Atlantic City, New Jersey",NJ,USA,True,Diner,Diner,Diner,,0.55,0.07,0.36,0.55,jev,2015-01-16,22,2015-01-16,2015,1,Open,,foodiepie,,Kelsey-and-Kims-Southern-Cafe-Atlantic-City-NJ
Tacopocalypse,"Des Moines, Iowa",IA,USA,True,Other,Dive,Mexican & Latin,1.0,0.05,0.14,0.38,0.33,jev,2015-01-16; 2016-01-03,22; 24,2015-01-16,2015,2,Closed,foodiepie,foodiepie,,Tacopocalypse-Des-Moines-IA
La Taverna dei Miracoli da Mangiafuoco,"Pescia, Pistoia, Italy",,Italy,False,Other,Dive,Pizza & Italian,1.0,0.03,0.02,0.63,0.81,jev,2015-01-23,22,2015-01-23,2015,1,Open,,web,,
Port Ellen Clan,"Lucca, Italy",,Italy,False,Other,Other,Pizza & Italian,1.0,0.02,0.01,0.1,1.0,jev,2015-01-23,22,2015-01-23,2015,1,Open,,web,,
Windows of the World (W.O.W.),"Montecatini Terme, Pistoia, Italy",,Italy,False,Other,Other,Pizza & Italian,0.97,0.02,0.01,0.05,1.0,jev,2015-01-23,22,2015-01-23,2015,1,Open,,web,,
Fratelli Briganti,"Florence, Italy",,Italy,False,Other,Other,Pizza & Italian,1.0,0.02,0.01,0.13,1.0,jev,2015-01-30,22,2015-01-30,2015,1,Open,,web,,
Il Gusta Pizza,"Florence, Italy",,Italy,False,Other,Other,Pizza & Italian,1.0,0.04,0.05,0.36,1.0,jev,2015-01-30,22,2015-01-30,2015,1,Open,,web,,
La Cucina Del Garga,"Florence, Italy",,Italy,False,Other,Other,Pizza & Italian,1.0,0.01,0.01,0.08,1.0,jev,2015-01-30,22,2015-01-30,2015,1,Open,,web,,
Andreoli – Italian Grocer,"Scottsdale, Arizona",AZ,USA,True,Other,Other,Pizza & Italian,0.62,0.08,0.04,0.21,1.0,jev,2015-02-06; 2020-09-25,22; 33,2015-02-06,2015,2,Open,,foodiepie,,Andreoli-Italian-Grocer-Scottsdale-AZ
Paradise Valley Burger Co.,"Phoenix, Arizona",AZ,USA,True,Other,Diner,New American bistros,0.84,0.3,0.2,0.24,0.35,jev,2015-02-06; 2021-05-21,22; 34,2015-02-06,2015,2,Open,,foodiepie,,Paradise-Valley-Burger-Company-Phoenix-AZ
Tom's Thumb Fresh Market,"Scottsdale, Arizona",AZ,USA,True,Dive,Dive,Dive,,0.44,0.49,0.74,0.57,jev,2015-02-06,22,2015-02-06,2015,1,Open,,foodiepie,,Toms-Thumb-Fresh-Market-Scottsdale-AZ
Sal's Gilbert Pizza,"Gilbert, Arizona",AZ,USA,True,Other,Other,Pizza & Italian,1.0,0.07,0.09,0.29,1.0,jev,2015-02-27,22,2015-02-27,2015,1,Open,,foodiepie,,Sals-Gilbert-Pizza-Gilbert-AZ
Salty's BBQ & Catering,"Bakersfield, California",CA,USA,True,Other,Drive-In,BBQ & smokehouses,1.0,0.13,0.7,0.56,0.4,jev,2015-02-27; 2017-07-28,22; 27,2015-02-27,2015,2,Open,,foodiepie,,Saltys-BBQ-and-Catering-Bakersfield-CA
The Anchorage Tavern,"Somers Point, New Jersey",NJ,USA,True,Dive,Dive,Dive,,0.21,0.03,0.42,0.4,jev,2015-02-27,22,2015-02-27,2015,1,Open,,foodiepie,,Anchorage-Tavern-Restaurant-Somers-Point-NJ
Grilled Cheese & Crab Cake Co.,"Somers Point, New Jersey",NJ,USA,True,Diner,Diner,Diner,,0.39,0.09,0.29,0.37,jev,2015-03-06,22,2015-03-06,2015,1,Open,,foodiepie,,Grilled-Cheese-and-Crab-Cake-Co-Somers-Point-NJ
KC Steakhouse,"Bakersfield, California",CA,USA,True,Other,Dive,New American bistros,0.58,0.07,0.02,0.3,0.95,jev,2015-03-06,22,2015-03-06,2015,1,Open,,foodiepie,,KC-Steak-House-Bakersfield-CA
Mama Roomba,"Bakersfield, California",CA,USA,True,Other,Other,Mexican & Latin,1.0,0.05,0.04,0.28,1.0,jev,2015-03-06,22,2015-03-06,2015,1,Open,,foodiepie,,Mama-Roomba-Bakersfield-CA
Carluccio's Coal Fired Pizza,"Northfield, New Jersey",NJ,USA,True,Other,Other,Pizza & Italian,1.0,0.04,0.05,0.23,1.0,jev,2015-03-13,22,2015-03-13,2015,1,Open,,foodiepie,,Carluccios-Coal-Fired-Pizza-Northfield-NJ
Muertos Kitchen & Lounge,"Bakersfield, California",CA,USA,True,Dive,Dive,Dive,,0.24,0.04,0.51,0.66,jev,2015-03-13,22,2015-03-13,2015,1,Closed,foodiepie,foodiepie,,Muertos-Kitchen-and-Lounge-Bakersfield-CA
The Wild Thaiger,"Phoenix, Arizona",AZ,USA,True,Other,Other,Global kitchens,1.0,0.03,0.05,0.16,1.0,jev,2015-03-13; 2017-09-29; 2021-06-11,22; 27; 34,2015-03-13,2015,3,Open,,foodiepie,,Wild-Thaiger-Phoenix-AZ
24th Street Cafe,"Bakersfield, California",CA,USA,True,Diner,Diner,Diner,,0.95,0.05,0.43,1.0,jev,2015-04-17,22,2015-04-17,2015,1,Open,,foodiepie,,24th-Street-Cafe-Bakersfield-CA
La Santisima Gourmet Taco Shop,"Phoenix, Arizona",AZ,USA,True,Other,Dive,Mexican & Latin,1.0,0.04,0.19,0.31,0.47,jev,2015-04-17,22,2015-04-17,2015,1,Closed,spot-check,foodiepie,Burned down in 2025 (spot-check #1),La-Santisima-Phoenix-AZ
Moo Creamery,"Bakersfield, California",CA,USA,True,Diner,Diner,Diner,,0.55,0.15,0.3,0.36,jev,2015-04-17,22,2015-04-17,2015,1,Open,,foodiepie,,Moo-Creamery-Bakersfield-CA
Asian Experience,"Taft, California",CA,USA,True,Other,Other,Global kitchens,1.0,0.03,0.08,0.3,1.0,jev,2015-04-24,22,2015-04-24,2015,1,Open,,foodiepie,,Asian-Experience-Taft-CA
Athena's Greek Cafe & Bakery,"Bakersfield, California",CA,USA,True,Other,Other,Global kitchens,0.99,0.08,0.05,0.27,1.0,jev,2015-04-24,22,2015-04-24,2015,1,Closed,foodiepie,foodiepie,,Athenas-Greek-Cafe-and-Bakery-Bakersfield-CA
Pyrenees Cafe,"Bakersfield, California",CA,USA,True,Other,Dive,Global kitchens,0.99,0.3,0.04,0.6,0.76,jev,2015-04-24,22,2015-04-24,2015,1,Open,,foodiepie,,Pyrenees-Cafe-Bakersfield-CA
Pinky's Westside Grill,"Charlotte, North Carolina",NC,USA,True,Drive-In,Drive-In,Drive-In,,0.53,0.29,0.7,0.28,jev,2015-05-01; 2020-05-22,22; 32,2015-05-01,2015,2,Open,,foodiepie,,Pinkys-Westside-Grill-Charlotte-NC
Pit Road Bar & Grill,"Charlotte, North Carolina",NC,USA,True,Other,Dive,Brewpubs & bars,0.71,0.18,0.05,0.22,0.77,jev,2015-05-01,22,2015-05-01,2015,1,Open,,foodiepie,,Pit-Road-Bar-and-Grill-Charlotte-NC
The Tin Kitchen Food Truck,"Charlotte, North Carolina",NC,USA,True,Drive-In,Drive-In,Drive-In,,0.03,0.93,0.24,0.99,jev,2015-05-01,22,2015-05-01,2015,1,Open,,foodiepie,,TIN-Kitchen-Charlotte-NC
300 East,"Charlotte, North Carolina",NC,USA,True,Other,Diner,New American bistros,1.0,0.17,0.01,0.12,0.99,jev,2015-05-22,22,2015-05-22,2015,1,Open,,foodiepie,,300-East-Charlotte-NC
Biergarten,"Los Angeles, California",CA,USA,True,Other,Dive,Brewpubs & bars,0.98,0.09,0.04,0.28,0.87,jev,2015-05-22,22,2015-05-22,2015,1,Open,,foodiepie,,Biergarten-Los-Angeles-CA
Krazy Fish,"Charlotte, North Carolina",NC,USA,True,Dive,Dive,Dive,,0.13,0.04,0.52,0.6,jev,2015-05-22; 2020-05-29,22; 32,2015-05-22,2015,2,Closed,foodiepie,foodiepie,,Krazy-Fish-Charlotte-NC
Chichen Itza Restaurant,"Los Angeles, California",CA,USA,True,Other,Other,Mexican & Latin,1.0,0.03,0.05,0.29,1.0,jev,2015-05-29; 2017-08-14,22; 27,2015-05-29,2015,2,Open,,foodiepie,,Chichen-Itza-Restaurant-Los-Angeles-CA
Guy Fieri's Kitchen and Bar,"Las Vegas, Nevada",NV,USA,True,Other,Diner,New American bistros,0.65,0.49,0.02,0.07,0.47,jev,2015-05-29,22,2015-05-29,2015,1,Open,,foodiepie,,Guy-Fieris-Vegas-Kitchen-and-Bar-Las-Vegas-NV
Those Guys Pies,"Las Vegas, Nevada",NV,USA,True,Other,Dive,Pizza & Italian,0.97,0.17,0.12,0.38,0.94,jev,2015-05-29,22,2015-05-29,2015,1,Open,,foodiepie,,Those-Guys-Pies-Las-Vegas-NV
Cha Cha Chili,"Los Angeles, California",CA,USA,True,Other,Dive,Mexican & Latin,0.79,0.05,0.08,0.26,0.98,jev,2015-06-05,22,2015-06-05,2015,1,Closed,foodiepie,foodiepie,,Cha-Cha-Chili-Los-Angeles-CA
Intermezzo Pizzeria and Cafe,"Charlotte, North Carolina",NC,USA,True,Other,Other,Pizza & Italian,0.66,0.11,0.05,0.25,1.0,jev,2015-06-05,22,2015-06-05,2015,1,Open,,foodiepie,,Intermezzo-Pizzeria-and-Cafe-Charlotte-NC
The Little Jewel of New Orleans,"Los Angeles, California",CA,USA,True,Other,Other,"Southern, Cajun & soul",0.49,0.18,0.08,0.38,1.0,jev,2015-06-05; 2021-06-25,22; 34,2015-06-05,2015,2,Open,,foodiepie,,Little-Jewel-of-New-Orleans-Los-Angeles-CA
Crepe Expectations,"Las Vegas, Nevada",NV,USA,True,Other,Diner,Breakfast & brunch,0.81,0.13,0.04,0.12,0.99,jev,2015-07-17; 2021-06-25,23; 34,2015-07-17,2015,2,Open,,foodiepie,,Crepe-Expectations-Las-Vegas-NV
Mert's Heart & Soul,"Charlotte, North Carolina",NC,USA,True,Other,Diner,"Southern, Cajun & soul",1.0,0.34,0.06,0.29,0.67,jev,2015-07-17,23,2015-07-17,2015,1,Open,,foodiepie,,Merts-Heart-and-Soul-Charlotte-NC
Tubs Fine Chili,"Culver City, California",CA,USA,True,Diner,Diner,Diner,,0.39,0.34,0.55,0.14,jev,2015-07-17,23,2015-07-17,2015,1,Closed,foodiepie,foodiepie,,Tubs-Fine-Chili-Culver-City-CA
DAE GEE Korean BBQ,"Denver, Colorado",CO,USA,True,Other,Other,Global kitchens,0.99,0.03,0.01,0.28,1.0,jev,2015-07-24,23,2015-07-24,2015,1,Open,,foodiepie,,DAE-GEE-KOREAN-BBQ-Westminster-CO
Fat Choy,"Las Vegas, Nevada",NV,USA,True,Diner,Diner,Diner,,0.5,0.06,0.24,0.55,jev,2015-07-24,23,2015-07-24,2015,1,Open,,foodiepie,,Fat-Choy-Las-Vegas-NV
Osaka Japanese Bistro,"Las Vegas, Nevada",NV,USA,True,Other,Other,Global kitchens,1.0,0.02,0.01,0.1,1.0,jev,2015-07-24,23,2015-07-24,2015,1,Open,,foodiepie,,Osaka-Japanese-Bistro-Las-Vegas-NV
Biju's Little Curry Shop,"Denver, Colorado",CO,USA,True,Other,Other,Global kitchens,1.0,0.04,0.16,0.31,1.0,jev,2015-07-31,23,2015-07-31,2015,1,Closed,foodiepie,foodiepie,,Bijus-Little-Curry-Shop-Denver-CO
Cafe Brazil,"Denver, Colorado",CO,USA,True,Other,Other,Mexican & Latin,1.0,0.07,0.04,0.18,1.0,jev,2015-07-31,23,2015-07-31,2015,1,Open,,foodiepie,,Cafe-Brazil-Denver-CO
Folk Art,"Atlanta, Georgia",GA,USA,True,Diner,Diner,Diner,,0.89,0.07,0.34,1.0,jev,2015-07-31,23,2015-07-31,2015,1,Open,,foodiepie,,Folk-Art-Atlanta-GA
Buttermilk Kitchen,"Atlanta, Georgia",GA,USA,True,Other,Diner,Breakfast & brunch,0.52,0.26,0.02,0.09,0.87,jev,2015-08-07; 2021-03-19,23; 33,2015-08-07,2015,2,Open,,foodiepie,,Buttermilk-Kitchen-Atlanta-GA
Fox Bros Bar-B-Q,"Atlanta, Georgia",GA,USA,True,Other,Other,BBQ & smokehouses,1.0,0.17,0.11,0.29,1.0,jev,2015-08-07; 2020-05-29,23; 32,2015-08-07,2015,2,Open,,foodiepie,,Fox-Bros-Bar-B-Q-Atlanta-GA
Restaurant 415,"Fort Collins, Colorado",CO,USA,True,Other,Diner,New American bistros,0.98,0.24,0.03,0.25,0.86,jev,2015-08-07,23,2015-08-07,2015,1,Open,,foodiepie,,Restaurant-415-Fort-Collins-CO
Andale,"Richfield, Minnesota",MN,USA,True,Other,Dive,Mexican & Latin,0.99,0.06,0.19,0.61,0.53,jev,2015-08-28; 2017-08-14,23; 27,2015-08-28,2015,2,Open,,foodiepie,,Andale-Taqueria-Y-Mercado-Richfield-MN
Axios Estiatorio,"Denver, Colorado",CO,USA,True,Other,Other,Global kitchens,1.0,0.05,0.02,0.08,1.0,jev,2015-08-28,23,2015-08-28,2015,1,Closed,foodiepie,foodiepie,,Axios-Estiatorio-Denver-CO
Joy Cafe,"Atlanta, Georgia",GA,USA,True,Diner,Diner,Diner,,0.41,0.05,0.18,0.71,jev,2015-08-28,23,2015-08-28,2015,1,Closed,foodiepie,foodiepie,,Joy-Cafe-Atlanta-GA
Dana's Kitchen,"Falmouth, Massachusetts",MA,USA,True,Other,Diner,Sandwiches & delis,1.0,0.29,0.05,0.17,0.97,jev,2015-09-11,23,2015-09-11,2015,1,Open,,foodiepie,,Danas-Kitchen-Falmouth-MA
Pickle Jar Kitchen,"Falmouth, Massachusetts",MA,USA,True,Diner,Diner,Diner,,0.57,0.05,0.22,0.79,jev,2015-09-11,23,2015-09-11,2015,1,Open,,foodiepie,,Pickle-Jar-Kitchen-Falmouth-MA
The Lodge Sasquatch Kitchen,"Fort Collins, Colorado",CO,USA,True,Other,Dive,Brewpubs & bars,0.57,0.31,0.03,0.25,0.54,jev,2015-09-11,23,2015-09-11,2015,1,Closed,foodiepie,foodiepie,,Lodge-Sasquatch-Kitchen-Fort-Collins-CO
Buster's on 28th,"Minneapolis, Minnesota",MN,USA,True,Dive,Dive,Dive,,0.6,0.02,0.38,0.28,jev,2015-09-18,23,2015-09-18,2015,1,Open,,foodiepie,,Busters-on-28th-Minneapolis-MN
Driftwood Publick House & Oysteria,"Plymouth, Massachusetts",MA,USA,True,Other,Dive,Brewpubs & bars,0.99,0.17,0.02,0.25,0.72,jev,2015-09-18,23,2015-09-18,2015,1,Closed,foodiepie,foodiepie,,Driftwood-Publick-House-Plymouth-MA
The General Muir,"Atlanta, Georgia",GA,USA,True,Other,Diner,Sandwiches & delis,1.0,0.47,0.02,0.12,0.91,jev,2015-09-18,23,2015-09-18,2015,1,Open,,foodiepie,,General-Muir-Atlanta-GA
Bayport BBQ,"Bayport, Minnesota",MN,USA,True,Other,Dive,BBQ & smokehouses,1.0,0.13,0.09,0.71,0.66,jev,2015-09-25,23,2015-09-25,2015,1,Closed,foodiepie,foodiepie,,Bayport-BBQ-Bayport-MN
Maria Empanada,"Denver, Colorado",CO,USA,True,Other,Other,Mexican & Latin,1.0,0.06,0.15,0.31,1.0,jev,2015-09-25; 2021-06-25,23; 34,2015-09-25,2015,2,Open,,foodiepie,,Maria-Empanada-Denver-CO
Parkside Market,"Falmouth, Massachusetts",MA,USA,True,Diner,Diner,Diner,,0.74,0.15,0.35,0.76,jev,2015-09-25,23,2015-09-25,2015,1,Closed,foodiepie,foodiepie,,Parkside-Market-Falmouth-MA
George and the Dragon,"Minneapolis, Minnesota",MN,USA,True,Dive,Dive,Dive,,0.14,0.02,0.33,0.42,jev,2015-10-09,23,2015-10-09,2015,1,Open,,foodiepie,,George-and-The-Dragon-Minneapolis-MN
Shucker's World Famous Raw Bar,"Woods Hole, Massachusetts",MA,USA,True,Other,Dive,Seafood,1.0,0.18,0.05,0.31,0.83,jev,2015-10-09,23,2015-10-09,2015,1,Open,,foodiepie,,Shuckers-Woods-Hole-MA
Wrecking Bar Brewpub,"Atlanta, Georgia",GA,USA,True,Other,Dive,Brewpubs & bars,1.0,0.16,0.03,0.43,0.61,jev,2015-10-09,23,2015-10-09,2015,1,Open,,foodiepie,,Wrecking-Bar-Brewpub-Atlanta-GA
Bird of Smithfield,"London, United Kingdom",,United Kingdom,False,Other,Other,Brewpubs & bars,0.58,0.02,0.01,0.03,1.0,jev,2015-10-16,23,2015-10-16,2015,1,Closed,web,web,,
Grillstock,"London, United Kingdom",,United Kingdom,False,Other,Drive-In,BBQ & smokehouses,1.0,0.11,0.18,0.4,0.99,jev,2015-10-16,23,2015-10-16,2015,1,Open,,web,,
Hook Camden Town,"Camden, London, United Kingdom",,United Kingdom,False,Other,Dive,Seafood,1.0,0.06,0.04,0.29,0.84,jev,2015-10-16,23,2015-10-16,2015,1,Closed,web,web,,
North Bound Smokehouse and Brewpub,"Minneapolis, Minnesota",MN,USA,True,Other,Dive,BBQ & smokehouses,0.61,0.15,0.03,0.32,0.98,jev,2015-11-06,23,2015-11-06,2015,1,Open,,foodiepie,,Northbound-Smokehouse-and-Brewpub-Minneapolis-MN
Pig Latin,"Colorado Springs, Colorado",CO,USA,True,Drive-In,Drive-In,Drive-In,,0.04,0.95,0.33,0.98,jev,2015-11-06,23,2015-11-06,2015,1,Open,,web,,
Unideli,"Minneapolis, Minnesota",MN,USA,True,Other,Dive,Global kitchens,0.97,0.03,0.04,0.26,0.99,jev,2015-11-06,23,2015-11-06,2015,1,Closed,foodiepie,foodiepie,,Unideli-Minneapolis-MN
Bocadillas: Slow Roasted Sandwich Shop,"Albuquerque, New Mexico",NM,USA,True,Other,Diner,Sandwiches & delis,1.0,0.5,0.12,0.26,0.73,jev,2015-11-19,23,2015-11-19,2015,1,Closed,web,web,,
Parvicini's Italian Bistro,"Colorado Springs, Colorado",CO,USA,True,Other,Other,Pizza & Italian,0.94,0.05,0.02,0.16,1.0,jev,2015-12-04,23,2015-12-04,2015,1,Open,,foodiepie,,Paravicinis-Italian-Bistro-Colorado-Springs-CO
Rasta Pasta,"Colorado Springs, Colorado",CO,USA,True,Other,Other,Mexican & Latin,0.46,0.04,0.04,0.19,1.0,jev,2015-12-04,23,2015-12-04,2015,1,Open,,foodiepie,,Rasta-Pasta-Colorado-Springs-CO
The Blue-Eyed Crab Caribbean Grill & Rum Bar,"Plymouth, Massachusetts",MA,USA,True,Other,Dive,Mexican & Latin,0.65,0.08,0.04,0.37,0.89,jev,2015-12-04,23,2015-12-04,2015,1,Open,,foodiepie,,Blue-Eyed-Crab-Plymouth-MA
Big Daddy's BBQ & Banquet,"Fairbanks, Alaska",AK,USA,True,Other,Other,BBQ & smokehouses,1.0,0.1,0.02,0.34,1.0,jev,2015-12-11,23,2015-12-11,2015,1,Open,,web,,
Mountain Shadows Restaurant,"Colorado Springs, Colorado",CO,USA,True,Diner,Diner,Diner,,0.66,0.06,0.3,0.93,jev,2015-12-18,23,2015-12-18,2015,1,Open,,foodiepie,,Mountain-Shadows-Restaurant-Colorado-Springs-CO
Piccini Wood Fired Brick Oven Pizza,"Ocean City, New Jersey",NJ,USA,True,Other,Other,Pizza & Italian,1.0,0.11,0.07,0.23,1.0,jev,2015-12-18,23,2015-12-18,2015,1,Open,,foodiepie,,Piccini-Ocean-City-NJ
Toki Underground,"Washington, D.C.",DC,USA,True,Dive,Dive,Dive,,0.03,0.02,0.63,0.42,jev,2015-12-18,23,2015-12-18,2015,1,Open,,foodiepie,,Toki-Underground-Washington-DC
Alewife Baltimore,"Baltimore, Maryland",MD,USA,True,Dive,Dive,Dive,,0.13,0.02,0.41,0.53,jev,2016-01-01,24,2016-01-01,2016,1,Closed,foodiepie,foodiepie,,Alewife-Baltimore-MD
Carving Room,"Washington, D.C.",DC,USA,True,Other,Diner,Sandwiches & delis,0.98,0.38,0.06,0.27,0.81,jev,2016-01-01,24,2016-01-01,2016,1,Closed,foodiepie,foodiepie,,Carving-Room-Washington-DC
Spice Island Grill,"Colorado Springs, Colorado",CO,USA,True,Other,Other,Mexican & Latin,0.95,0.06,0.06,0.28,1.0,jev,2016-01-01,24,2016-01-01,2016,1,Closed,foodiepie,foodiepie,,Spice-Island-Grill-Colorado-Springs-CO
Pagoda Restaurant,"North Pole, Alaska",AK,USA,True,Other,Dive,Global kitchens,0.97,0.07,0.04,0.38,0.92,jev,2016-01-03; 2020-05-08,24; 32,2016-01-03,2016,2,Open,,foodiepie,,Pagoda-Restaurant-North-Pole-AK
Front Range Barbeque,"Colorado Springs, Colorado",CO,USA,True,Other,Dive,BBQ & smokehouses,0.98,0.23,0.11,0.37,0.98,jev,2016-01-15,24,2016-01-15,2016,1,Open,,foodiepie,,Front-Range-Barbeque-Colorado-Springs-CO
Miss Shirley's Cafe,"Baltimore, Maryland",MD,USA,True,Diner,Diner,Diner,,0.72,0.03,0.11,0.97,jev,2016-01-15,24,2016-01-15,2016,1,Open,,foodiepie,,Miss-Shirleys-Cafe-Baltimore-MD
Sam's Rialto Bar & Grill,"Pleasantville, New Jersey",NJ,USA,True,Diner,Diner,Diner,,0.92,0.05,0.67,0.96,jev,2016-01-15,24,2016-01-15,2016,1,Closed,foodiepie,foodiepie,,Sams-Rialto-Bar-and-Grill-Pleasantville-NJ
Bub and Pop's,"Washington, D.C.",DC,USA,True,Other,Diner,Sandwiches & delis,1.0,0.3,0.08,0.25,0.98,jev,2016-01-22,24,2016-01-22,2016,1,Open,,foodiepie,,Bub-and-Pops-Washington-DC
Skirted Heiffer,"Colorado Springs, Colorado",CO,USA,True,Diner,Diner,Diner,,0.55,0.16,0.34,0.57,jev,2016-01-22,24,2016-01-22,2016,1,Open,,foodiepie,,Skirted-Heifer-Colorado-Springs-CO
Vagabond Kitchen & Tap House,"Atlantic City, New Jersey",NJ,USA,True,Dive,Dive,Dive,,0.23,0.03,0.55,0.79,jev,2016-01-22,24,2016-01-22,2016,1,Open,,foodiepie,,Vagabond-Kitchen-and-Tap-House-Atlantic-City-NJ
Islamorada Shrimp Shack,"Islamorada, Florida",FL,USA,True,Other,Dive,Seafood,1.0,0.1,0.22,0.33,0.46,jev,2016-03-11,24,2016-03-11,2016,1,Open,,foodiepie,,Islamorada-Shrimp-Shack-Islamorada-FL
The Fish House,"Key Largo, Florida",FL,USA,True,Other,Dive,Seafood,1.0,0.07,0.04,0.38,0.85,jev,2016-03-11,24,2016-03-11,2016,1,Open,,foodiepie,,Fish-House-Key-Largo-FL
The Smoking Swine,"Baltimore, Maryland",MD,USA,True,Drive-In,Drive-In,Drive-In,,0.06,0.93,0.45,0.92,jev,2016-03-11,24,2016-03-11,2016,1,Closed,foodiepie,foodiepie,,Smoking-Swine-Baltimore-MD
Digiorgio's Cafe Largo,"Key Largo, Florida",FL,USA,True,Other,Other,Pizza & Italian,0.98,0.05,0.01,0.04,1.0,jev,2016-03-25,24,2016-03-25,2016,1,Open,,foodiepie,,DiGiorgios-Cafe-Largo-Key-Largo-FL
El Nuevo Frutilandia,"San Francisco, California",CA,USA,True,Other,Other,Mexican & Latin,1.0,0.14,0.06,0.44,0.99,jev,2016-03-25,24,2016-03-25,2016,1,Open,,foodiepie,,El-Nuevo-Frutilandia-San-Francisco-CA
Green Papaya Food Truck,"Stockton, California",CA,USA,True,Other,Drive-In,Global kitchens,1.0,0.02,0.23,0.43,0.94,jev,2016-03-25,24,2016-03-25,2016,1,Open,,foodiepie,,Green-Papaya-Stockton-CA
Cosecha Cafe,"Oakland, California",CA,USA,True,Other,Other,Mexican & Latin,1.0,0.1,0.03,0.17,1.0,jev,2016-04-08,24,2016-04-08,2016,1,Closed,foodiepie,foodiepie,,Cosecha-Oakland-CA
Green Turtle Inn,"Islamorada, Florida",FL,USA,True,Other,Diner,Seafood,0.99,0.48,0.05,0.29,0.41,jev,2016-04-08,24,2016-04-08,2016,1,Open,,foodiepie,,Green-Turtle-Inn-Islamorada-FL
Midtown Creperie,"Stockton, California",CA,USA,True,Other,Diner,Breakfast & brunch,0.34,0.23,0.04,0.17,0.97,jev,2016-04-08,24,2016-04-08,2016,1,Open,,foodiepie,,Midtown-Creperie-and-Cafe-Stockton-CA
Clove and Hoof,"Oakland, California",CA,USA,True,Other,Diner,Sandwiches & delis,0.81,0.27,0.07,0.28,0.88,jev,2016-04-15,24,2016-04-15,2016,1,Open,,foodiepie,,Clove-and-Hoof-Oakland-CA
Food Fix Truck,"Modesto, California",CA,USA,True,Drive-In,Drive-In,Drive-In,,0.06,0.95,0.37,1.0,jev,2016-04-15,24,2016-04-15,2016,1,Open,,foodiepie,,Food-Fix-Modesto-CA
Pilot House Marina & Restaurant,"Key Largo, Florida",FL,USA,True,Other,Dive,Seafood,1.0,0.18,0.02,0.18,0.98,jev,2016-04-15,24,2016-04-15,2016,1,Open,,foodiepie,,Pilot-House-Marina-and-Restaurant-Key-Largo-FL
Bauer's 66 1/2,"Modesto, California",CA,USA,True,Other,Diner,New American bistros,0.41,0.34,0.14,0.33,0.68,jev,2016-04-22,24,2016-04-22,2016,1,Closed,foodiepie,foodiepie,,Bauers-66-1-2-Modesto-CA
M.E.A.T. Eatery and Tap Room,"Islamorada, Florida",FL,USA,True,Other,Dive,BBQ & smokehouses,0.44,0.28,0.2,0.4,0.55,jev,2016-04-22,24,2016-04-22,2016,1,Open,,foodiepie,,MEAT-Eatery-And-Taproom-Islamorada-FL
Souley Vegan,"Oakland, California",CA,USA,True,Other,Diner,"Southern, Cajun & soul",1.0,0.25,0.13,0.26,0.8,jev,2016-04-22,24,2016-04-22,2016,1,Closed,foodiepie,foodiepie,,Souley-Vegan-Oakland-CA
Hofbrau Beer Hall,"Miami Beach, Florida",FL,USA,True,Other,Dive,Global kitchens,0.48,0.04,0.02,0.25,0.86,jev,2016-05-06,24,2016-05-06,2016,1,Closed,foodiepie,foodiepie,,Hofbrau-Beerhall-Miami-Beach-FL
Lou's Beer Garden,"Miami Beach, Florida",FL,USA,True,Other,Dive,Brewpubs & bars,1.0,0.04,0.02,0.13,0.98,jev,2016-05-06,24,2016-05-06,2016,1,Closed,foodiepie,foodiepie,,Lous-Beer-Garden-Miami-Beach-FL
Taquiza,"Miami Beach, Florida",FL,USA,True,Dive,Dive,Dive,,0.03,0.11,0.5,0.68,jev,2016-05-06,24,2016-05-06,2016,1,Closed,foodiepie,foodiepie,,Taquiza-Miami-Beach-FL
Commonwealth,"Modesto, California",CA,USA,True,Other,Dive,Brewpubs & bars,1.0,0.24,0.04,0.3,0.65,jev,2016-05-26,24,2016-05-26,2016,1,Open,,foodiepie,,Commonwealth-Modesto-CA
Miami Smokers,"Miami, Florida",FL,USA,True,Other,Other,BBQ & smokehouses,1.0,0.12,0.14,0.25,1.0,jev,2016-05-26,24,2016-05-26,2016,1,Closed,foodiepie,foodiepie,,Miami-Smokers-Urban-Smokehouse-Miami-FL
Smitty's Wings & Things,"Stockton, California",CA,USA,True,Dive,Dive,Dive,,0.22,0.17,0.52,0.36,jev,2016-05-26,24,2016-05-26,2016,1,Open,,foodiepie,,Smittys-Wings-and-Things-Stockton-CA
El Figaro,"Havana, Cuba",,Cuba,False,Other,Other,Mexican & Latin,1.0,0.03,0.01,0.06,1.0,jev,2016-06-03,24,2016-06-03,2016,1,Open,,web,,
Nazdarovie,"Havana, Cuba",,Cuba,False,Other,Other,Global kitchens,1.0,0.03,0.01,0.17,1.0,jev,2016-06-03,24,2016-06-03,2016,1,Open,,web,,
Restaurante Fonda Paladar la Paila,"Havana, Cuba",,Cuba,False,Other,Dive,Mexican & Latin,0.82,0.09,0.08,0.45,0.85,jev,2016-06-03,24,2016-06-03,2016,1,Open,,web,,
Al Carbon,"Havana, Cuba",,Cuba,False,Other,Other,Mexican & Latin,0.98,0.03,0.01,0.14,1.0,jev,2016-06-10,24,2016-06-10,2016,1,Open,,web,,
Casa Abel,"Havana, Cuba",,Cuba,False,Other,Other,Mexican & Latin,1.0,0.03,0.01,0.17,1.0,jev,2016-06-10,24,2016-06-10,2016,1,Open,,web,,
La Catedral,"Havana, Cuba",,Cuba,False,Other,Dive,Mexican & Latin,0.95,0.11,0.01,0.3,0.93,jev,2016-06-10,24,2016-06-10,2016,1,Open,,web,,
CatHead's BBQ,"San Francisco, California",CA,USA,True,Other,Other,BBQ & smokehouses,1.0,0.21,0.13,0.28,1.0,jev,2016-06-17,24,2016-06-17,2016,1,Closed,foodiepie,foodiepie,,CatHeads-BBQ-San-Francisco-CA
Gian's Deli,"Stockton, California",CA,USA,True,Other,Other,Sandwiches & delis,1.0,0.16,0.07,0.4,1.0,jev,2016-06-17,24,2016-06-17,2016,1,Open,,foodiepie,,Gians-Delicatessen-Stockton-CA
The Outrigger Pizza Company,"Kihei, Hawaii",HI,USA,True,Drive-In,Drive-In,Drive-In,,0.05,0.9,0.22,0.71,jev,2016-06-17,24,2016-06-17,2016,1,Open,,foodiepie,,Outrigger-Pizza-Company-Maui-HI
Da Kitchen,"Kahului, Hawaii",HI,USA,True,Other,Dive,Global kitchens,0.9,0.35,0.18,0.55,0.36,jev,2016-07-01,25,2016-07-01,2016,1,Open,,foodiepie,,Da-Kitchen-Maui-Kihei-HI
Fat Daddy's Smokehouse,"Kihei, Hawaii",HI,USA,True,Other,Other,BBQ & smokehouses,1.0,0.1,0.17,0.29,1.0,jev,2016-07-01,25,2016-07-01,2016,1,Open,,foodiepie,,Fat-Daddys-Smokehouse-Barbecue-Kihei-HI
Like Poke,"Kahului, Hawaii",HI,USA,True,Drive-In,Drive-In,Drive-In,,0.03,0.95,0.5,0.99,jev,2016-07-01,25,2016-07-01,2016,1,Open,,foodiepie,,Like-Poke-Kahului-HI
Belly & Snout,"Los Angeles, California",CA,USA,True,Other,Diner,New American bistros,0.41,0.38,0.13,0.37,0.38,jev,2016-07-08,25,2016-07-08,2016,1,Closed,foodiepie,foodiepie,,Belly-and-Snout-Los-Angeles-CA
Gandhi Mahal Restaurant,"Minneapolis, Minnesota",MN,USA,True,Other,Other,Global kitchens,1.0,0.03,0.03,0.12,1.0,jev,2016-07-08,25,2016-07-08,2016,1,Open,,foodiepie,,Gandhi-Mahal-Minneapolis-MN
Radio Africa & Kitchen,"San Francisco, California",CA,USA,True,Other,Other,Global kitchens,0.95,0.07,0.03,0.12,1.0,jev,2016-07-08,25,2016-07-08,2016,1,Open,,foodiepie,,Radio-Africa-Kitchen-San-Francisco-CA
Harold & Belle's,"Los Angeles, California",CA,USA,True,Other,Dive,"Southern, Cajun & soul",1.0,0.13,0.04,0.6,0.51,jev,2016-07-15,25,2016-07-15,2016,1,Open,,foodiepie,,Harold-and-Belles-Los-Angeles-CA
Star Noodle,"Lahaina, Hawaii",HI,USA,True,Other,Other,Global kitchens,1.0,0.03,0.04,0.15,1.0,jev,2016-07-15,25,2016-07-15,2016,1,Open,,foodiepie,,Star-Noodle-Lahaina-HI
The Herbivorous Butcher,"Minneapolis, Minnesota",MN,USA,True,Other,Other,Butchers & markets,0.88,0.09,0.08,0.15,1.0,jev,2016-07-15,25,2016-07-15,2016,1,Open,,foodiepie,,Herbivorous-Butcher-Minneapolis-MN
Delancey Pizzeria & Bar,"Hollywood, Los Angeles, California",CA,USA,True,Other,Other,Pizza & Italian,1.0,0.04,0.02,0.18,1.0,jev,2016-08-05,25,2016-08-05,2016,1,Closed,foodiepie,foodiepie,,Delancey-Los-Angeles-CA
Surly Brewing Company,"Minneapolis, Minnesota",MN,USA,True,Other,Dive,Brewpubs & bars,1.0,0.08,0.02,0.28,0.95,jev,2016-08-05,25,2016-08-05,2016,1,Open,,foodiepie,,Surly-Brewing-Minneapolis-MN
The Local,"Coral Gables, Florida",FL,USA,True,Other,Dive,Brewpubs & bars,0.98,0.18,0.02,0.2,0.81,jev,2016-08-05; 2025-04-04,25; 41,2016-08-05,2016,2,Closed,foodiepie,foodiepie,,Local-Craft-Food-and-Drink-Coral-Gables-FL
Holy Land,"Minneapolis, Minnesota",MN,USA,True,Other,Other,Global kitchens,0.99,0.04,0.08,0.22,1.0,jev,2016-08-12,25,2016-08-12,2016,1,Open,,foodiepie,,Holy-Land-Minneapolis-MN
Miso Phat Sushi,"Kihei, Hawaii",HI,USA,True,Other,Other,Global kitchens,0.77,0.03,0.04,0.2,1.0,jev,2016-08-12,25,2016-08-12,2016,1,Open,,foodiepie,,Miso-Phat-Sushi-Kihei-HI
The Original Barone's Famous Italian,"Valley Glen, Los Angeles, California",CA,USA,True,Other,Dive,Pizza & Italian,1.0,0.11,0.07,0.59,0.81,jev,2016-08-12,25,2016-08-12,2016,1,Open,,foodiepie,,Barones-Valley-Glen-CA
Ivan's Cookhouse,"North Miami Beach, Florida",FL,USA,True,Other,Other,Global kitchens,0.63,0.05,0.05,0.21,1.0,jev,2016-09-09,25,2016-09-09,2016,1,Closed,foodiepie,foodiepie,,Ivans-Cookhouse-North-Miami-Beach-FL
Red Wagon Pizza Company,"Minneapolis, Minnesota",MN,USA,True,Other,Dive,Pizza & Italian,0.96,0.05,0.04,0.25,0.99,jev,2016-09-09; 2020-05-01,25; 32,2016-09-09,2016,2,Open,,foodiepie,,Red-Wagon-Pizza-Co-Minneapolis-MN
Street Food 360,"Portsmouth, New Hampshire",NH,USA,True,Other,Dive,Global kitchens,0.91,0.18,0.05,0.22,0.99,jev,2016-09-09,25,2016-09-09,2016,1,Open,,foodiepie,,Street-Food-360-Portsmouth-NH
Azla Ethiopian Vegan,"Los Angeles, California",CA,USA,True,Other,Other,Global kitchens,1.0,0.02,0.04,0.2,1.0,jev,2016-09-16,25,2016-09-16,2016,1,Closed,foodiepie,foodiepie,,Azla-Los-Angeles-CA
Moxy,"Portsmouth, New Hampshire",NH,USA,True,Other,Other,New American bistros,1.0,0.11,0.02,0.09,1.0,jev,2016-09-16,25,2016-09-16,2016,1,Open,,foodiepie,,Moxy-Portsmouth-NH
Prairie Dogs,"Minneapolis, Minnesota",MN,USA,True,Other,Dive,Brewpubs & bars,0.43,0.29,0.11,0.33,0.3,jev,2016-09-16,25,2016-09-16,2016,1,Closed,foodiepie,foodiepie,,Prairie-Dogs-Hot-Dogs-and-Sausage-Minneapolis-MN
Bagel Street,"Plainsboro Township, New Jersey",NJ,USA,True,Diner,Diner,Diner,,0.52,0.18,0.47,0.4,jev,2016-10-07,25,2016-10-07,2016,1,Open,,foodiepie,,Bagel-Street-Grill-Plainsboro-NJ
The Bun Shop,"Los Angeles, California",CA,USA,True,Other,Other,Global kitchens,0.99,0.09,0.09,0.24,0.99,jev,2016-10-07,25,2016-10-07,2016,1,Closed,foodiepie,foodiepie,,Bun-Shop-Los-Angeles-CA
The Kitchen,"Portsmouth, New Hampshire",NH,USA,True,Other,Diner,Sandwiches & delis,0.99,0.38,0.08,0.18,0.73,jev,2016-10-07,25,2016-10-07,2016,1,Open,,foodiepie,,Kitchen-Eatery-and-Catering-Portsmouth-NH
Rocky Hill Inn,"Rocky Hill, New Jersey",NJ,USA,True,Other,Dive,Brewpubs & bars,0.97,0.2,0.03,0.23,0.89,jev,2016-10-14,25,2016-10-14,2016,1,Open,,foodiepie,,Rocky-Hill-Inn-Eatery-and-Tavern-Rocky-Hill-NJ
Tuckaway Tavern & Butchery,"Raymond, New Hampshire",NH,USA,True,Dive,Dive,Dive,,0.24,0.09,0.54,0.4,jev,2016-10-14; 2020-05-01,25; 32,2016-10-14,2016,2,Open,,foodiepie,,Tuckaway-Tavern-and-Butchery-Raymond-NH
Vincentown Diner,"Vincentown, New Jersey",NJ,USA,True,Diner,Diner,Diner,,0.95,0.05,0.45,1.0,name,2016-10-14,25,2016-10-14,2016,1,Open,,foodiepie,,Vincentown-Diner-Vincentown-NJ
Ataula,"Portland, Oregon",OR,USA,True,Other,Other,Global kitchens,0.89,0.04,0.01,0.09,1.0,jev,2016-11-04,25,2016-11-04,2016,1,Closed,foodiepie,foodiepie,,Ataula-Portland-OR
P's & Q's Market,"Portland, Oregon",OR,USA,True,Other,Diner,Sandwiches & delis,0.79,0.46,0.06,0.31,0.89,jev,2016-11-04,25,2016-11-04,2016,1,Open,,foodiepie,,Ps-and-Qs-Market-Portland-OR
Vida Cantina,"Portsmouth, New Hampshire",NH,USA,True,Other,Dive,Mexican & Latin,1.0,0.06,0.03,0.22,0.95,jev,2016-11-04,25,2016-11-04,2016,1,Open,,foodiepie,,Vida-Cantina-Portsmouth-NH
45 Market Street Bakery & Cafe,"Somersworth, New Hampshire",NH,USA,True,Other,Diner,"Bakeries, cafes & desserts",0.98,0.4,0.09,0.28,0.89,jev,2016-11-18,25,2016-11-18,2016,1,Open,,foodiepie,,45-Market-Street-Bakery-and-Cafe-Somersworth-NH
Jammin' Crepes,"Princeton, New Jersey",NJ,USA,True,Other,Diner,"Bakeries, cafes & desserts",0.66,0.2,0.04,0.14,0.96,jev,2016-11-18,25,2016-11-18,2016,1,Open,,foodiepie,,Jammin-Crepes-Princeton-NJ
The Table Cafe,"Louisville, Kentucky",KY,USA,True,Diner,Diner,Diner,,0.46,0.06,0.25,0.35,jev,2016-11-18,25,2016-11-18,2016,1,Open,,foodiepie,,Table-Cafe-Louisville-KY
Gralehaus,"Louisville, Kentucky",KY,USA,True,Other,Diner,Breakfast & brunch,0.32,0.3,0.02,0.15,0.83,jev,2016-12-02,25,2016-12-02,2016,1,Open,,foodiepie,,Gralehaus-Louisville-KY
Grind Burger Kitchen,"Louisville, Kentucky",KY,USA,True,Other,Diner,New American bistros,0.8,0.33,0.17,0.24,0.32,jev,2016-12-02,25,2016-12-02,2016,1,Open,,foodiepie,,Grind-Burger-Kitchen-Louisville-KY
The Original Dinerant,"Portland, Oregon",OR,USA,True,Diner,Diner,Diner,,0.68,0.03,0.07,0.95,jev,2016-12-02,25,2016-12-02,2016,1,Open,,foodiepie,,Original-Dinerant-Portland-OR
Jersey Girl Cafe,"Hamilton Township, New Jersey",NJ,USA,True,Diner,Diner,Diner,,0.53,0.07,0.21,0.76,jev,2016-12-23,25,2016-12-23,2016,1,Open,,foodiepie,,Jersey-Girl-Cafe-Hamilton-NJ
"Momma's Mustard, Pickles & BBQ","Louisville, Kentucky",KY,USA,True,Other,Other,BBQ & smokehouses,1.0,0.1,0.19,0.38,1.0,jev,2016-12-23,25,2016-12-23,2016,1,Open,,foodiepie,,Mommas-Mustard-Pickles-and-BBQ-Louisville-KY
Tails & Trotters,"Portland, Oregon",OR,USA,True,Other,Other,Sandwiches & delis,0.94,0.14,0.13,0.36,1.0,jev,2016-12-23,25,2016-12-23,2016,1,Closed,foodiepie,foodiepie,,Tails-and-Trotters-Portland-OR
Cal Boter,"Barcelona, Spain",,Spain,False,Other,Dive,Global kitchens,0.91,0.1,0.01,0.34,0.96,jev,2017-01-06,26,2017-01-06,2017,1,Open,,web,,
Can Conesa,"Barcelona, Spain",,Spain,False,Dive,Dive,Dive,,0.11,0.19,0.8,0.85,jev,2017-01-06,26,2017-01-06,2017,1,Open,,web,,
Pulperia A Gudiña,"Barcelona, Spain",,Spain,False,Other,Dive,Seafood,0.79,0.03,0.01,0.56,0.69,jev,2017-01-06,26,2017-01-06,2017,1,Open,,web,,
Bar Morryssom,"Barcelona, Spain",,Spain,False,Dive,Dive,Dive,,0.02,0.02,0.91,1.0,jev,2017-01-13,26,2017-01-13,2017,1,Open,,web,,
Can Vilaro,"Barcelona, Spain",,Spain,False,Dive,Dive,Dive,,0.14,0.01,0.88,0.98,jev,2017-01-13,26,2017-01-13,2017,1,Open,,web,,
El Pacifico,"Barcelona, Spain",,Spain,False,Other,Other,Global kitchens,0.62,0.03,0.01,0.15,1.0,jev,2017-01-13,26,2017-01-13,2017,1,Open,,web,,
Dolce & Clemente's,"Robbinsville Township, New Jersey",NJ,USA,True,Other,Other,Butchers & markets,0.62,0.09,0.08,0.25,1.0,jev,2017-01-20,26,2017-01-20,2017,1,Open,,foodiepie,,Dolce-and-Clementes-Robbinsville-NJ
Matt's BBQ,"Portland, Oregon",OR,USA,True,Drive-In,Drive-In,Drive-In,,0.08,0.9,0.66,0.89,jev,2017-01-20,26,2017-01-20,2017,1,Open,,foodiepie,,Matts-BBQ-Portland-OR
The Seafood Lady,"Louisville, Kentucky",KY,USA,True,Diner,Diner,Diner,,0.71,0.15,0.62,0.88,jev,2017-01-20,26,2017-01-20,2017,1,Closed,foodiepie,foodiepie,,Seafood-Lady-Louisville-KY
JJ's Red Hots,"Charlotte, North Carolina",NC,USA,True,Drive-In,Drive-In,Drive-In,,0.24,0.33,0.55,0.42,jev,2017-02-10,26,2017-02-10,2017,1,Open,,foodiepie,,JJs-Red-Hots-Charlotte-NC
Papi Queso Food Truck,"Charlotte, North Carolina",NC,USA,True,Other,Diner,Sandwiches & delis,1.0,0.24,0.2,0.2,0.4,jev,2017-02-10,26,2017-02-10,2017,1,Open,,foodiepie,,Papi-Queso-Charlotte-NC
Swiss Hibiscus,"Portland, Oregon",OR,USA,True,Other,Other,Global kitchens,1.0,0.04,0.02,0.1,1.0,jev,2017-02-10,26,2017-02-10,2017,1,Open,,foodiepie,,Swiss-Hibiscus-Portland-OR
Bang Bang Burgers,"Charlotte, North Carolina",NC,USA,True,Other,Diner,New American bistros,0.96,0.25,0.17,0.12,0.71,jev,2017-02-17,26,2017-02-17,2017,1,Open,,foodiepie,,Bang-Bang-Burgers-Charlotte-NC
Irish Rover,"Louisville, Kentucky",KY,USA,True,Other,Dive,Brewpubs & bars,0.93,0.07,0.01,0.36,0.34,jev,2017-02-17,26,2017-02-17,2017,1,Open,,foodiepie,,Irish-Rover-Louisville-KY
The Improper Pig,"Charlotte, North Carolina",NC,USA,True,Other,Dive,BBQ & smokehouses,0.99,0.1,0.09,0.45,0.83,jev,2017-02-17,26,2017-02-17,2017,1,Closed,foodiepie,foodiepie,,Improper-Pig-Charlotte-NC
El Rincon de los Antojos,"Cancun, Mexico",,Mexico,False,Dive,Dive,Dive,,0.04,0.08,0.62,0.38,jev,2017-03-17,26,2017-03-17,2017,1,Open,,web,,
Guy Fieri's Playa del Carmen Kitchen & Bar,"Playa del Carmen, Mexico",,Mexico,False,Other,Other,Mexican & Latin,0.9,0.14,0.01,0.12,0.99,jev,2017-03-17,26,2017-03-17,2017,1,Open,,web,,
Mora Mora,"Cancun, Mexico",,Mexico,False,Other,Other,Global kitchens,0.8,0.1,0.01,0.12,1.0,jev,2017-03-17,26,2017-03-17,2017,1,Open,,web,,
El Fish Fritanga,"Cancun, Mexico",,Mexico,False,Other,Other,Seafood,0.99,0.02,0.02,0.18,1.0,jev,2017-03-24,26,2017-03-24,2017,1,Open,,web,,
Fud at Salud,"Charlotte, North Carolina",NC,USA,True,Other,Diner,Sandwiches & delis,0.99,0.41,0.1,0.22,0.84,jev,2017-03-24,26,2017-03-24,2017,1,Closed,foodiepie,foodiepie,,FuD-at-Salud-Charlotte-NC
Q-Shi,"Spring, Texas",TX,USA,True,Other,Other,BBQ & smokehouses,0.57,0.11,0.03,0.3,1.0,jev,2017-03-24,26,2017-03-24,2017,1,Open,,web,,
Heist Brewery,"Charlotte, North Carolina",NC,USA,True,Other,Other,Brewpubs & bars,1.0,0.07,0.01,0.15,1.0,jev,2017-03-31,26,2017-03-31,2017,1,Open,,web,,
Pinchez Tacos,"Cancun, Mexico",,Mexico,False,Dive,Dive,Dive,,0.03,0.18,0.54,0.9,jev,2017-03-31,26,2017-03-31,2017,1,Open,,web,,
The Original Marini's Empanada House,"Houston, Texas",TX,USA,True,Other,Dive,Mexican & Latin,1.0,0.11,0.24,0.46,0.95,jev,2017-03-31,26,2017-03-31,2017,1,Open,,web,,
Cafe Lili,"Houston, Texas",TX,USA,True,Other,Other,Global kitchens,1.0,0.05,0.05,0.3,1.0,jev,2017-04-07,26,2017-04-07,2017,1,Open,,foodiepie,,Cafe-Lili-Houston-TX
Cool Runnings Jamaican Grill,"Houston, Texas",TX,USA,True,Other,Other,Mexican & Latin,0.96,0.03,0.09,0.25,1.0,jev,2017-04-07,26,2017-04-07,2017,1,Open,,foodiepie,,Cool-Runnings-Jamaican-Grill-Houston-TX
The Surfin' Burrito,"Cancun, Mexico",,Mexico,False,Other,Dive,Mexican & Latin,1.0,0.06,0.28,0.36,0.46,jev,2017-04-07,26,2017-04-07,2017,1,Open,,web,,
Irma's Original,"Houston, Texas",TX,USA,True,Other,Other,Mexican & Latin,1.0,0.06,0.05,0.25,1.0,jev,2017-04-21,26,2017-04-21,2017,1,Open,,foodiepie,,Irmas-Restaurant-Houston-TX
Se7en Bites Bakeshop,"Orlando, Florida",FL,USA,True,Other,Diner,"Bakeries, cafes & desserts",0.72,0.5,0.07,0.19,0.79,jev,2017-04-21; 2020-05-15,26; 32,2017-04-21,2017,2,Open,,foodiepie,,Se7en-Bites-Orlando-FL
The Meatball Stoppe,"Orlando, Florida",FL,USA,True,Other,Other,Pizza & Italian,0.82,0.15,0.11,0.26,0.99,jev,2017-04-21,26,2017-04-21,2017,1,Closed,foodiepie,foodiepie,,Meatball-Stoppe-Orlando-FL
Cuchara Restaurant,"Houston, Texas",TX,USA,True,Other,Other,Mexican & Latin,1.0,0.04,0.03,0.23,0.99,jev,2017-04-28,26,2017-04-28,2017,1,Open,,foodiepie,,Cuchara-Restaurant-Houston-TX
The Pastrami Project,"Orlando, Florida",FL,USA,True,Drive-In,Drive-In,Drive-In,,0.1,0.93,0.31,0.9,jev,2017-04-28,26,2017-04-28,2017,1,Open,,foodiepie,,Pastrami-Project-Orlando-FL
Willie's Pinchos,"Orlando, Florida",FL,USA,True,Other,Dive,Mexican & Latin,0.99,0.3,0.17,0.51,0.85,jev,2017-04-28,26,2017-04-28,2017,1,Open,,foodiepie,,Willies-Pinchos-Orlando-FL
Fat One's Hot Dogs and Italian Ice,"Orlando, Florida",FL,USA,True,Drive-In,Drive-In,Drive-In,,0.23,0.37,0.27,0.68,jev,2017-05-12,26,2017-05-12,2017,1,Closed,foodiepie,foodiepie,,Fat-Ones-Hot-Dogs-and-Italian-Ice-Orlando-FL
Mrs. Potato,"Orlando, Florida",FL,USA,True,Other,Drive-In,Mexican & Latin,1.0,0.13,0.31,0.39,0.88,jev,2017-05-12,26,2017-05-12,2017,1,Open,,foodiepie,,Mrs-Potato-Orlando-FL
Sherman's Deli & Bakery,"Palm Springs, California",CA,USA,True,Other,Diner,Sandwiches & delis,1.0,0.38,0.1,0.33,0.99,jev,2017-05-12,26,2017-05-12,2017,1,Open,,foodiepie,,Shermans-Deli-and-Bakery-Palm-Desert-CA
Grill-a-Burger,"Palm Desert, California",CA,USA,True,Other,Drive-In,New American bistros,0.53,0.26,0.28,0.26,0.23,jev,2017-05-26,26,2017-05-26,2017,1,Open,,foodiepie,,Grill-A-Burger-Palm-Desert-CA
HoBo's BBQ,"Temecula, California",CA,USA,True,Other,Other,BBQ & smokehouses,1.0,0.22,0.15,0.34,0.99,jev,2017-05-26,26,2017-05-26,2017,1,Open,,foodiepie,,HoBos-BBQ-Temecula-CA
Saigon Noodle and Grill,"Orlando, Florida",FL,USA,True,Other,Other,Global kitchens,1.0,0.04,0.05,0.29,1.0,jev,2017-05-26,26,2017-05-26,2017,1,Open,,foodiepie,,Saigon-Noodle-and-Grill-Orlando-FL
Fleetwood's on Front St.,"Lahaina, Hawaii",HI,USA,True,Other,Other,New American bistros,0.92,0.08,0.01,0.07,1.0,jev,2017-06-09,26,2017-06-09,2017,1,Open,,foodiepie,,Fleetwoods-Lahaina-HI
Frankinbun,"Palm Springs, California",CA,USA,True,Drive-In,Drive-In,Drive-In,,0.32,0.46,0.26,0.62,jev,2017-06-09,26,2017-06-09,2017,1,Closed,foodiepie,foodiepie,,Frankinbun-Palm-Springs-CA
Thai Mee Up,"Kahului, Hawaii",HI,USA,True,Drive-In,Drive-In,Drive-In,,0.03,0.95,0.4,0.98,jev,2017-06-09,26,2017-06-09,2017,1,Open,,foodiepie,,Thai-Mee-Up-Kahului-HI
Down the Hatch Maui,"Lahaina, Hawaii",HI,USA,True,Other,Dive,Seafood,1.0,0.18,0.05,0.24,0.78,jev,2017-06-16,26,2017-06-16,2017,1,Open,,foodiepie,,Down-The-Hatch-Lahaina-HI
The Dirty Buffalo,"Norfolk, Virginia",VA,USA,True,Dive,Dive,Dive,,0.27,0.12,0.58,0.6,jev,2017-06-16,26,2017-06-16,2017,1,Open,,foodiepie,,Dirty-Buffalo-Norfolk-VA
Zobo & Meester's,"Cathedral City, California",CA,USA,True,Diner,Diner,Diner,,0.72,0.17,0.36,0.65,jev,2017-06-16,26,2017-06-16,2017,1,Closed,foodiepie,foodiepie,,Zobo-and-Meesters-Cathedral-City-CA
Carib Shack,"Virginia Beach, Virginia",VA,USA,True,Other,Dive,Mexican & Latin,1.0,0.07,0.24,0.39,0.95,jev,2017-06-30,26,2017-06-30,2017,1,Open,,foodiepie,,Carib-Shack-Virginia-Beach-VA
Maui Brick Oven,"Kihei, Hawaii",HI,USA,True,Other,Other,Pizza & Italian,0.97,0.1,0.1,0.27,1.0,jev,2017-06-30,26,2017-06-30,2017,1,Closed,foodiepie,foodiepie,,Maui-Brick-Oven-Kihei-HI
Wilma & Frieda,"Palm Desert, California",CA,USA,True,Diner,Diner,Diner,,0.74,0.08,0.35,0.98,jev,2017-06-30,26,2017-06-30,2017,1,Open,,foodiepie,,Wilma-and-Friedas-Cafe-Palm-Desert-CA
Alkaline,"Norfolk, Virginia",VA,USA,True,Other,Dive,Global kitchens,1.0,0.04,0.09,0.35,0.99,jev,2017-07-07,27,2017-07-07,2017,1,Open,,foodiepie,,Alkaline-Norfolk-VA
Brigit & Bernard's Garden Cafe,"Kahului, Hawaii",HI,USA,True,Other,Dive,Global kitchens,1.0,0.23,0.04,0.55,0.51,jev,2017-07-07,27,2017-07-07,2017,1,Open,,foodiepie,,Brigit-and-Bernards-Garden-Cafe-Kahului-HI
Pendulum Fine Meats,"Norfolk, Virginia",VA,USA,True,Other,Dive,Sandwiches & delis,0.53,0.23,0.07,0.46,0.82,jev,2017-07-07,27,2017-07-07,2017,1,Open,,foodiepie,,Pendulum-Fine-Meats-Norfolk-VA
Jessy's Tienda y Taqueria,"Norfolk, Virginia",VA,USA,True,Dive,Dive,Dive,,0.06,0.11,0.73,0.65,jev,2017-07-14,27,2017-07-14,2017,1,Open,,foodiepie,,Jessys-Taqueria-Norfolk-VA
Maui Fresh Streatery,"Kahului, Hawaii",HI,USA,True,Drive-In,Drive-In,Drive-In,,0.04,0.93,0.37,0.99,jev,2017-07-14; 2020-09-11,27; 33,2017-07-14,2017,2,Open,,foodiepie,,Maui-Fresh-Streatery-Kahului-HI
ediBOL,"Los Angeles, California",CA,USA,True,Other,Diner,New American bistros,0.54,0.19,0.06,0.07,0.96,jev,2017-07-14,27,2017-07-14,2017,1,Closed,foodiepie,foodiepie,,ediBOL-Los-Angeles-CA
Batterfish,"Santa Monica, California",CA,USA,True,Drive-In,Drive-In,Drive-In,,0.04,0.94,0.39,0.99,jev,2017-07-21,27,2017-07-21,2017,1,Closed,web,web,,
Horse Thief BBQ,"Los Angeles, California",CA,USA,True,Other,Dive,BBQ & smokehouses,1.0,0.12,0.13,0.34,0.96,jev,2017-07-21,27,2017-07-21,2017,1,Closed,foodiepie,foodiepie,,Horse-Thief-BBQ-Los-Angeles-CA
Three's Bar and Grill,"Kihei, Hawaii",HI,USA,True,Other,Dive,Global kitchens,0.96,0.16,0.04,0.3,0.83,jev,2017-07-21,27,2017-07-21,2017,1,Open,,foodiepie,,Threes-Bar-and-Grill-Kihei-HI
La Tostaderia,"Los Angeles, California",CA,USA,True,Other,Dive,Mexican & Latin,0.63,0.09,0.09,0.28,0.76,jev,2017-09-15,27,2017-09-15,2017,1,Open,,foodiepie,,La-Tostaderia-Los-Angeles-CA
Meat Southern BBQ & Carnivore Cuisine,"Lansing, Michigan",MI,USA,True,Other,Dive,BBQ & smokehouses,1.0,0.16,0.12,0.46,0.84,jev,2017-09-15,27,2017-09-15,2017,1,Open,,foodiepie,,Meat-BBQ-Lansing-MI
The Grilled Cheese Bistro,"Norfolk, Virginia",VA,USA,True,Other,Diner,Sandwiches & delis,0.93,0.28,0.05,0.19,0.95,jev,2017-09-15,27,2017-09-15,2017,1,Open,,foodiepie,,Grilled-Cheese-Bistro-Norfolk-VA
Capital City BBQ,"Lansing, Michigan",MI,USA,True,Other,Dive,BBQ & smokehouses,0.93,0.15,0.13,0.62,0.39,jev,2017-09-22,27,2017-09-22,2017,1,Open,,foodiepie,,Capital-City-BBQ-Lansing-MI
La Panaderia,"San Antonio, Texas",TX,USA,True,Other,Other,"Bakeries, cafes & desserts",0.97,0.1,0.07,0.17,1.0,jev,2017-09-22,27,2017-09-22,2017,1,Open,,foodiepie,,La-Panaderia-San-Antonio-TX
Zaytoon Mediterranean,"Lansing, Michigan",MI,USA,True,Other,Other,Global kitchens,1.0,0.04,0.1,0.26,1.0,jev,2017-09-22,27,2017-09-22,2017,1,Open,,foodiepie,,Zaytoon-Mediterranean-Lansing-MI
Bun-ker,"Ridgewood, Queens, New York",NY,USA,True,Other,Dive,Global kitchens,1.0,0.03,0.08,0.36,0.98,jev,2017-09-29,27,2017-09-29,2017,1,Closed,foodiepie,foodiepie,,Bunker-Brooklyn-NY
Blackbrick,"Miami, Florida",FL,USA,True,Other,Other,Global kitchens,1.0,0.03,0.02,0.15,1.0,jev,2017-10-06; 2020-05-29,27; 32,2017-10-06,2017,2,Closed,foodiepie,foodiepie,,Blackbrick-Chinese-and-Dim-Sum-Miami-FL
Fat Olives,"Flagstaff, Arizona",AZ,USA,True,Other,Other,Pizza & Italian,1.0,0.03,0.04,0.12,1.0,jev,2017-10-06,27,2017-10-06,2017,1,Open,,foodiepie,,Fat-Olives-Flagstaff-AZ
Sunset Pointe,"Fairhope, Alabama",AL,USA,True,Other,Dive,Seafood,0.96,0.08,0.05,0.15,0.99,jev,2017-10-06,27,2017-10-06,2017,1,Open,,foodiepie,,Sunset-Pointe-Fairhope-AL
Bourrée,"New Orleans, Louisiana",LA,USA,True,Dive,Dive,Dive,,0.13,0.06,0.64,0.96,jev,2017-10-13,27,2017-10-13,2017,1,Open,,foodiepie,,Bourree-New-Orleans-LA
Buya Ramen,"St. Petersburg, Florida",FL,USA,True,Other,Dive,Global kitchens,1.0,0.03,0.03,0.3,0.92,jev,2017-10-13,27,2017-10-13,2017,1,Open,,foodiepie,,Buya-St-Petersburg-FL
Eastside Fish Fry & Grill,"Lansing, Michigan",MI,USA,True,Dive,Dive,Dive,,0.21,0.26,0.69,0.62,jev,2017-10-13,27,2017-10-13,2017,1,Open,,foodiepie,,Eastside-Fish-Fry-and-Grill-Lansing-MI
Jitlada Restaurant,"Los Angeles, California",CA,USA,True,Other,Other,Global kitchens,1.0,0.04,0.04,0.2,1.0,jev,2017-11-10; 2021-04-16,27; 33,2017-11-10,2017,2,Open,,foodiepie,,Jitlada-Restaurant-Los-Angeles-CA
Loops,"Columbus, Ohio",OH,USA,True,Other,Dive,Sandwiches & delis,0.85,0.22,0.16,0.35,0.93,jev,2017-11-10,27,2017-11-10,2017,1,Open,,foodiepie,,Loops-Columbus-OH
The Roost,"Longmont, Colorado",CO,USA,True,Other,Dive,Brewpubs & bars,0.56,0.17,0.03,0.15,0.83,jev,2017-11-10,27,2017-11-10,2017,1,Open,,foodiepie,,Roost-Longmont-CO
Aloy Thai Cuisine,"Boulder, Colorado",CO,USA,True,Other,Other,Global kitchens,1.0,0.02,0.04,0.17,1.0,jev,2017-11-17,27,2017-11-17,2017,1,Open,,foodiepie,,Aloy-Thai-Cuisine-Boulder-CO
Pierogi Mountain,"Columbus, Ohio",OH,USA,True,Other,Diner,Global kitchens,1.0,0.19,0.07,0.32,0.98,jev,2017-11-17,27,2017-11-17,2017,1,Open,,foodiepie,,Pierogi-Mountain-Columbus-OH
Ray Ray's Hog Pit,"Columbus, Ohio",OH,USA,True,Drive-In,Drive-In,Drive-In,,0.06,0.94,0.44,0.92,jev,2017-11-17,27,2017-11-17,2017,1,Open,,foodiepie,,Ray-Rays-Hog-Pit-Columbus-OH
Bootleggers Modern America Smokehouse,"Scottsdale, Arizona",AZ,USA,True,Other,Other,BBQ & smokehouses,1.0,0.13,0.06,0.17,1.0,jev,2017-12-15,27,2017-12-15,2017,1,Open,,foodiepie,,Bootleggers-Modern-American-Smokehouse-Scottsdale-AZ
Nighthawk Breakfast Bar,"Venice, Los Angeles, California",CA,USA,True,Other,Diner,Breakfast & brunch,0.78,0.24,0.05,0.16,0.64,jev,2017-12-15,27,2017-12-15,2017,1,Open,,foodiepie,,Nighthawk-Breakfast-Bar-Venice-CA
Sweet Carrot,"Columbus, Ohio",OH,USA,True,Diner,Diner,Diner,,0.45,0.08,0.4,0.49,jev,2017-12-15,27,2017-12-15,2017,1,Closed,foodiepie,foodiepie,,Sweet-Carrot-Columbus-OH
Ena's Caribbean Kitchen,"Columbus, Ohio",OH,USA,True,Other,Other,Mexican & Latin,1.0,0.05,0.07,0.42,1.0,jev,2017-12-22,28,2017-12-22,2017,1,Open,,foodiepie,,Enas-Caribbean-Kitchen-Columbus-OH
Republica Empanada,"Mesa, Arizona",AZ,USA,True,Other,Dive,Mexican & Latin,1.0,0.13,0.16,0.51,0.89,jev,2017-12-22,28,2017-12-22,2017,1,Open,,foodiepie,,Republica-Empanada-Mesa-AZ
Zoe Ma Ma,"Boulder, Colorado",CO,USA,True,Other,Other,Global kitchens,1.0,0.03,0.14,0.36,0.99,jev,2017-12-22,28,2017-12-22,2017,1,Open,,foodiepie,,Zoe-Ma-Ma-Boulder-CO
Samples Restaurant,"Longmont, Colorado",CO,USA,True,Diner,Diner,Diner,,0.56,0.05,0.2,0.42,jev,2018-01-05,27,2018-01-05,2018,1,Closed,foodiepie,foodiepie,,Samples-Longmont-CO
Slanted Rice Vietnamese Bistro,"Scottsdale, Arizona",AZ,USA,True,Other,Other,Global kitchens,1.0,0.04,0.05,0.26,1.0,jev,2018-01-05,27,2018-01-05,2018,1,Open,,foodiepie,,Slanted-Rice-Vietnamese-Bistro-Scottsdale-AZ
Tutta's Pizza,"Dallas, Texas",TX,USA,True,Other,Drive-In,Pizza & Italian,0.93,0.09,0.68,0.41,0.49,jev,2018-01-05,27,2018-01-05,2018,1,Closed,foodiepie;wikipedia,foodiepie,,Tuttas-Pizza-Dallas-TX
Momo Ghar,"Columbus, Ohio",OH,USA,True,Other,Dive,Global kitchens,0.96,0.03,0.05,0.62,0.87,jev,2018-01-19,28,2018-01-19,2018,1,Closed,foodiepie,foodiepie,,Momo-Ghar-Dublin-OH
Nora Restaurant and Bar,"Dallas, Texas",TX,USA,True,Other,Other,Global kitchens,1.0,0.04,0.03,0.2,1.0,jev,2018-01-19,28,2018-01-19,2018,1,Open,,foodiepie,,Nora-Restaurant-and-Bar-Dallas-TX
Tacos Mariachi,"Dallas, Texas",TX,USA,True,Other,Dive,Mexican & Latin,1.0,0.07,0.09,0.3,0.74,jev,2018-01-19,28,2018-01-19,2018,1,Closed,foodiepie;wikipedia,foodiepie,,Tacos-Mariachi-Dallas-TX
One90 Smoked Meats,"Dallas, Texas",TX,USA,True,Other,Other,BBQ & smokehouses,1.0,0.13,0.15,0.19,1.0,jev,2018-02-02,28,2018-02-02,2018,1,Open,,foodiepie,,ONE90-Smoked-Meats-Dallas-TX
Tacos Chiwas,"Phoenix, Arizona",AZ,USA,True,Dive,Dive,Dive,,0.04,0.18,0.57,0.36,jev,2018-02-02; 2021-04-09,28; 33,2018-02-02,2018,2,Open,,foodiepie,,Tacos-Chiwas-Phoenix-AZ
The Post Brewing Company,"Longmont, Colorado",CO,USA,True,Other,Other,Brewpubs & bars,1.0,0.1,0.02,0.24,1.0,jev,2018-02-02,28,2018-02-02,2018,1,Open,,web,,
Audrey Jane's Pizza Garage,"Boulder, Colorado",CO,USA,True,Other,Other,Pizza & Italian,1.0,0.09,0.12,0.32,1.0,jev,2018-02-18; 2020-08-28,28; 33,2018-02-18,2018,2,Open,,foodiepie,,Audrey-Janes-Pizza-Garage-Boulder-CO
Grubstak,"Gilbert, Arizona",AZ,USA,True,Diner,Diner,Diner,,0.61,0.06,0.24,0.82,jev,2018-02-18,28,2018-02-18,2018,1,Closed,foodiepie;wikipedia,foodiepie,,Grubstak-Gilbert-AZ
Whistle Britches,"Dallas, Texas",TX,USA,True,Dive,Dive,Dive,,0.33,0.08,0.43,0.44,jev,2018-02-18,28,2018-02-18,2018,1,Open,,foodiepie,,Whistle-Britches-Dallas-TX
Aloha Kitchen,"Mesa, Arizona",AZ,USA,True,Other,Other,Global kitchens,1.0,0.07,0.11,0.26,1.0,jev,2018-03-02,28,2018-03-02,2018,1,Open,,foodiepie,,Aloha-Kitchen-Mesa-AZ
Mojo Donuts and Fried Chicken,"Miami, Florida",FL,USA,True,Other,Drive-In,"Bakeries, cafes & desserts",0.81,0.28,0.36,0.33,0.48,jev,2018-03-02,28,2018-03-02,2018,1,Open,,foodiepie,,Mojo-Donuts-and-Fried-Chicken-Miami-FL
Renee's Organic Oven,"Tucson, Arizona",AZ,USA,True,Other,Other,Pizza & Italian,1.0,0.08,0.04,0.18,1.0,jev,2018-03-02,28,2018-03-02,2018,1,Open,,foodiepie,,Renees-Organic-Oven-Tucson-AZ
CrushCraft Thai Street Eats,"Dallas, Texas",TX,USA,True,Other,Other,Global kitchens,1.0,0.03,0.06,0.21,1.0,jev,2018-03-09,28,2018-03-09,2018,1,Open,,foodiepie,,Crushcraft-Thai-Eats-Dallas-TX
Milly's Empanada Factory,"Miami, Florida",FL,USA,True,Other,Dive,Mexican & Latin,1.0,0.08,0.3,0.52,0.59,jev,2018-03-09,28,2018-03-09,2018,1,Open,,foodiepie,,Millys-Empanada-Factory-Miami-FL
Zemam's,"Tucson, Arizona",AZ,USA,True,Other,Other,Global kitchens,1.0,0.02,0.04,0.32,1.0,jev,2018-03-09,28,2018-03-09,2018,1,Closed,foodiepie,foodiepie,,Zemams-Tucson-AZ
Cafe Tumerico,"Tucson, Arizona",AZ,USA,True,Other,Diner,Mexican & Latin,0.28,0.12,0.07,0.2,0.96,jev,2018-03-30,28,2018-03-30,2018,1,Open,,foodiepie,,Tumerico-Vegetarian-Food-Tucson-AZ
Ceviche's,"Wilmington, North Carolina",NC,USA,True,Other,Other,Mexican & Latin,0.97,0.05,0.07,0.2,1.0,jev,2018-03-30,28,2018-03-30,2018,1,Open,,foodiepie,,Ceviches-Wilmington-NC
Mr. & Mrs. Bun,"Miami, Florida",FL,USA,True,Other,Other,Sandwiches & delis,0.87,0.13,0.13,0.22,0.99,jev,2018-03-30,28,2018-03-30,2018,1,Open,,foodiepie,,Mr-and-Mrs-Bun-Miami-FL
Copper Penny,"Wilmington, North Carolina",NC,USA,True,Dive,Dive,Dive,,0.35,0.1,0.8,0.99,jev,2018-04-06,28,2018-04-06,2018,1,Open,,foodiepie,,Copper-Penny-Wilmington-NC
Inca's Peruvian Cuisine,"Tucson, Arizona",AZ,USA,True,Other,Other,Mexican & Latin,1.0,0.03,0.05,0.19,1.0,jev,2018-04-06,28,2018-04-06,2018,1,Open,,foodiepie,,Incas-Peruvian-Cuisine-Tucson-AZ
The Cosmos,"Lansing, Michigan",MI,USA,True,Other,Other,Pizza & Italian,1.0,0.05,0.08,0.28,1.0,jev,2018-04-06,28,2018-04-06,2018,1,Open,,foodiepie,,Cosmos-Wood-Fired-Pizza-Lansing-MI
Chef Alisah's Restaurant,"Tucson, Arizona",AZ,USA,True,Other,Other,Global kitchens,1.0,0.04,0.04,0.2,1.0,jev,2018-04-27,28,2018-04-27,2018,1,Open,,foodiepie,,Chef-Alisahs-Restaurant-Tucson-AZ
Something Fishy Seafood Restaurant,"Wilmington, North Carolina",NC,USA,True,Other,Dive,Seafood,1.0,0.12,0.07,0.38,0.8,jev,2018-04-27,28,2018-04-27,2018,1,Open,,foodiepie,,Something-Fishy-Seafood-Restaurant-Wilmington-NC
The Purple Carrot,"Okemos, Michigan",MI,USA,True,Drive-In,Drive-In,Drive-In,,0.06,0.93,0.15,1.0,jev,2018-04-27,28,2018-04-27,2018,1,Open,,foodiepie,,Purple-Carrot-Okemos-MI
Doce Provisions,"Miami, Florida",FL,USA,True,Other,Dive,Mexican & Latin,0.61,0.11,0.04,0.17,0.97,jev,2018-05-04,28,2018-05-04,2018,1,Closed,wikipedia,foodiepie,,Doce-Provisions-Miami-FL
Fork-n-Cork,"Wilmington, North Carolina",NC,USA,True,Other,Diner,New American bistros,1.0,0.2,0.02,0.07,0.99,jev,2018-05-04,28,2018-05-04,2018,1,Open,,foodiepie,,Fork-N-Cork-Wilmington-NC
Rocco's Little Chicago,"Tucson, Arizona",AZ,USA,True,Other,Other,Pizza & Italian,1.0,0.13,0.07,0.33,0.99,jev,2018-05-04,28,2018-05-04,2018,1,Open,,foodiepie,,Roccos-Little-Chicago-Tucson-AZ
Cast Iron Kitchen,"Wilmington, North Carolina",NC,USA,True,Diner,Diner,Diner,,0.68,0.07,0.3,0.91,jev,2018-05-25,28,2018-05-25,2018,1,Open,,foodiepie,,Cast-Iron-Kitchen-Wilmington-NC
Southern Cafe,"Oakland, California",CA,USA,True,Diner,Diner,Diner,,0.49,0.06,0.35,0.49,jev,2018-05-25,28,2018-05-25,2018,1,Open,,foodiepie,,Southern-Cafe-Oakland-CA
Wood Shop BBQ,"Seattle, Washington",WA,USA,True,Other,Other,BBQ & smokehouses,1.0,0.11,0.19,0.35,1.0,jev,2018-05-25,28,2018-05-25,2018,1,Open,,foodiepie,,Wood-Shop-BBQ-Seattle-WA
Calafia Cafe,"Palo Alto, California",CA,USA,True,Other,Diner,New American bistros,0.98,0.44,0.06,0.13,0.56,jev,2018-06-08,28,2018-06-08,2018,1,Closed,foodiepie,foodiepie,,Calafia-Cafe-and-Market-A-Go-Go-Palo-Alto-CA
Sweet n Savory Cafe,"Wilmington, North Carolina",NC,USA,True,Diner,Diner,Diner,,0.73,0.05,0.25,0.95,jev,2018-06-08,28,2018-06-08,2018,1,Closed,wikipedia,foodiepie,,Sweet-n-Savory-Cafe-Wilmington-NC
W.E.P.A.! at Brix 581,"Oakland, California",CA,USA,True,Dive,Dive,Dive,,0.07,0.03,0.47,0.49,jev,2018-06-08,28,2018-06-08,2018,1,Open,,foodiepie,,WEPA-at-BRIX-581-Oakland-CA
LOBA Restaurant,"Miami, Florida",FL,USA,True,Other,Other,Mexican & Latin,0.73,0.11,0.04,0.09,1.0,jev,2018-06-29,28,2018-06-29,2018,1,Closed,foodiepie,foodiepie,,LOBA-Miami-FL
Pazzo,"San Carlos, California",CA,USA,True,Other,Other,Pizza & Italian,1.0,0.03,0.04,0.15,1.0,jev,2018-06-29,28,2018-06-29,2018,1,Open,,foodiepie,,Pazzo-San-Carlos-CA
Umekes Fishmarket Bar & Grill,"Kailua-Kona, Hawaii",HI,USA,True,Other,Dive,Seafood,0.7,0.13,0.07,0.39,0.83,jev,2018-06-29,28,2018-06-29,2018,1,Open,,foodiepie,,Umekes-Fishmarket-Bar--and-Grill-Kailua-Kona-HI
Foster's Kitchen,"Kailua-Kona, Hawaii",HI,USA,True,Other,Dive,New American bistros,0.63,0.2,0.04,0.28,0.79,jev,2018-07-06,28,2018-07-06,2018,1,Open,,foodiepie,,Fosters-Kitchen-Kailua-Kona-HI
Pizzeria Credo,"Seattle, Washington",WA,USA,True,Other,Other,Pizza & Italian,1.0,0.03,0.04,0.11,1.0,jev,2018-07-06,28,2018-07-06,2018,1,Closed,foodiepie;wikipedia,foodiepie,,Pizzeria-Credo-Seattle-WA
Scolari's Good Eats,"Alameda, California",CA,USA,True,Diner,Diner,Diner,,0.36,0.23,0.22,0.32,jev,2018-07-06,28,2018-07-06,2018,1,Open,,foodiepie,,Scolaris-Alameda-CA
Grand Harbor,"San Francisco, California",CA,USA,True,Other,Other,Global kitchens,0.69,0.03,0.01,0.08,1.0,jev,2018-07-27,28,2018-07-27,2018,1,Open,,foodiepie,,Grand-Harbor-Burlingame-CA
Rebel Kitchen,"Kealakekua, Hawaii",HI,USA,True,Diner,Diner,Diner,,0.64,0.19,0.51,0.66,jev,2018-07-27,28,2018-07-27,2018,1,Open,,foodiepie,,Rebel-Kitchen-Kealakekua-HI
The Red Door,"Seattle, Washington",WA,USA,True,Dive,Dive,Dive,,0.17,0.02,0.71,0.98,jev,2018-07-27,28,2018-07-27,2018,1,Closed,foodiepie;wikipedia,foodiepie,,Red-Door-Seattle-WA
Island Lava Java,"Kailua-Kona, Hawaii",HI,USA,True,Other,Dive,Brewpubs & bars,0.39,0.2,0.03,0.21,0.97,jev,2018-08-03,28,2018-08-03,2018,1,Open,,foodiepie,,Island-Lava-Java-Kona-Kailua-Kona-HI
Saucy Porka,"Chicago, Illinois",IL,USA,True,Other,Diner,Mexican & Latin,0.33,0.2,0.07,0.22,0.92,jev,2018-08-03,28,2018-08-03,2018,1,Open,,foodiepie,,Saucy-Porka-Chicago-IL
Sisters and Brothers Bar,"Seattle, Washington",WA,USA,True,Dive,Dive,Dive,,0.22,0.15,0.61,0.95,jev,2018-08-03,28,2018-08-03,2018,1,Open,,foodiepie,,Sisters-And-Brothers-Seattle-WA
Kanaka Kava,"Kailua-Kona, Hawaii",HI,USA,True,Other,Dive,Global kitchens,0.99,0.05,0.08,0.34,0.96,jev,2018-08-10,28,2018-08-10,2018,1,Open,,foodiepie,,Kanaka-Kava-Kailua-Kona-HI
Manny's Cafeteria and Delicatessen,"Chicago, Illinois",IL,USA,True,Other,Diner,Sandwiches & delis,1.0,0.54,0.04,0.44,0.86,jev,2018-08-10,28,2018-08-10,2018,1,Open,,foodiepie,,Mannys-Cafeteria-and-Delicatessen-Chicago-IL
Piroshki on 3rd,"Seattle, Washington",WA,USA,True,Other,Other,"Bakeries, cafes & desserts",0.96,0.05,0.13,0.16,1.0,jev,2018-08-10,28,2018-08-10,2018,1,Open,,web,,
Bok a Bok,"Seattle, Washington",WA,USA,True,Other,Drive-In,Global kitchens,1.0,0.08,0.24,0.31,0.92,jev,2018-08-31,28,2018-08-31,2018,1,Open,,web,,
Del Seoul,"Chicago, Illinois",IL,USA,True,Other,Other,Global kitchens,1.0,0.09,0.08,0.21,1.0,jev,2018-08-31,28,2018-08-31,2018,1,Open,,foodiepie,,Del-Seoul-Chicago-IL
Original Thai,"Kailua-Kona, Hawaii",HI,USA,True,Other,Other,Global kitchens,1.0,0.04,0.05,0.28,1.0,jev,2018-08-31,28,2018-08-31,2018,1,Open,,foodiepie,,Original-Thai-Cuisine-Kailua-Kona-HI
Blue Toba,"Ashland, Oregon",OR,USA,True,Other,Other,Global kitchens,1.0,0.02,0.06,0.24,1.0,jev,2018-09-07,28,2018-09-07,2018,1,Open,,foodiepie,,Blue-Toba-Ashland-OR
Broke Da Mouth Grindz,"Kailua-Kona, Hawaii",HI,USA,True,Other,Dive,Global kitchens,1.0,0.27,0.23,0.32,0.78,jev,2018-09-07,28,2018-09-07,2018,1,Open,,foodiepie,,Broke-Da-Mouth-Grindz-Kailua-Kona-HI
MFK,"Chicago, Illinois",IL,USA,True,Other,Other,Seafood,0.96,0.03,0.03,0.12,1.0,jev,2018-09-07,28,2018-09-07,2018,1,Open,,foodiepie,,mfk-Chicago-IL
Bella Luna Cafe,"Chicago, Illinois",IL,USA,True,Other,Other,Pizza & Italian,1.0,0.09,0.05,0.33,1.0,jev,2018-09-21,29,2018-09-21,2018,1,Closed,foodiepie,foodiepie,,Bella-Luna-Bar-and-Pizza-Chicago-IL
Ruins,"Spokane, Washington",WA,USA,True,Other,Dive,Brewpubs & bars,0.51,0.07,0.02,0.19,0.92,jev,2018-09-21,29,2018-09-21,2018,1,Open,,foodiepie,,Ruins-Spokane-WA
Sun Wah BBQ,"Chicago, Illinois",IL,USA,True,Other,Other,Global kitchens,0.92,0.03,0.06,0.36,1.0,jev,2018-09-21,29,2018-09-21,2018,1,Open,,foodiepie,,Sun-Wah-Bar-B-Que-Chicago-IL
Agave,"Ashland, Oregon",OR,USA,True,Other,Other,Mexican & Latin,1.0,0.04,0.07,0.16,0.99,jev,2018-09-28,29,2018-09-28,2018,1,Open,,foodiepie,,Agave-Ashland-OR
Nordic Smoke BBQ,"Spokane, Washington",WA,USA,True,Drive-In,Drive-In,Drive-In,,0.05,0.92,0.4,0.85,jev,2018-09-28,29,2018-09-28,2018,1,Open,,foodiepie,,Nordic-Smoke-BBQ-Spokane-WA
Roost Fried Chicken,"Bozeman, Montana",MT,USA,True,Other,Diner,"Southern, Cajun & soul",1.0,0.29,0.21,0.32,0.61,jev,2018-09-28,29,2018-09-28,2018,1,Open,,foodiepie,,Roost-Fried-Chicken-Bozeman-MT
Flyway Brewing,"North Little Rock, Arkansas",AR,USA,True,Other,Dive,Brewpubs & bars,1.0,0.08,0.06,0.3,0.97,jev,2018-10-19,29,2018-10-19,2018,1,Open,,foodiepie,,Flyway-Brewing-North-Little-Rock-AR
La Terraza Rum Longe,"Little Rock, Arkansas",AR,USA,True,Other,Other,Mexican & Latin,0.55,0.03,0.03,0.13,1.0,jev,2018-10-19,29,2018-10-19,2018,1,Open,,foodiepie,,La-Terraza-Rum-and-Lounge-Little-Rock-AR
Storm Castle Cafe,"Bozeman, Montana",MT,USA,True,Diner,Diner,Diner,,0.71,0.04,0.35,0.97,jev,2018-10-19,29,2018-10-19,2018,1,Open,,foodiepie,,Storm-Castle-Cafe-and-Catering-Bozeman-MT
Bruno's Little Italy,"Little Rock, Arkansas",AR,USA,True,Other,Dive,Pizza & Italian,1.0,0.09,0.04,0.4,0.94,jev,2018-10-26,29,2018-10-26,2018,1,Open,,foodiepie,,Brunos-Little-Italy-Little-Rock-AR
North Bar,"Little Rock, Arkansas",AR,USA,True,Dive,Dive,Dive,,0.37,0.15,0.66,0.94,jev,2018-10-26,29,2018-10-26,2018,1,Open,,foodiepie,,North-Bar-North-Little-Rock-AR
Zoftig Eatery,"Santa Rosa, California",CA,USA,True,Other,Diner,New American bistros,0.73,0.37,0.08,0.14,0.52,jev,2018-10-26,29,2018-10-26,2018,1,Open,,foodiepie,,Zoftig-Eatery-Santa-Rosa-CA
Cochon Volant BBQ,"Sonoma, California",CA,USA,True,Other,Drive-In,BBQ & smokehouses,1.0,0.15,0.25,0.27,0.96,jev,2018-11-09,29,2018-11-09,2018,1,Closed,foodiepie,foodiepie,,Cochon-Volant-BBQ-Smokehouse-Sonoma-CA
Simply Vietnam Express,"Santa Rosa, California",CA,USA,True,Other,Dive,Global kitchens,1.0,0.05,0.09,0.46,0.98,jev,2018-11-09,29,2018-11-09,2018,1,Open,,foodiepie,,Simply-Vietnam-Express-Santa-Rosa-CA
The Fold: Botanas & Bar,"Little Rock, Arkansas",AR,USA,True,Dive,Dive,Dive,,0.11,0.04,0.62,0.82,jev,2018-11-09,29,2018-11-09,2018,1,Open,,foodiepie,,Fold-Botanas-and-Bar-Little-Rock-AR
Eight Noodle Shop,"Napa, California",CA,USA,True,Other,Other,Global kitchens,1.0,0.04,0.05,0.17,1.0,jev,2018-11-23,29,2018-11-23,2018,1,Closed,foodiepie;wikipedia,foodiepie,,Eight-Noodle-Shop-Napa-CA
Smoke Shack,"San Antonio, Texas",TX,USA,True,Drive-In,Drive-In,Drive-In,,0.14,0.82,0.61,0.82,jev,2018-11-23,29,2018-11-23,2018,1,Closed,foodiepie,foodiepie,,Smoke-Shack-San-Antonio-TX
The Root Cafe,"Little Rock, Arkansas",AR,USA,True,Diner,Diner,Diner,,0.58,0.08,0.35,0.79,jev,2018-11-23,29,2018-11-23,2018,1,Open,,foodiepie,,Root-Cafe-Little-Rock-AR
Fat Tummy,"San Antonio, Texas",TX,USA,True,Other,Other,Mexican & Latin,1.0,0.05,0.18,0.26,0.99,jev,2018-11-30,29,2018-11-30,2018,1,Open,,foodiepie,,Fat-Tummy-Empanadas-San-Antonio-TX
Wrigleyville,"San Antonio, Texas",TX,USA,True,Other,Diner,Sandwiches & delis,0.99,0.39,0.27,0.43,0.25,jev,2018-11-30,29,2018-11-30,2018,1,Open,,foodiepie,,Wrigleyville-Grill-San-Antonio-TX
Zazu Kitchen + Farm,"Sebastopol, California",CA,USA,True,Other,Diner,New American bistros,0.98,0.32,0.26,0.21,0.86,jev,2018-11-30,29,2018-11-30,2018,1,Closed,foodiepie,foodiepie,,Zazu-Kitchen-and-Farm-Sebastopol-CA
Dignowity Meats,"San Antonio, Texas",TX,USA,True,Other,Other,Sandwiches & delis,0.87,0.25,0.12,0.26,1.0,jev,2018-12-14,29,2018-12-14,2018,1,Closed,wikipedia,foodiepie,,Dignowity-Meats-On-Houston-Street-San-Antonio-TX
Ma Harper's Creole Kitchen,"San Antonio, Texas",TX,USA,True,Other,Dive,"Southern, Cajun & soul",1.0,0.18,0.06,0.49,0.94,jev,2018-12-14,29,2018-12-14,2018,1,Open,,foodiepie,,Ma-Harpers-Creole-Kitchen-San-Antonio-TX
Taqueria Molcajetes,"Santa Rosa, California",CA,USA,True,Other,Dive,Mexican & Latin,1.0,0.03,0.09,0.42,0.73,jev,2018-12-14,29,2018-12-14,2018,1,Open,,foodiepie,,Taqueria-Molcajetes-Santa-Rosa-CA
Curry Pizza,"West Valley City, Utah",UT,USA,True,Other,Other,Pizza & Italian,0.78,0.05,0.08,0.24,1.0,jev,2019-01-04,29,2019-01-04,2019,1,Open,,foodiepie,,Curry-Pizza-West-Valley-City-UT
Finn's Cafe,"Salt Lake City, Utah",UT,USA,True,Diner,Diner,Diner,,0.93,0.05,0.27,1.0,jev,2019-01-04,29,2019-01-04,2019,1,Open,,foodiepie,,Finns-Salt-Lake-City-UT
Red's Chinese,"New Orleans, Louisiana",LA,USA,True,Other,Other,Global kitchens,1.0,0.07,0.04,0.17,1.0,jev,2019-01-04,29,2019-01-04,2019,1,Closed,foodiepie,foodiepie,,Reds-Chinese-New-Orleans-LA
Luna Rosa Puerto Rican Grill y Tapas,"San Antonio, Texas",TX,USA,True,Other,Other,Mexican & Latin,1.0,0.07,0.05,0.3,1.0,jev,2019-01-11,30,2019-01-11,2019,1,Open,,foodiepie,,Luna-Rosa-Puerto-Rican-Grill-Y-Tapas-San-Antonio-TX
Marjie's Grill,"New Orleans, Louisiana",LA,USA,True,Other,Other,"Southern, Cajun & soul",0.74,0.12,0.09,0.26,1.0,jev,2019-01-11,30,2019-01-11,2019,1,Closed,wikipedia,foodiepie,,Marjies-Grill-New-Orleans-LA
Turkey and the Wolf,"New Orleans, Louisiana",LA,USA,True,Other,Dive,Sandwiches & delis,0.98,0.24,0.08,0.31,0.5,jev,2019-01-11,30,2019-01-11,2019,1,Open,,foodiepie,,Turkey-and-the-Wolf-New-Orleans-LA
Hruska's Kolaches,"Salt Lake City, Utah",UT,USA,True,Other,Other,"Bakeries, cafes & desserts",0.99,0.08,0.09,0.16,1.0,jev,2019-01-25; 2020-09-11,29; 33,2019-01-25,2019,2,Open,,foodiepie,,Hruskas-Kolaches-Salt-Lake-City-UT
Proper Burger Company,"Salt Lake City, Utah",UT,USA,True,Other,Dive,Brewpubs & bars,0.98,0.3,0.17,0.37,0.8,jev,2019-01-25,29,2019-01-25,2019,1,Open,,foodiepie,,Proper-Burger-Salt-Lake-City-UT
Rreal Tacos,"Atlanta, Georgia",GA,USA,True,Dive,Dive,Dive,,0.04,0.14,0.55,0.66,jev,2019-01-25,29,2019-01-25,2019,1,Open,,foodiepie,,Rreal-Tacos-Atlanta-GA
Laziz Kitchen,"Salt Lake City, Utah",UT,USA,True,Other,Other,Global kitchens,1.0,0.09,0.13,0.19,1.0,jev,2019-02-08,29,2019-02-08,2019,1,Open,,web,,
OneTaco,"Austin, Texas",TX,USA,True,Other,Dive,Mexican & Latin,1.0,0.04,0.28,0.34,0.41,jev,2019-02-08,29,2019-02-08,2019,1,Open,,web,,
Yakitori Jinbei,"Smyrna, Georgia",GA,USA,True,Other,Other,Global kitchens,1.0,0.05,0.02,0.26,1.0,jev,2019-02-08,29,2019-02-08,2019,1,Open,,web,,
Purgatory,"Salt Lake City, Utah",UT,USA,True,Other,Dive,Brewpubs & bars,0.75,0.04,0.02,0.23,0.71,jev,2019-02-15,29,2019-02-15,2019,1,Open,,foodiepie,,Purgatory-Salt-Lake-City-UT
Twisted Soul Cookhouse & Pours,"Atlanta, Georgia",GA,USA,True,Other,Diner,"Southern, Cajun & soul",0.99,0.21,0.03,0.12,0.97,jev,2019-02-15,29,2019-02-15,2019,1,Open,,foodiepie,,Twisted-Soul-Cookhouse-and-Pours-Atlanta-GA
Valentina's,"Austin, Texas",TX,USA,True,Drive-In,Drive-In,Drive-In,,0.09,0.94,0.38,0.98,jev,2019-02-15,29,2019-02-15,2019,1,Closed,wikipedia,foodiepie,,Valentinas-Tex-Mex-BBQ-Austin-TX
Holy Roller,"Austin, Texas",TX,USA,True,Diner,Diner,Diner,,0.92,0.05,0.35,1.0,jev,2019-02-22,29,2019-02-22,2019,1,Closed,foodiepie;wikipedia,foodiepie,,Holy-Roller-Austin-TX
SLAB BBQ & Beer,"Austin, Texas",TX,USA,True,Other,Dive,BBQ & smokehouses,1.0,0.12,0.17,0.48,0.68,jev,2019-02-22,29,2019-02-22,2019,1,Open,,foodiepie,,SLAB-BBQ-and-Beer-Austin-TX
Vinny's Bakery,"Pasco, Washington",WA,USA,True,Other,Diner,"Bakeries, cafes & desserts",0.94,0.35,0.08,0.25,0.97,jev,2019-02-22,29,2019-02-22,2019,1,Closed,foodiepie;wikipedia,foodiepie,,Vinnys-Bakery-and-Cafe-Pasco-WA
Avery's on Tulane,"New Orleans, Louisiana",LA,USA,True,Other,Dive,"Southern, Cajun & soul",0.41,0.24,0.13,0.31,0.68,jev,2019-03-01,29,2019-03-01,2019,1,Closed,foodiepie,foodiepie,,Averys-On-Tulane-New-Orleans-LA
Piece of Meat,"New Orleans, Louisiana",LA,USA,True,Other,Dive,Butchers & markets,0.99,0.14,0.08,0.38,0.95,jev,2019-03-01,29,2019-03-01,2019,1,Closed,foodiepie,foodiepie,,Piece-Of-Meat-New-Orleans-LA
Seither's Seafood,"New Orleans, Louisiana",LA,USA,True,Dive,Dive,Dive,,0.09,0.28,0.62,0.88,jev,2019-03-01,29,2019-03-01,2019,1,Open,,foodiepie,,Seithers-Seafood-New-Orleans-LA
Boteco,"Austin, Texas",TX,USA,True,Drive-In,Drive-In,Drive-In,,0.04,0.94,0.4,0.92,jev,2019-03-08,29,2019-03-08,2019,1,Closed,wikipedia,foodiepie,,Boteco-Austin-TX
Greens & Gravy,"Atlanta, Georgia",GA,USA,True,Other,Diner,"Southern, Cajun & soul",1.0,0.21,0.08,0.24,0.93,jev,2019-03-08,29,2019-03-08,2019,1,Closed,foodiepie,foodiepie,,Greens-and-Gravy-Atlanta-GA
Porter's Real Barbecue,"Richland, Washington",WA,USA,True,Other,Other,BBQ & smokehouses,1.0,0.09,0.18,0.35,1.0,jev,2019-03-08,29,2019-03-08,2019,1,Open,,foodiepie,,Porters-Real-Barbecue-Richland-WA
Hankook Taqueria,"Atlanta, Georgia",GA,USA,True,Other,Dive,Mexican & Latin,0.77,0.05,0.16,0.43,0.53,jev,2019-03-29,29,2019-03-29,2019,1,Open,,foodiepie,,Hankook-Taqueria-Atlanta-GA
Pieous,"Austin, Texas",TX,USA,True,Other,Other,New American bistros,0.42,0.16,0.06,0.08,1.0,jev,2019-03-29,29,2019-03-29,2019,1,Open,,foodiepie,,Pieous-Austin-TX
The Folded Pizza Pie,"Richland, Washington",WA,USA,True,Other,Other,Pizza & Italian,1.0,0.09,0.12,0.3,1.0,jev,2019-03-29,29,2019-03-29,2019,1,Closed,foodiepie;wikipedia,foodiepie,,Folded-Pizza-Pie-Richland-WA
Barley's Brewhub,"Kennewick, Washington",WA,USA,True,Other,Dive,Brewpubs & bars,1.0,0.08,0.02,0.41,0.83,jev,2019-04-12,29,2019-04-12,2019,1,Open,,web,,
Fable Diner,"Vancouver, British Columbia, Canada",BC,Canada,False,Diner,Diner,Diner,,0.95,0.02,0.08,1.0,name,2019-04-12,29,2019-04-12,2019,1,Open,,web,,
Pijiu Belly,"Atlanta, Georgia",GA,USA,True,Other,Dive,Brewpubs & bars,1.0,0.1,0.03,0.27,0.52,jev,2019-04-12,29,2019-04-12,2019,1,Closed,wikipedia;web,web,,
Grana,"Chico, California",CA,USA,True,Other,Other,Pizza & Italian,0.93,0.03,0.01,0.05,1.0,jev,2019-04-19,29,2019-04-19,2019,1,Open,,web,,
The Banshee,"Chico, California",CA,USA,True,Dive,Dive,Dive,,0.06,0.01,0.52,0.68,jev,2019-04-19,29,2019-04-19,2019,1,Open,,web,,
Upper Crust Bakery & Cafe,"Chico, California",CA,USA,True,Other,Diner,"Bakeries, cafes & desserts",1.0,0.37,0.11,0.15,0.96,jev,2019-04-19,29,2019-04-19,2019,1,Open,,web,,
Ethos Bakery & Cafe,"Richland, Washington",WA,USA,True,Other,Diner,"Bakeries, cafes & desserts",1.0,0.28,0.08,0.13,0.99,jev,2019-05-03,29,2019-05-03,2019,1,Open,,web,,
Sin of Cortez,"Chico, California",CA,USA,True,Diner,Diner,Diner,,0.87,0.15,0.54,0.99,jev,2019-05-03,29,2019-05-03,2019,1,Open,,web,,
The Pie Hole,"Vancouver, British Columbia, Canada",BC,Canada,False,Other,Other,"Bakeries, cafes & desserts",1.0,0.15,0.08,0.14,1.0,jev,2019-05-03,29,2019-05-03,2019,1,Open,,web,,
Frost Me Sweet Bakery & Bistro,"Richland, Washington",WA,USA,True,Other,Other,"Bakeries, cafes & desserts",0.99,0.15,0.01,0.06,1.0,jev,2019-05-10,29,2019-05-10,2019,1,Open,,web,,
Momona,"Chico, California",CA,USA,True,Other,Other,Global kitchens,1.0,0.03,0.01,0.16,1.0,jev,2019-05-10,29,2019-05-10,2019,1,Open,,web,,
Tuc Craft Kitchen,"Vancouver, British Columbia, Canada",BC,Canada,False,Other,Dive,Brewpubs & bars,1.0,0.11,0.01,0.18,0.98,jev,2019-05-10,29,2019-05-10,2019,1,Closed,wikipedia;web,web,,
Grand Ole BBQ,"San Diego, California",CA,USA,True,Other,Other,BBQ & smokehouses,1.0,0.07,0.09,0.19,1.0,jev,2019-05-24,30,2019-05-24,2019,1,Open,,foodiepie,,Grand-Ole-Bbq-Y-Asado-San-Diego-CA
Locale BBQ Post,"Wilmington, Delaware",DE,USA,True,Other,Other,BBQ & smokehouses,1.0,0.15,0.15,0.27,1.0,jev,2019-05-24,30,2019-05-24,2019,1,Open,,foodiepie,,Locale-BBQ-Post-Wilmington-DE
Tahini Nui,"Kauaʻi, Hawaii",HI,USA,True,Other,Dive,Seafood,0.57,0.18,0.08,0.39,0.85,jev,2019-05-24,30,2019-05-24,2019,1,Open,,foodiepie,,Tahiti-Nui-Hanalei-HI
Corduroy Pie Co.,"Vancouver, British Columbia, Canada",BC,Canada,False,Other,Dive,Pizza & Italian,1.0,0.04,0.04,0.39,0.92,jev,2019-06-01,30,2019-06-01,2019,1,Closed,foodiepie,foodiepie,,Corduroy-Pie-Company-Vancouver-BC
Luigi Vitrone's Pastabilities Trattoria,"Wilmington, Delaware",DE,USA,True,Other,Other,Pizza & Italian,1.0,0.03,0.01,0.17,1.0,jev,2019-06-01,30,2019-06-01,2019,1,Open,,foodiepie,,Luigi-Vitrones-Pastabilities-Restaurant-Wilmington-DE
Tahini,"San Diego, California",CA,USA,True,Other,Dive,Global kitchens,1.0,0.04,0.45,0.6,0.57,jev,2019-06-01,30,2019-06-01,2019,1,Open,,foodiepie,,Tahini-San-Diego-CA
Chuy's Taco Shop,"San Diego, California",CA,USA,True,Dive,Dive,Dive,,0.04,0.16,0.57,0.58,jev,2019-06-07,30,2019-06-07,2019,1,Open,,foodiepie,,Chuys-Taco-Shop-San-Diego-CA
Stoney's Pub,"Wilmington, Delaware",DE,USA,True,Dive,Dive,Dive,,0.06,0.02,0.48,0.75,jev,2019-06-07,30,2019-06-07,2019,1,Open,,foodiepie,,Stoneys-British-Pub-Wilmington-DE
The Dolphin Restaurant,"Hanalei, Hawaii",HI,USA,True,Other,Dive,Seafood,1.0,0.04,0.09,0.22,0.99,jev,2019-06-07,30,2019-06-07,2019,1,Open,,foodiepie,,Dolphin-Hanalei-HI
Hanalei Poke Food Truck,"Hanalei, Hawaii",HI,USA,True,Drive-In,Drive-In,Drive-In,,0.03,0.96,0.3,0.99,jev,2019-06-23,30,2019-06-23,2019,1,Open,,foodiepie,,Hanalei-Poke-Hanalei-HI
The Fish Counter,"Vancouver, British Columbia, Canada",BC,Canada,False,Other,Dive,Seafood,1.0,0.07,0.12,0.24,0.89,jev,2019-06-23,30,2019-06-23,2019,1,Open,,foodiepie,,Fish-Counter-Vancouver-BC
The Rawbar,"Chico, California",CA,USA,True,Other,Other,Global kitchens,1.0,0.03,0.02,0.17,1.0,jev,2019-06-23,30,2019-06-23,2019,1,Open,,foodiepie,,Rawbar-Chico-CA
Farmer & The Cow,"Wilmington, Delaware",DE,USA,True,Dive,Dive,Dive,,0.32,0.21,0.49,0.42,jev,2019-07-06,30,2019-07-06,2019,1,Open,,foodiepie,,Farmer-and-the-Cow-Wilmington-DE
Jackalope's Neighbourhood Dive,"Vancouver, British Columbia, Canada",BC,Canada,False,Dive,Dive,Dive,,0.49,0.04,0.91,1.0,name,2019-07-06,30,2019-07-06,2019,1,Open,,foodiepie,,Jackalopes-Neighbourhood-Dive-Vancouver-BC
Tiger! Tiger!,"San Diego, California",CA,USA,True,Other,Dive,Brewpubs & bars,0.99,0.14,0.09,0.37,0.78,jev,2019-07-06,30,2019-07-06,2019,1,Closed,foodiepie,foodiepie,,Tiger-Tiger-San-Diego-CA
Alforon,"San Diego, California",CA,USA,True,Other,Other,Global kitchens,1.0,0.04,0.06,0.26,1.0,jev,2019-07-17,30,2019-07-17,2019,1,Open,,foodiepie,,Alforon-San-Diego-CA
Maiale Deli and Salumeria,"Wilmington, Delaware",DE,USA,True,Other,Other,Sandwiches & delis,0.98,0.18,0.11,0.25,1.0,jev,2019-07-17,30,2019-07-17,2019,1,Closed,foodiepie;wikipedia,foodiepie,,Maiale-Wilmington-DE
Tiki Iniki,"Kaua ʻ i, Hawaii",HI,USA,True,Other,Dive,Global kitchens,0.67,0.24,0.06,0.27,0.71,jev,2019-07-17,30,2019-07-17,2019,1,Open,,foodiepie,,Tiki-Iniki-Princeville-HI
Jo's Diner,"San Diego, California",CA,USA,True,Diner,Diner,Diner,,0.76,0.03,0.15,0.97,name,2019-07-25,30,2019-07-25,2019,1,Open,,foodiepie,,Jos-Mission-Hills-Diner-San-Diego-CA
Mrs. Robino's,"Wilmington, Delaware",DE,USA,True,Other,Other,Pizza & Italian,1.0,0.05,0.02,0.28,1.0,jev,2019-07-25,30,2019-07-25,2019,1,Open,,foodiepie,,Mrs-Robinos-Restaurant-Wilmington-DE
Tasty Kabob,"El Paso, Texas",TX,USA,True,Other,Other,Global kitchens,1.0,0.03,0.06,0.22,1.0,jev,2019-07-25,30,2019-07-25,2019,1,Open,,foodiepie,,Tasty-Kabob-El-Paso-TX
Kansas City Taco Company,"Kansas City, Missouri",MO,USA,True,Dive,Dive,Dive,,0.07,0.11,0.37,0.42,jev,2019-08-02,30,2019-08-02,2019,1,Open,,foodiepie,,Kansas-City-Taco-Company-Kansas-City-MO
Lick It Up,"El Paso, Texas",TX,USA,True,Other,Dive,Mexican & Latin,1.0,0.04,0.07,0.29,0.77,jev,2019-08-02,30,2019-08-02,2019,1,Open,,foodiepie,,Lick-It-Up-El-Paso-TX
Saimin Dojo,"Kapa'a, Hawaii",HI,USA,True,Other,Dive,Global kitchens,1.0,0.13,0.15,0.45,0.78,jev,2019-08-02,30,2019-08-02,2019,1,Closed,foodiepie,foodiepie,,Saimin-Dojo-Kapaa-HI
Banksia,"Kansas City, Missouri",MO,USA,True,Other,Diner,"Bakeries, cafes & desserts",0.99,0.24,0.04,0.11,0.98,jev,2019-08-16,30,2019-08-16,2019,1,Open,,foodiepie,,Banksia-Kansas-City-MO
Kenji Burger,"Kaua ʻ i, Hawaii",HI,USA,True,Other,Diner,Global kitchens,0.87,0.23,0.26,0.18,0.69,jev,2019-08-16,30,2019-08-16,2019,1,Open,,foodiepie,,Kenji-Burger-Kapaa-HI
Rulis' International Kitchen,"El Paso, Texas",TX,USA,True,Other,Dive,Mexican & Latin,0.36,0.11,0.04,0.25,0.99,jev,2019-08-16,30,2019-08-16,2019,1,Open,,foodiepie,,Rulis-International-Kitchen-El-Paso-TX
Arable,"Santa Fe, New Mexico",NM,USA,True,Other,Dive,New American bistros,1.0,0.14,0.02,0.23,0.92,jev,2019-08-23,30,2019-08-23,2019,1,Closed,wikipedia,foodiepie,,Arable-Restaurant-Santa-Fe-NM
Desert Oak Barbeque,"El Paso, Texas",TX,USA,True,Other,Dive,BBQ & smokehouses,1.0,0.09,0.19,0.7,0.71,jev,2019-08-23,30,2019-08-23,2019,1,Open,,foodiepie,,Desert-Oak-Barbecue-El-Paso-TX
Jarocho,"Kansas City, Kansas",KS,USA,True,Other,Other,Mexican & Latin,0.63,0.03,0.05,0.18,1.0,jev,2019-08-23,30,2019-08-23,2019,1,Open,,foodiepie,,Jarocho-Kansas-City-KS
DELIght,"El Paso, Texas",TX,USA,True,Other,Diner,Sandwiches & delis,0.63,0.26,0.1,0.18,0.99,jev,2019-09-06,30,2019-09-06,2019,1,Closed,foodiepie,foodiepie,,Delight-El-Paso-TX
Extra Virgin,"Kansas City, Missouri",MO,USA,True,Other,Other,Global kitchens,0.72,0.03,0.02,0.1,1.0,jev,2019-09-06,30,2019-09-06,2019,1,Open,,foodiepie,,Extra-Virgin-Kansas-City-MO
Joseph's Culinary Pub,"Santa Fe, New Mexico",NM,USA,True,Other,Other,New American bistros,1.0,0.04,0.01,0.03,1.0,jev,2019-09-06,30,2019-09-06,2019,1,Open,,foodiepie,,Josephs-Culinary-Pub-Santa-Fe-NM
Krokstrom,"Kansas City, Missouri",MO,USA,True,Other,Diner,Global kitchens,0.96,0.24,0.04,0.13,0.97,jev,2019-09-13,30,2019-09-13,2019,1,Closed,foodiepie;wikipedia,foodiepie,,Krokstrom-Scandinavian-Comfort-Food-Kansas-City-MO
La Colonial Tortilla Factory,"El Paso, Texas",TX,USA,True,Other,Dive,Mexican & Latin,1.0,0.05,0.23,0.61,0.47,jev,2019-09-13,30,2019-09-13,2019,1,Open,,foodiepie,,La-Colonial-Tortilla-Factory-El-Paso-TX
The Beestro,"Santa Fe, New Mexico",NM,USA,True,Other,Dive,Global kitchens,1.0,0.11,0.07,0.45,0.81,jev,2019-09-13,30,2019-09-13,2019,1,Closed,foodiepie,foodiepie,,Beestro-Santa-Fe-NM
Dirty Water Dough Company,"Boston, Massachusetts",MA,USA,True,Other,Dive,Pizza & Italian,0.97,0.14,0.09,0.43,0.76,jev,2019-10-04,30,2019-10-04,2019,1,Open,,foodiepie,,Dirty-Water-Dough-Boston-MA
Dr. Field Goods Kitchen,"Santa Fe, New Mexico",NM,USA,True,Other,Other,New American bistros,0.68,0.2,0.18,0.13,1.0,jev,2019-10-04,30,2019-10-04,2019,1,Open,,foodiepie,,Field-Goods-Kitchen-Santa-Fe-NM
Noble Pie Parlor,"Reno, Nevada",NV,USA,True,Other,Dive,Pizza & Italian,0.99,0.09,0.04,0.2,0.99,jev,2019-10-04,30,2019-10-04,2019,1,Open,,foodiepie,,Noble-Pie-Parlor-Reno-NV
Bagelsaurus,"Cambridge, Massachusetts",MA,USA,True,Other,Other,"Bakeries, cafes & desserts",0.88,0.16,0.04,0.09,1.0,jev,2019-10-11,30,2019-10-11,2019,1,Open,,foodiepie,,Bagelsaurus-Cambridge-MA
Rowley Farmhouse Ales,"Santa Fe, New Mexico",NM,USA,True,Other,Other,Brewpubs & bars,1.0,0.22,0.03,0.19,0.99,jev,2019-10-11,30,2019-10-11,2019,1,Open,,foodiepie,,Rowley-Farmhouse-Ales-Santa-Fe-NM
Washoe Public House,"Reno, Nevada",NV,USA,True,Other,Dive,New American bistros,0.71,0.09,0.02,0.15,0.97,jev,2019-10-11,30,2019-10-11,2019,1,Open,,foodiepie,,Washoe-Public-House-Reno-NV
Paper Dosa,"Santa Fe, New Mexico",NM,USA,True,Other,Other,Global kitchens,1.0,0.03,0.05,0.17,1.0,jev,2019-10-18,30,2019-10-18,2019,1,Open,,foodiepie,,Paper-Dosa-Santa-Fe-NM
Veggie Galaxy,"Cambridge, Massachusetts",MA,USA,True,Diner,Diner,Diner,,0.92,0.04,0.14,1.0,jev,2019-10-18,30,2019-10-18,2019,1,Open,,foodiepie,,Veggie-Galaxy-Cambridge-MA
Yoshi's Unique Deli,"Reno, Nevada",NV,USA,True,Other,Other,Sandwiches & delis,1.0,0.28,0.07,0.37,0.99,jev,2019-10-18,30,2019-10-18,2019,1,Open,,foodiepie,,Yoshs-Unique-Deli-and-Catering-Reno-NV
Forno Rosso,"Juneau, Alaska",AK,USA,True,Other,Drive-In,Pizza & Italian,1.0,0.04,0.81,0.38,0.68,jev,2019-11-01,30,2019-11-01,2019,1,Open,,foodiepie,,Forno-Rosso-Alaska-Juneau-AK
Pucker Wilson's,"Juneau, Alaska",AK,USA,True,Drive-In,Drive-In,Drive-In,,0.19,0.93,0.59,0.99,jev,2019-11-01,30,2019-11-01,2019,1,Open,,foodiepie,,Pucker-Wilsons-Juneau-AK
V's Cellar Door,"Juneau, Alaska",AK,USA,True,Other,Dive,Mexican & Latin,0.66,0.04,0.02,0.22,0.98,jev,2019-11-01,30,2019-11-01,2019,1,Open,,foodiepie,,Vs-Cellar-Door-Juneau-AK
Carolina Kitchen and Barbeque Company,"Sparks, Nevada",NV,USA,True,Other,Other,BBQ & smokehouses,1.0,0.14,0.14,0.22,1.0,jev,2019-11-08,30,2019-11-08,2019,1,Open,,foodiepie,,Carolina-Kitchen-and-Barbeque-Sparks-NV
Highland Fried,"Cambridge, Massachusetts",MA,USA,True,Other,Dive,"Southern, Cajun & soul",0.72,0.12,0.06,0.3,0.88,jev,2019-11-08,30,2019-11-08,2019,1,Closed,foodiepie,foodiepie,,Highland-Fried-Cambridge-MA
Zerelda's Bistro,"Juneau, Alaska",AK,USA,True,Other,Other,BBQ & smokehouses,0.99,0.15,0.05,0.23,1.0,jev,2019-11-08,30,2019-11-08,2019,1,Open,,foodiepie,,Zereldas-Bistro-Juneau-AK
In Bocca al Lupo,"Juneau, Alaska",AK,USA,True,Other,Other,Pizza & Italian,1.0,0.04,0.02,0.11,1.0,jev,2019-11-22,30,2019-11-22,2019,1,Open,,foodiepie,,In-Bocca-Al-Lupo-Juneau-AK
Jax,"Ottawa, Ontario, Canada",ON,Canada,False,Other,Diner,Breakfast & brunch,0.86,0.27,0.03,0.08,0.97,jev,2019-11-22,30,2019-11-22,2019,1,Open,,foodiepie,,Jax-Ottawa-ON
Perly's Restaurant and Delicatessen,"Richmond, Virginia",VA,USA,True,Other,Diner,Sandwiches & delis,1.0,0.31,0.02,0.14,0.99,jev,2019-11-22,30,2019-11-22,2019,1,Open,,foodiepie,,Perlys-Richmond-VA
In a Pickle,"Waltham, Massachusetts",MA,USA,True,Diner,Diner,Diner,,0.7,0.05,0.28,0.91,jev,2019-11-29,31,2019-11-29,2019,1,Open,,foodiepie,,In-A-Pickle-Restaurant-Waltham-MA
Pauli's,"Boston, Massachusetts",MA,USA,True,Other,Diner,Sandwiches & delis,0.99,0.22,0.23,0.34,0.8,jev,2019-11-29,31,2019-11-29,2019,1,Open,,foodiepie,,Paulis-Boston-MA
Pigwich,"Kansas City, Missouri",MO,USA,True,Other,Other,Sandwiches & delis,0.94,0.23,0.18,0.21,0.97,jev,2019-11-29,31,2019-11-29,2019,1,Open,,foodiepie,,Pigwich-Kansas-City-MO
Char-B-Que,"Reno, Nevada",NV,USA,True,Other,Other,BBQ & smokehouses,1.0,0.24,0.11,0.28,1.0,jev,2019-12-06,31,2019-12-06,2019,1,Open,,foodiepie,,Butchers-Kitchen-CHAR-B-QUE-Reno-NV
Pelican Seafood Market & Grill,"Ottawa, Ontario, Canada",ON,Canada,False,Other,Other,Seafood,1.0,0.07,0.05,0.17,1.0,jev,2019-12-06,31,2019-12-06,2019,1,Open,,foodiepie,,Pelican-Seafood-Market-and-Grill-Ottawa-ON
Pop's Market,"Richmond, Virginia",VA,USA,True,Other,Other,Sandwiches & delis,0.8,0.29,0.05,0.21,0.99,jev,2019-12-06,31,2019-12-06,2019,1,Closed,foodiepie,foodiepie,,Pops-Market-On-Grace-Richmond-VA
Art Is In,"Ottawa, Ontario, Canada",ON,Canada,False,Other,Other,"Bakeries, cafes & desserts",1.0,0.14,0.1,0.1,1.0,jev,2019-12-27,32,2019-12-27,2019,1,Open,,web,,
Butch & Babes,"Burlington, Vermont",VT,USA,True,Dive,Dive,Dive,,0.34,0.04,0.56,0.83,jev,2019-12-27,32,2019-12-27,2019,1,Closed,foodiepie;wikipedia,foodiepie,,Butch-and-Babes-Burlington-VT
The Fancy Biscuit,"Richmond, Virginia",VA,USA,True,Other,Diner,Breakfast & brunch,0.9,0.44,0.04,0.12,0.61,jev,2019-12-27,32,2019-12-27,2019,1,Open,,foodiepie,,Fancy-Biscuit-Richmond-VA
Carena's Jamaican Grille,"Chesterfield, Virginia",VA,USA,True,Other,Other,Mexican & Latin,1.0,0.08,0.07,0.26,1.0,jev,2020-01-03,31,2020-01-03,2020,1,Open,,foodiepie,,Carenas-Jamaican-Grille-Richmond-VA
Full Belly Deli,"Reno, Nevada",NV,USA,True,Other,Diner,Sandwiches & delis,1.0,0.45,0.08,0.22,0.93,jev,2020-01-03,31,2020-01-03,2020,1,Open,,foodiepie,,Full-Belly-Deli-Reno-NV
Occo Kitchen & Bar,"Ottawa, Ontario, Canada",ON,Canada,False,Other,Dive,Sandwiches & delis,0.34,0.21,0.1,0.35,0.75,jev,2020-01-03,31,2020-01-03,2020,1,Open,,foodiepie,,OCCO-Ottawa-ON
Citizen Cider,"Burlington, Vermont",VT,USA,True,Other,Other,Brewpubs & bars,0.97,0.07,0.02,0.13,1.0,jev,2020-01-17,31,2020-01-17,2020,1,Open,,foodiepie,,Citizen-Cider-Burlington-VT
Meat Press,"Ottawa, Ontario, Canada",ON,Canada,False,Other,Other,Sandwiches & delis,0.92,0.11,0.05,0.13,1.0,jev,2020-01-17,31,2020-01-17,2020,1,Closed,foodiepie;wikipedia,foodiepie,,Meat-Press-Ottawa-ON
Soul Taco,"Richmond, Virginia",VA,USA,True,Other,Dive,Mexican & Latin,0.47,0.1,0.08,0.24,0.9,jev,2020-01-17,31,2020-01-17,2020,1,Closed,foodiepie,foodiepie,,Soul-Taco-Richmond-VA
Bluebird Barbecue,"Burlington, Vermont",VT,USA,True,Other,Dive,BBQ & smokehouses,1.0,0.08,0.06,0.33,0.96,jev,2020-01-31,31,2020-01-31,2020,1,Open,,foodiepie,,Bluebird-Barbecue-Burlington-VT
The Foolish Chicken,"Ottawa, Ontario, Canada",ON,Canada,False,Other,Other,BBQ & smokehouses,0.98,0.16,0.18,0.31,0.99,jev,2020-01-31,31,2020-01-31,2020,1,Closed,foodiepie,foodiepie,,Foolish-Chicken-Ottawa-ON
ZZQ Texas Craft Barbeque,"Richmond, Virginia",VA,USA,True,Other,Drive-In,BBQ & smokehouses,1.0,0.12,0.33,0.43,0.96,jev,2020-01-31,31,2020-01-31,2020,1,Open,,web,,
Grammy's Goodies,"Wheat Ridge, Colorado",CO,USA,True,Other,Other,Pizza & Italian,1.0,0.1,0.09,0.27,1.0,jev,2020-02-07,31,2020-02-07,2020,1,Open,,foodiepie,,Grammys-Italian-Goodies-Wheat-Ridge-CO
Herm's Inn,"Logan, Utah",UT,USA,True,Diner,Diner,Diner,,0.69,0.04,0.28,0.92,jev,2020-02-07,31,2020-02-07,2020,1,Open,,foodiepie,,Herms-Inn-Logan-UT
Pingala Cafe,"Burlington, Vermont",VT,USA,True,Other,Diner,"Bakeries, cafes & desserts",0.77,0.3,0.06,0.11,0.63,jev,2020-02-07,31,2020-02-07,2020,1,Open,,foodiepie,,Pingala-Cafe-and-Eatery-Burlington-VT
Areyto,"Denver, Colorado",CO,USA,True,Drive-In,Drive-In,Drive-In,,0.03,0.95,0.26,0.99,jev,2020-02-21,31,2020-02-21,2020,1,Open,,foodiepie,,Areyto-Puertorrican-Food-Denver-CO
El Salvador Los Primas,"Logan, Utah",UT,USA,True,Other,Dive,Mexican & Latin,1.0,0.04,0.09,0.41,0.98,jev,2020-02-21,31,2020-02-21,2020,1,Open,,web,,
Taco Gordo,"Burlington, Vermont",VT,USA,True,Dive,Dive,Dive,,0.06,0.13,0.58,0.9,jev,2020-02-21,31,2020-02-21,2020,1,Open,,foodiepie,,Taco-Gordo-Burlington-VT
Hong's Chinese Dumplings,"Burlington, Vermont",VT,USA,True,Drive-In,Drive-In,Drive-In,,0.04,0.78,0.64,0.79,jev,2020-03-06,31,2020-03-06,2020,1,Open,,foodiepie,,Hongs-Chinese-Dumplings-Burlington-VT
Tandoori Oven,"Logan, Utah",UT,USA,True,Dive,Dive,Dive,,0.03,0.2,0.81,0.8,jev,2020-03-06,31,2020-03-06,2020,1,Open,,foodiepie,,Tandoori-Oven-Logan-UT
Welton St. Cafe,"Denver, Colorado",CO,USA,True,Other,Diner,"Southern, Cajun & soul",1.0,0.37,0.05,0.34,0.8,jev,2020-03-06,31,2020-03-06,2020,1,Closed,foodiepie,foodiepie,,Welton-Street-Cafe-Denver-CO
Florence's Cafe,"Oklahoma City, Oklahoma",OK,USA,True,Diner,Diner,Diner,,0.61,0.06,0.38,0.56,jev,2020-03-20,31,2020-03-20,2020,1,Open,,foodiepie,,Florences-Restaurant-Oklahoma-City-OK
Just Be Kitchen,"Denver, Colorado",CO,USA,True,Diner,Diner,Diner,,0.49,0.04,0.1,0.71,jev,2020-03-20,31,2020-03-20,2020,1,Open,,foodiepie,,Just-BE-Kitchen-Denver-CO
The Pie Dump,"Garland, Utah",UT,USA,True,Diner,Diner,Diner,,0.7,0.11,0.57,0.88,jev,2020-03-20,31,2020-03-20,2020,1,Closed,foodiepie,foodiepie,,Pie-Dump-Garland-UT
Bun Daddy,"Juneau, Alaska",AK,USA,True,Drive-In,Drive-In,Drive-In,,0.04,0.95,0.4,0.99,jev,2020-04-03,31,2020-04-03,2020,1,Open,,foodiepie,,Bun-Daddy-Juneau-AK
Sabores,"Logan, Utah",UT,USA,True,Other,Diner,Mexican & Latin,1.0,0.24,0.1,0.34,0.96,jev,2020-04-03,31,2020-04-03,2020,1,Open,,foodiepie,,Sabores-Logan-UT
il porcellino salumi,"Denver, Colorado",CO,USA,True,Other,Other,Sandwiches & delis,0.98,0.11,0.04,0.14,1.0,jev,2020-04-03,31,2020-04-03,2020,1,Open,,foodiepie,,il-porcellino-Salumi-Denver-CO
Aviv,"Portland, Oregon",OR,USA,True,Other,Other,Global kitchens,0.99,0.07,0.14,0.19,1.0,jev,2020-04-17,31,2020-04-17,2020,1,Closed,foodiepie;wikipedia,foodiepie,,Aviv-Portland-OR
Blue Pan,"Denver, Colorado",CO,USA,True,Other,Other,Pizza & Italian,1.0,0.05,0.05,0.2,1.0,jev,2020-04-17,31,2020-04-17,2020,1,Open,,foodiepie,,Blue-Pan-Pizza-Denver-CO
Maymoes,"Logan, Utah",UT,USA,True,Other,Diner,"Southern, Cajun & soul",1.0,0.29,0.12,0.28,0.95,jev,2020-04-17,31,2020-04-17,2020,1,Closed,wikipedia,foodiepie,,MayMoes-Logan-UT
Pirate Republic,"Ft. Lauderdale, Florida",FL,USA,True,Other,Dive,Seafood,0.99,0.04,0.03,0.29,0.92,jev,2020-06-19,31,2020-06-19,2020,1,Open,,foodiepie,,Pirate-Republic-Seafood-Restaurant-Fort-Lauderdale-FL
Seasons and Regions Seafood Grill,"Portland, Oregon",OR,USA,True,Other,Other,Seafood,1.0,0.1,0.02,0.09,1.0,jev,2020-06-19,31,2020-06-19,2020,1,Open,,foodiepie,,Seasons-and-Regions-Seafood-Grill-Portland-OR
The Saucee Sicilian,"Oklahoma City, Oklahoma",OK,USA,True,Drive-In,Drive-In,Drive-In,,0.03,0.93,0.24,0.89,jev,2020-06-19,31,2020-06-19,2020,1,Open,,foodiepie,,Saucee-Sicilian-Oklahoma-City-OK
Güero,"Portland, Oregon",OR,USA,True,Other,Dive,Mexican & Latin,0.98,0.1,0.08,0.32,0.92,jev,2020-07-10,31,2020-07-10,2020,1,Open,,foodiepie,,Guero-Portland-OR
Krakatoa,"Hollywood, Florida",FL,USA,True,Other,Other,Global kitchens,1.0,0.02,0.05,0.26,1.0,jev,2020-07-10,31,2020-07-10,2020,1,Open,,foodiepie,,Krakatoa-Indonesian-Cuisine-Hollywood-FL
Travel by Taste,"Warr Acres, Oklahoma",OK,USA,True,Other,Other,Global kitchens,1.0,0.03,0.06,0.31,1.0,jev,2020-07-10,31,2020-07-10,2020,1,Open,,foodiepie,,Travel-by-Taste-Deli-and-Market-Warr-Acres-OK
Gaul & Co. Malt House,"Philadelphia, Pennsylvania",PA,USA,True,Dive,Dive,Dive,,0.22,0.02,0.39,0.46,jev,2020-08-21,32,2020-08-21,2020,1,Open,,foodiepie,,Gaul-and-Co-Malthouse-Philadelphia-PA
Hardena Restaurant,"Philadelphia, Pennsylvania",PA,USA,True,Other,Other,Global kitchens,1.0,0.03,0.05,0.3,1.0,jev,2020-08-21,32,2020-08-21,2020,1,Open,,foodiepie,,Hardena-Philadelphia-PA
Stogie Joes Tavern,"Philadelphia, Pennsylvania",PA,USA,True,Dive,Dive,Dive,,0.2,0.02,0.68,0.92,jev,2020-08-21,32,2020-08-21,2020,1,Open,,foodiepie,,Stogie-Joes-Tavern-Philadelphia-PA
3 Sons Brewing Co.,"Dania Beach, Florida",FL,USA,True,Other,Other,Brewpubs & bars,1.0,0.04,0.04,0.16,1.0,jev,2020-09-18,32,2020-09-18,2020,1,Open,,foodiepie,,3-Sons-Brewing-Dania-Beach-FL
Stone Sisters Pizza Bar,"Oklahoma City, Oklahoma",OK,USA,True,Other,Other,Pizza & Italian,1.0,0.07,0.07,0.18,1.0,jev,2020-09-18,32,2020-09-18,2020,1,Closed,foodiepie,foodiepie,,Stone-Sisters-Pizza-Bar-Oklahoma-City-OK
Yonder,"Portland, Oregon",OR,USA,True,Other,Diner,"Southern, Cajun & soul",1.0,0.24,0.05,0.16,0.97,jev,2020-09-18,32,2020-09-18,2020,1,Closed,foodiepie,foodiepie,,Yonder-Portland-OR
Chick N Beer,"Oklahoma City, Oklahoma",OK,USA,True,Dive,Dive,Dive,,0.06,0.05,0.41,0.49,jev,2020-10-16,32,2020-10-16,2020,1,Open,,foodiepie,,Chick-N-Beer-Oklahoma-City-OK
Kababi Cafe,"Sunrise, Florida",FL,USA,True,Other,Other,Global kitchens,1.0,0.04,0.04,0.2,1.0,jev,2020-10-16,32,2020-10-16,2020,1,Open,,foodiepie,,Kababi-Cafe-By-Kuluck-Sunrise-FL
Viking Soul Food,"Portland, Oregon",OR,USA,True,Drive-In,Drive-In,Drive-In,,0.06,0.93,0.34,0.98,jev,2020-10-16,32,2020-10-16,2020,1,Open,,foodiepie,,Viking-Soul-Food-Portland-OR
Chin's Kitchen,"Portland, Oregon",OR,USA,True,Other,Other,Global kitchens,1.0,0.04,0.03,0.25,1.0,jev,2020-10-30,32,2020-10-30,2020,1,Open,,foodiepie,,Chins-Kitchen-Portland-OR
Guyutes,"Oklahoma City, Oklahoma",OK,USA,True,Other,Dive,New American bistros,0.47,0.08,0.02,0.09,0.98,jev,2020-10-30,32,2020-10-30,2020,1,Open,,foodiepie,,Guyutes-Oklahoma-City-OK
Woodrow’s Sandwich Shop,"Philadelphia, Pennsylvania",PA,USA,True,Other,Diner,Sandwiches & delis,1.0,0.4,0.08,0.14,0.72,jev,2020-10-30,32,2020-10-30,2020,1,Open,,foodiepie,,Woodrows-Sandwich-Shop-Philadelphia-PA
Farmer's Keep,"Philadelphia, Pennsylvania",PA,USA,True,Other,Diner,New American bistros,1.0,0.11,0.05,0.1,0.99,jev,2020-11-13,32,2020-11-13,2020,1,Closed,foodiepie,foodiepie,,Farmers-Keep-Philadelphia-PA
Los Bocados,"Parkland, Florida",FL,USA,True,Dive,Dive,Dive,,0.04,0.71,0.85,0.98,jev,2020-11-13,32,2020-11-13,2020,1,Open,,foodiepie,,Los-Bocados-Parkland-FL
Pounds,"Fargo, North Dakota",ND,USA,True,Dive,Dive,Dive,,0.31,0.07,0.45,0.43,jev,2020-11-13,32,2020-11-13,2020,1,Open,,foodiepie,,Pounds-Fargo-ND
Blackbird Woodfire,"Fargo, North Dakota",ND,USA,True,Other,Other,Pizza & Italian,0.8,0.04,0.03,0.11,1.0,jev,2020-11-20,34,2020-11-20,2020,1,Open,,foodiepie,,Blackbird-Woodfire-Fargo-ND
J28 Sandwich Bar,"Hollywood, Florida",FL,USA,True,Other,Other,Mexican & Latin,0.52,0.17,0.11,0.33,0.99,jev,2020-11-20,34,2020-11-20,2020,1,Open,,foodiepie,,J28-Sandwich-Bar-Hollywood-FL
Mom Mom's Kitchen,"Philadelphia, Pennsylvania",PA,USA,True,Other,Drive-In,Global kitchens,1.0,0.1,0.22,0.27,0.97,jev,2020-11-20,34,2020-11-20,2020,1,Open,,foodiepie,,Mom-Moms-Kitchen-and-Polish-Food-Cart-Philadelphia-PA
"""O"" So Good Restaurant","Garretson, South Dakota",SD,USA,True,Other,Dive,"Southern, Cajun & soul",1.0,0.32,0.11,0.47,0.54,jev,2021-01-01,33,2021-01-01,2021,1,Closed,foodiepie;wikipedia,foodiepie,,O-So-Good-Garretson-SD
Lalibela,"Sioux Falls, South Dakota",SD,USA,True,Other,Other,Global kitchens,1.0,0.02,0.02,0.28,1.0,jev,2021-01-01,33,2021-01-01,2021,1,Open,,foodiepie,,Lalibela-Sioux-Falls-SD
Urban Chislic,"Sioux Falls, South Dakota",SD,USA,True,Other,Diner,New American bistros,0.63,0.33,0.11,0.33,0.53,jev,2021-01-01,33,2021-01-01,2021,1,Closed,wikipedia,foodiepie,,Urban-Chislic-Sioux-Falls-SD
Bread & Circus Sandwich Kitchen,"Sioux Falls, South Dakota",SD,USA,True,Other,Diner,Sandwiches & delis,0.99,0.13,0.07,0.14,0.99,jev,2021-01-08,33,2021-01-08,2021,1,Open,,foodiepie,,Bread-and-Circus-Sandwich-Kitchen-Sioux-Falls-SD
Passage to India,"Fargo, North Dakota",ND,USA,True,Other,Other,Global kitchens,1.0,0.03,0.04,0.19,1.0,jev,2021-01-08,33,2021-01-08,2021,1,Open,,foodiepie,,Passage-to-India-Fargo-ND
The Hungry Robot,"Fairbanks, Alaska",AK,USA,True,Other,Other,Pizza & Italian,1.0,0.08,0.13,0.23,1.0,jev,2021-01-08,33,2021-01-08,2021,1,Open,,foodiepie,,Hungry-Robot-Fairbanks-AK
Hari Om Cuisine of India,"Fairbanks, Alaska",AK,USA,True,Other,Other,Global kitchens,1.0,0.02,0.04,0.17,1.0,jev,2021-01-29,33,2021-01-29,2021,1,Open,,foodiepie,,Hari-Om-Cuisine-of-India-Fairbanks-AK
Look's Marketplace,"Sioux Falls, South Dakota",SD,USA,True,Other,Other,Butchers & markets,0.99,0.1,0.06,0.29,1.0,jev,2021-01-29,33,2021-01-29,2021,1,Open,,foodiepie,,Look’s-Marketplace-Harrisburg-SD
Nichole's Fine Pastry & Cafe,"Fargo, North Dakota",ND,USA,True,Other,Other,"Bakeries, cafes & desserts",1.0,0.21,0.03,0.09,1.0,jev,2021-01-29,33,2021-01-29,2021,1,Open,,foodiepie,,Nicholes-Fine-Pastry-and-Cafe-Fargo-ND
Daily Clean Food & Drink,"Sioux Falls, South Dakota",SD,USA,True,Other,Diner,New American bistros,0.99,0.42,0.11,0.12,0.46,jev,2021-02-12,33,2021-02-12,2021,1,Open,,foodiepie,,Daily-Clean-Food-and-Drink-Sioux-Falls-SD
Lavelle's Bistro,"Fairbanks, Alaska",AK,USA,True,Other,Other,New American bistros,1.0,0.06,0.01,0.04,1.0,jev,2021-02-12,33,2021-02-12,2021,1,Closed,wikipedia,foodiepie,,Lavelles-Bistro-Fairbanks-AK
Sol Ave. Kitchen,"Moorhead, Minnesota",MN,USA,True,Other,Other,Global kitchens,0.5,0.13,0.11,0.16,0.99,jev,2021-02-12,33,2021-02-12,2021,1,Open,,foodiepie,,Sol-Ave-Kitchen-Moorhead-MN
Jazz Bistro On 4th,"Fairbanks, Alaska",AK,USA,True,Other,Other,Mexican & Latin,0.99,0.05,0.02,0.18,1.0,jev,2021-02-26,33,2021-02-26,2021,1,Open,,foodiepie,,Jazz-Bistro-Fairbanks-AK
Mein Diner Food Truck,"Fairbanks, Alaska",AK,USA,True,Diner,Diner,Diner,,0.21,0.96,0.35,0.81,name,2021-02-26,33,2021-02-26,2021,1,Open,,foodiepie,,Mein-Diner-Food-Truck-Fairbanks-AK
Salty's On 2nd,"Fairbanks, Alaska",AK,USA,True,Diner,Diner,Diner,,0.76,0.07,0.36,0.99,jev,2021-02-26,33,2021-02-26,2021,1,Open,,foodiepie,,Saltys-on-Second-Fairbanks-AK
Cholo Soy Cocina,"West Palm Beach, Florida",FL,USA,True,Other,Dive,Mexican & Latin,1.0,0.08,0.13,0.35,0.67,jev,2021-04-30,34,2021-04-30,2021,1,Open,,foodiepie,,Cholo-Soy-Cocina-West-Palm-Beach-FL
Herbie's Bar & Chowder House,"Marathon, Florida",FL,USA,True,Dive,Dive,Dive,,0.38,0.09,0.6,0.8,jev,2021-04-30,34,2021-04-30,2021,1,Open,,foodiepie,,Herbies-Bar-and-Chowder-House-Marathon-FL
Rustica,"Moorhead, Minnesota",MN,USA,True,Other,Diner,New American bistros,0.63,0.25,0.03,0.15,0.98,jev,2021-04-30,34,2021-04-30,2021,1,Open,,foodiepie,,Rustica-Eatery-and-Tavern-Moorhead-MN
La Scarola,"Chicago, Illinois",IL,USA,True,Other,Dive,Pizza & Italian,1.0,0.07,0.02,0.54,0.45,jev,2021-06-04,34,2021-06-04,2021,1,Open,,foodiepie,,La-Scarola-Chicago-IL
Coolinary Cafe,"Palm Beach Gardens, Florida",FL,USA,True,Other,Diner,New American bistros,0.94,0.18,0.03,0.09,0.99,jev,2021-07-16,34,2021-07-16,2021,1,Open,,foodiepie,,Coolinary-Cafe-Palm-Beach-Gardens-FL
Irie Island Eats,"Marathon, Florida",FL,USA,True,Drive-In,Drive-In,Drive-In,,0.05,0.73,0.14,0.34,jev,2021-07-16,34,2021-07-16,2021,1,Open,,foodiepie,,Irie-Island-Eats-Marathon-FL
Joey's Kitchen,"Lahaina, Hawaii",HI,USA,True,Other,Other,Global kitchens,1.0,0.07,0.07,0.19,1.0,jev,2021-07-16,34,2021-07-16,2021,1,Open,,foodiepie,,Joeys-Kitchen-Lahaina-HI
Castaway Waterfront Restaurant & Sushi Bar,"Marathon, Florida",FL,USA,True,Other,Dive,Seafood,1.0,0.13,0.04,0.26,0.98,jev,2021-07-30,34,2021-07-30,2021,1,Open,,foodiepie,,Castaway-Waterfront-Restaurant-and-Sushi-Bar-Marathon-FL
Le Yellow Sub,"Hilo, Hawaii",HI,USA,True,Drive-In,Drive-In,Drive-In,,0.04,0.95,0.4,0.98,jev,2021-07-30,34,2021-07-30,2021,1,Open,,foodiepie,,Le-Yellow-Sub-Hilo-HI
South Maui Fish Company,"Kihei, Hawaii",HI,USA,True,Drive-In,Drive-In,Drive-In,,0.04,0.93,0.47,0.99,jev,2021-07-30,34,2021-07-30,2021,1,Open,,foodiepie,,South-Maui-Fish-Company-Kihei-HI
Cafe Pesto,"Hilo, Hawaii",HI,USA,True,Other,Diner,Pizza & Italian,0.73,0.48,0.07,0.21,0.77,jev,2021-08-13,34,2021-08-13,2021,1,Open,,foodiepie,,Cafe-Pesto-Hilo-Bay-Hilo-HI
The Butcher Shop Beer Garden & Grill,"West Palm Beach, Florida",FL,USA,True,Other,Dive,Brewpubs & bars,0.6,0.17,0.09,0.25,0.98,jev,2021-08-13,34,2021-08-13,2021,1,Closed,foodiepie;wikipedia,foodiepie,,Butcher-Shop-Beer-Garden-and-Grill-West-Palm-Beach-FL
Traveler's Table,"Houston, Texas",TX,USA,True,Other,Other,New American bistros,0.99,0.04,0.02,0.06,1.0,jev,2021-08-13,34,2021-08-13,2021,1,Open,,foodiepie,,Travelers-Table-Houston-TX
Fresco Cafe Italiano,"Houston, Texas",TX,USA,True,Other,Other,Pizza & Italian,1.0,0.04,0.03,0.12,1.0,jev,2021-09-03,34,2021-09-03,2021,1,Closed,foodiepie;wikipedia,foodiepie,,Fresco-Cafe-Italiano-Houston-TX
Hilo Bay Cafe,"Hilo, Hawaii",HI,USA,True,Other,Other,New American bistros,0.9,0.18,0.02,0.08,0.99,jev,2021-09-03,34,2021-09-03,2021,1,Open,,foodiepie,,Hilo-Bay-Cafe-Hilo-HI
Weights + Measures,"Houston, Texas",TX,USA,True,Other,Other,New American bistros,0.91,0.19,0.02,0.21,0.99,jev,2021-09-03,34,2021-09-03,2021,1,Open,,foodiepie,,Weights-and-Measures-Houston-TX
Be More Pacific,"Houston, Texas",TX,USA,True,Other,Dive,Global kitchens,0.99,0.09,0.07,0.31,0.98,jev,2021-09-17,34,2021-09-17,2021,1,Open,,foodiepie,,Be-More-Pacific---Houston-Houston-TX
Matteo's Osteria,"Wailea, Hawaii",HI,USA,True,Other,Other,Pizza & Italian,1.0,0.02,0.01,0.05,1.0,jev,2021-09-17,34,2021-09-17,2021,1,Open,,foodiepie,,Matteos-Osteria-Wailea-HI
NW Sausage and Deli,"Centralia, Washington",WA,USA,True,Other,Dive,Sandwiches & delis,0.89,0.22,0.11,0.56,0.99,jev,2021-09-17,34,2021-09-17,2021,1,Open,,foodiepie,,Northwest-Sausage-and-Deli-Centralia-WA
Mackinaw's Restaurant,"Chehalis, Washington",WA,USA,True,Other,Other,New American bistros,1.0,0.05,0.02,0.04,1.0,jev,2021-10-01,34,2021-10-01,2021,1,Closed,foodiepie,foodiepie,,Mackinaws-Chehalis-WA
The Toasted Coconut,"Houston, Texas",TX,USA,True,Other,Other,Brewpubs & bars,0.9,0.12,0.02,0.08,0.99,jev,2021-10-01,34,2021-10-01,2021,1,Open,,foodiepie,,Toasted-Coconut-Houston-TX
Zydeco Kitchen & Cocktails,"Bend, Oregon",OR,USA,True,Other,Other,"Southern, Cajun & soul",0.96,0.12,0.02,0.16,1.0,jev,2021-10-01,34,2021-10-01,2021,1,Open,,foodiepie,,Zydeco-Kitchen-and-Cocktails-Bend-OR
Once Upon A Thyme,"Chehalis, Washington",WA,USA,True,Diner,Diner,Diner,,0.36,0.06,0.17,0.35,jev,2021-10-15,34,2021-10-15,2021,1,Open,,foodiepie,,Once-Upon-A-Thyme-Chehalis-WA
Soy Bistro,"Brentwood, Tennessee",TN,USA,True,Other,Other,Global kitchens,1.0,0.07,0.04,0.15,1.0,jev,2021-10-15,34,2021-10-15,2021,1,Open,,foodiepie,,Soy-Bistro-Brentwood-TN
The Pit Room,"Houston, Texas",TX,USA,True,Other,Dive,BBQ & smokehouses,1.0,0.09,0.14,0.39,0.99,jev,2021-10-15,34,2021-10-15,2021,1,Open,,foodiepie,,Pit-Room-Houston-TX
Arempa's,"Salt Lake City, Utah",UT,USA,True,Other,Other,Mexican & Latin,1.0,0.05,0.14,0.25,1.0,jev,2021-10-22,34,2021-10-22,2021,1,Open,,foodiepie,,Arempas-Salt-Lake-City-UT
Riddim N Spice,"Nashville, Tennessee",TN,USA,True,Other,Other,Mexican & Latin,0.98,0.05,0.17,0.21,1.0,jev,2021-10-22,34,2021-10-22,2021,1,Open,,foodiepie,,Riddim-N-Spice-Nashville-TN
Rockin' Dave's Bagel Bistro,"Bend, Oregon",OR,USA,True,Other,Diner,Sandwiches & delis,1.0,0.37,0.06,0.26,0.98,jev,2021-10-22,34,2021-10-22,2021,1,Closed,wikipedia,foodiepie,,Rockin-Daves-Bistro-and-Backstage-Lounge-Bend-OR
Dump City Dumplings,"Bend, Oregon",OR,USA,True,Other,Drive-In,Global kitchens,0.99,0.05,0.48,0.36,0.69,jev,2021-11-05,34,2021-11-05,2021,1,Open,,foodiepie,,Dump-City-Dumplings-Bend-OR
Nicky's Coal Fired,"Nashville, Tennessee",TN,USA,True,Other,Other,Pizza & Italian,1.0,0.05,0.04,0.19,1.0,jev,2021-11-05,34,2021-11-05,2021,1,Open,,foodiepie,,Nickys-Coal-Fired-Nashville-TN
Papito Moe's,"West Jordan, Utah",UT,USA,True,Other,Other,Mexican & Latin,1.0,0.11,0.07,0.33,1.0,jev,2021-11-05,34,2021-11-05,2021,1,Open,,foodiepie,,Papito-Moes---West-Jordan-West-Jordan-UT
Fattoush Cafe,"Nashville, Tennessee",TN,USA,True,Other,Other,Global kitchens,1.0,0.04,0.05,0.28,1.0,jev,2021-11-19,34,2021-11-19,2021,1,Open,,foodiepie,,Fattoush-Cafe-Nashville-TN
Santo Taco,"Salt Lake City, Utah",UT,USA,True,Dive,Dive,Dive,,0.03,0.36,0.61,0.55,jev,2021-11-19,34,2021-11-19,2021,1,Open,,foodiepie,,Santo-Taco-Salt-Lake-City-UT
The Feisty Pint,"Grand Junction, Colorado",CO,USA,True,Other,Dive,Brewpubs & bars,1.0,0.45,0.02,0.34,0.36,jev,2021-11-19,34,2021-11-19,2021,1,Open,,foodiepie,,Feisty-Pint-Grand-Junction-CO
59er Diner,"Leavenworth, Washington",WA,USA,True,Diner,Diner,Diner,,0.97,0.06,0.49,1.0,name,2021-11-26,34,2021-11-26,2021,1,Open,,foodiepie,,59er-Diner-Leavenworth-WA
Graze Nashville,"Nashville, Tennessee",TN,USA,True,Other,Diner,New American bistros,0.83,0.21,0.05,0.1,0.95,jev,2021-11-26,34,2021-11-26,2021,1,Open,,foodiepie,,Graze-Nashville-TN
Sauce Boss Southern Kitchen,"Draper, Utah",UT,USA,True,Other,Diner,"Southern, Cajun & soul",1.0,0.33,0.08,0.28,0.71,jev,2021-11-26,34,2021-11-26,2021,1,Open,,foodiepie,,Sauce-Boss-Southern-Kitchen-Draper-UT
Curry Fried Chicken,"Salt Lake City, Utah",UT,USA,True,Other,Dive,Global kitchens,1.0,0.06,0.23,0.38,0.99,jev,2021-12-17,35,2021-12-17,2021,1,Open,,foodiepie,,Curry-Fried-Chicken-Salt-Lake-City-UT
Frank's Famous Chicken & Waffles,"Albuquerque, New Mexico",NM,USA,True,Other,Diner,"Southern, Cajun & soul",1.0,0.37,0.11,0.27,0.47,jev,2021-12-17,35,2021-12-17,2021,1,Open,,foodiepie,,Franks-Famous-Chicken-and-Waffle-Albuquerque-NM
TacoParty,"Grand Junction, Colorado",CO,USA,True,Other,Dive,Mexican & Latin,1.0,0.05,0.1,0.09,0.99,jev,2021-12-17,35,2021-12-17,2021,1,Open,,foodiepie,,Tacoparty-Grand-Junction-CO
Kobe Japanese Restaurant,"Millcreek, Utah",UT,USA,True,Other,Other,Global kitchens,1.0,0.03,0.03,0.25,1.0,jev,2022-01-28,34,2022-01-28,2022,1,Open,,foodiepie,,Kobe-Japanese-Cuisine-Salt-Lake-City-UT
Red Rock Deli,"Albuquerque, New Mexico",NM,USA,True,Other,Other,Sandwiches & delis,0.75,0.14,0.06,0.33,1.0,jev,2022-01-28,34,2022-01-28,2022,1,Open,,foodiepie,,Red-Rock-Deli-Albuquerque-NM
il Bistro Italiano,"Grand Junction, Colorado",CO,USA,True,Other,Other,Pizza & Italian,0.98,0.06,0.02,0.12,1.0,jev,2022-01-28,34,2022-01-28,2022,1,Closed,foodiepie,foodiepie,,il-Bistro-Italiano-Grand-Junction-CO
Hickory House Ribs,"Aspen, Colorado",CO,USA,True,Other,Other,BBQ & smokehouses,1.0,0.3,0.07,0.18,1.0,jev,2022-02-25,35,2022-02-25,2022,1,Open,,foodiepie,,Hickory-House-Ribs-Aspen-CO
Kitsune,"Albuquerque, New Mexico",NM,USA,True,Other,Drive-In,Global kitchens,1.0,0.06,0.41,0.23,0.86,jev,2022-02-25,35,2022-02-25,2022,1,Open,,foodiepie,,Kitsune-ABQ-Albuquerque-NM
Seoul Casa,"Anchorage, Alaska",AK,USA,True,Other,Dive,Global kitchens,0.54,0.06,0.08,0.25,0.99,jev,2022-02-25,35,2022-02-25,2022,1,Open,,foodiepie,,Seoul-Casa-Anchorage-AK
Guava Tree Cafe,"Albuquerque, New Mexico",NM,USA,True,Other,Other,Mexican & Latin,1.0,0.18,0.16,0.34,0.98,jev,2022-03-04,35,2022-03-04,2022,1,Open,,foodiepie,,Guava-Tree-Cafe-Albuquerque-NM
Highlands Alehouse,"Aspen, Colorado",CO,USA,True,Other,Dive,Mexican & Latin,0.46,0.12,0.02,0.15,0.87,jev,2022-03-04,35,2022-03-04,2022,1,Open,,foodiepie,,Highlands-Alehouse-Aspen-CO
Waffles and Whatnot,"Anchorage, Alaska",AK,USA,True,Diner,Diner,Diner,,0.54,0.12,0.17,0.68,jev,2022-03-04,35,2022-03-04,2022,1,Open,,foodiepie,,Waffles-and-Whatnot-Anchorage-AK
Haute Quarter Grill,"Anchorage, Alaska",AK,USA,True,Other,Other,New American bistros,1.0,0.09,0.02,0.08,1.0,jev,2022-03-11,35,2022-03-11,2022,1,Open,,foodiepie,,Haute-Quarter-Grill-Anchorage-AK
J's Prairie Rose,"Laramie, Wyoming",WY,USA,True,Diner,Diner,Diner,,0.95,0.06,0.42,1.0,jev,2022-03-11,35,2022-03-11,2022,1,Open,,foodiepie,,Js-Prairie-Rose-Laramie-WY
The Acre,"Albuquerque, New Mexico",NM,USA,True,Other,Diner,New American bistros,0.99,0.33,0.05,0.17,0.73,jev,2022-03-11,35,2022-03-11,2022,1,Closed,foodiepie;wikipedia,foodiepie,,Acre-Albuquerque-NM
Born in a Barn,"Laramie, Wyoming",WY,USA,True,Dive,Dive,Dive,,0.18,0.04,0.44,0.91,jev,2022-03-18,35,2022-03-18,2022,1,Open,,foodiepie,,Born-In-A-Barn-Laramie-WY
Sweet Melissa,"Laramie, Wyoming",WY,USA,True,Other,Dive,Brewpubs & bars,0.2,0.32,0.12,0.48,0.33,jev,2022-03-18,35,2022-03-18,2022,1,Open,,foodiepie,,Sweet-Melissas-Laramie-WY
Tequila 61,"Anchorage, Alaska",AK,USA,True,Other,Other,Mexican & Latin,1.0,0.03,0.03,0.14,1.0,jev,2022-03-18,35,2022-03-18,2022,1,Open,,foodiepie,,Tequila-61-Anchorage-AK
Coda Bakery,"Albuquerque, New Mexico",NM,USA,True,Other,Other,Global kitchens,0.58,0.09,0.06,0.17,1.0,jev,2022-03-25,35,2022-03-25,2022,1,Open,,foodiepie,,Coda-Bakery-Albuquerque-NM
Crowbar & Grill,"Laramie, Wyoming",WY,USA,True,Other,Dive,Brewpubs & bars,0.9,0.21,0.06,0.32,0.46,jev,2022-03-25,35,2022-03-25,2022,1,Open,,foodiepie,,Crowbar-and-Grill-Laramie-WY
Originale,"Anchorage, Alaska",AK,USA,True,Other,Other,Sandwiches & delis,0.48,0.13,0.07,0.24,1.0,jev,2022-03-25,35,2022-03-25,2022,1,Open,,foodiepie,,Originale-Anchorage-AK
Alibi Wood Fire,"Laramie, Wyoming",WY,USA,True,Dive,Dive,Dive,,0.16,0.03,0.45,0.48,jev,2022-04-15,35,2022-04-15,2022,1,Open,,foodiepie,,Alibi-Wood-Fire-Laramie-WY
Ray's Place,"Anchorage, Alaska",AK,USA,True,Other,Other,Global kitchens,1.0,0.04,0.04,0.27,1.0,jev,2022-04-15,35,2022-04-15,2022,1,Open,,foodiepie,,Rays-Place-Anchorage-AK
Rowley Inn,"Cleveland, Ohio",OH,USA,True,Diner,Diner,Diner,,0.65,0.03,0.66,0.35,jev,2022-04-15,35,2022-04-15,2022,1,Open,,foodiepie,,Rowley-Inn-Cleveland-OH
Chaatable,"Nashville, Tennessee",TN,USA,True,Other,Other,Global kitchens,1.0,0.04,0.06,0.12,1.0,jev,2022-04-29,35,2022-04-29,2022,1,Closed,foodiepie;wikipedia,foodiepie,,Chaatable-Nashville-TN
Mabel's BBQ,"Cleveland, Ohio",OH,USA,True,Other,Other,BBQ & smokehouses,1.0,0.12,0.04,0.23,0.99,jev,2022-04-29,35,2022-04-29,2022,1,Open,,foodiepie,,Mabels-BBQ-Cleveland-OH
El Fogon De La 31,"Juncos, Puerto Rico",PR,Puerto Rico,True,Other,Dive,Mexican & Latin,1.0,0.08,0.09,0.46,0.78,jev,2022-05-06,35,2022-05-06,2022,1,Open,,foodiepie,,El-Fogon-De-La-31-Juncos-PR
El Grifo,"Caguas, Puerto Rico",PR,Puerto Rico,True,Other,Diner,New American bistros,0.63,0.18,0.05,0.1,0.98,jev,2022-05-06,35,2022-05-06,2022,1,Open,,foodiepie,,El-Grifo-Caguas-PR
Mercado La Carreta,"San Juan, Puerto Rico",PR,Puerto Rico,True,Other,Diner,Mexican & Latin,0.53,0.17,0.04,0.14,0.99,jev,2022-05-06,35,2022-05-06,2022,1,Open,,foodiepie,,La-Carreta-San-Juan-PR
Budare,"San Juan, Puerto Rico",PR,Puerto Rico,True,Other,Other,Mexican & Latin,1.0,0.07,0.09,0.19,1.0,jev,2022-05-20,35,2022-05-20,2022,1,Closed,foodiepie,foodiepie,,Budare-San-Juan-PR
Double Dub's,"Laramie, Wyoming",WY,USA,True,Drive-In,Drive-In,Drive-In,,0.05,0.93,0.46,1.0,jev,2022-05-20,35,2022-05-20,2022,1,Open,,foodiepie,,Double-Dubs-Laramie-WY
Mason's Creamery,"Cleveland, Ohio",OH,USA,True,Other,Drive-In,"Bakeries, cafes & desserts",0.97,0.08,0.31,0.16,0.69,jev,2022-05-20,35,2022-05-20,2022,1,Open,,foodiepie,,Masons-Creamery-Cleveland-OH
Fat Cats,"Cleveland, Ohio",OH,USA,True,Other,Dive,Global kitchens,0.93,0.13,0.02,0.43,0.34,jev,2022-05-27,35,2022-05-27,2022,1,Open,,foodiepie,,Fat-Cats-Cleveland-OH
Haldi Chowk Indian Bistro,"Middletown, New Jersey",NJ,USA,True,Other,Other,Global kitchens,1.0,0.03,0.05,0.17,1.0,jev,2022-05-27,35,2022-05-27,2022,1,Open,,foodiepie,,Haldi-Chowk-Middletown-NJ
Salao Tapas & Bar,"Caguas, Puerto Rico",PR,Puerto Rico,True,Other,Dive,Brewpubs & bars,0.75,0.04,0.02,0.13,0.99,jev,2022-05-27,35,2022-05-27,2022,1,Open,,foodiepie,,Salao-Caguas-PR
Astoria Cafe & Market,"Cleveland, Ohio",OH,USA,True,Other,Other,Global kitchens,0.98,0.04,0.02,0.17,1.0,jev,2022-07-08,35,2022-07-08,2022,1,Open,,foodiepie,,Astoria-Cafe-and-Market-Cleveland-OH
Orozco's Restaurant,"San Juan, Puerto Rico",PR,Puerto Rico,True,Other,Dive,Mexican & Latin,1.0,0.06,0.09,0.4,0.98,jev,2022-07-08,35,2022-07-08,2022,1,Open,,foodiepie,,Orozcos-San-Juan-PR
Turf Surf & Earth,"Somerville, New Jersey",NJ,USA,True,Diner,Diner,Diner,,0.49,0.1,0.27,0.54,jev,2022-07-08,35,2022-07-08,2022,1,Open,,foodiepie,,Turf-Surf-and-Earth-Somerville-NJ
Chúla Artisan Eatery,"La Quinta, California",CA,USA,True,Other,Diner,New American bistros,0.48,0.3,0.04,0.1,0.99,jev,2022-07-15,35,2022-07-15,2022,1,Open,,foodiepie,,Chula-Artisan-Eatery-La-Quinta-CA
Good Company,"Cleveland, Ohio",OH,USA,True,Diner,Diner,Diner,,0.68,0.04,0.21,0.68,jev,2022-07-15,35,2022-07-15,2022,1,Open,,foodiepie,,Good-Company-Cleveland-OH
The Chubby Pickle,"Highlands, New Jersey",NJ,USA,True,Dive,Dive,Dive,,0.14,0.02,0.44,0.78,jev,2022-07-15,35,2022-07-15,2022,1,Open,,foodiepie,,Chubby-Pickle-Highlands-NJ
Big Pinks BBQ,"Bridgewater Township, New Jersey",NJ,USA,True,Drive-In,Drive-In,Drive-In,,0.05,0.95,0.35,0.97,jev,2022-07-29,35,2022-07-29,2022,1,Open,,foodiepie,,Big-Pinks-BBQ-Bridgewater-NJ
Moo Yai Thai,"Sea Bright, New Jersey",NJ,USA,True,Other,Other,Global kitchens,1.0,0.02,0.04,0.25,1.0,jev,2022-07-29,35,2022-07-29,2022,1,Open,,foodiepie,,Moo-Yai-Thai-Sea-Bright-NJ
Pablo's Tacos & Beer,"Indio, California",CA,USA,True,Dive,Dive,Dive,,0.05,0.06,0.61,0.59,jev,2022-07-29,35,2022-07-29,2022,1,Open,,foodiepie,,Pablos-Tacos-and-Beer-Indio-CA
East Side Banh Mi,"Nashville, Tennessee",TN,USA,True,Other,Other,Global kitchens,0.69,0.08,0.06,0.13,1.0,jev,2022-08-05,35,2022-08-05,2022,1,Open,,foodiepie,,East-Side-Banh-Mi-Nashville-TN
Gastro Grind Burgers,"Palm Desert, California",CA,USA,True,Other,Other,Brewpubs & bars,0.62,0.18,0.07,0.14,0.97,jev,2022-08-05,35,2022-08-05,2022,1,Open,,foodiepie,,Gastro-Grind-Burgers-Palm-Desert-CA
The Real Italian Deli,"Palm Desert, California",CA,USA,True,Other,Other,Sandwiches & delis,0.99,0.1,0.08,0.14,1.0,jev,2022-08-05,35,2022-08-05,2022,1,Open,,foodiepie,,Real-Italian-Deli-Palm-Desert-CA
Homegrown Taproom & Kitchen,"Nashville, Tennessee",TN,USA,True,Other,Dive,Brewpubs & bars,1.0,0.24,0.03,0.51,0.57,jev,2022-08-12,35,2022-08-12,2022,1,Open,,foodiepie,,Homegrown-Taproom-and-Kitchen-Nashville-TN
Joe's Meat Market,"South Bound Brook, New Jersey",NJ,USA,True,Other,Other,Butchers & markets,0.53,0.14,0.07,0.42,1.0,jev,2022-08-12,35,2022-08-12,2022,1,Open,,foodiepie,,Joes-Meat-Market-South-Bound-Brook-NJ
Pie Town Tacos,"Nashville, Tennessee",TN,USA,True,Drive-In,Drive-In,Drive-In,,0.07,0.69,0.35,0.29,jev,2022-08-12,35,2022-08-12,2022,1,Open,,foodiepie,,Pie-Town-Tacos-Nashville-TN
El Mirasol Cocina Mexicana,"Palm Springs, California",CA,USA,True,Other,Other,Mexican & Latin,1.0,0.03,0.04,0.16,1.0,jev,2022-08-26,35,2022-08-26,2022,1,Open,,foodiepie,,El-Mirasol-Restaurant-Palm-Springs-CA
Gabino's Creperie,"Palm Springs, California",CA,USA,True,Dive,Dive,Dive,,0.17,0.06,0.73,0.83,jev,2022-08-26,35,2022-08-26,2022,1,Open,,foodiepie,,Gabinos-Creperie-Palm-Springs-CA
King Tut's,"Nashville, Tennessee",TN,USA,True,Drive-In,Drive-In,Drive-In,,0.03,0.87,0.19,0.67,jev,2022-08-26,35,2022-08-26,2022,1,Open,,foodiepie,,King-Tuts-Nashville-TN
Bottle Cap,"Nashville, Tennessee",TN,USA,True,Dive,Dive,Dive,,0.51,0.06,0.36,0.42,jev,2022-09-09,36,2022-09-09,2022,1,Open,,foodiepie,,Bottle-Cap-Nashville-TN
Panheads Pizzeria,"New Smyrna Beach, Florida",FL,USA,True,Other,Other,Pizza & Italian,1.0,0.07,0.07,0.36,1.0,jev,2022-09-09,36,2022-09-09,2022,1,Open,,foodiepie,,Panheads-Pizzeria-New-Smyrna-Beach-FL
The Garlic,"New Smyrna Beach, Florida",FL,USA,True,Other,Dive,Pizza & Italian,0.95,0.06,0.04,0.18,0.99,jev,2022-09-09,36,2022-09-09,2022,1,Open,,foodiepie,,Garlic-New-Smyrna-Beach-FL
Arepita Beach,"Daytona Beach, Florida",FL,USA,True,Other,Dive,Mexican & Latin,1.0,0.17,0.26,0.64,0.62,jev,2022-09-16,36,2022-09-16,2022,1,Open,,foodiepie,,Arepita-Beach-Daytona-Beach-FL
Millie's Restaurant & Catering,"Daytona Beach Shores, Florida",FL,USA,True,Other,Diner,Seafood,0.96,0.25,0.04,0.22,0.98,jev,2022-09-16,36,2022-09-16,2022,1,Open,,foodiepie,,Millies-Restaurant-and-Catering-Daytona-Beach-FL
Redheaded Stranger,"Nashville, Tennessee",TN,USA,True,Dive,Dive,Dive,,0.08,0.17,0.55,0.9,jev,2022-09-16,36,2022-09-16,2022,1,Open,,foodiepie,,Redheaded-Stranger-Nashville-TN
Amos Mosquito's,"Atlantic Beach, North Carolina",NC,USA,True,Other,Dive,Seafood,0.97,0.24,0.07,0.41,0.63,jev,2022-09-30,36,2022-09-30,2022,1,Open,,foodiepie,,Amos-Mosquitos-Restaurant-and-Bar-Atlantic-Beach-NC
Moat Mountain,"North Conway, New Hampshire",NH,USA,True,Other,Other,BBQ & smokehouses,0.58,0.11,0.06,0.22,0.99,jev,2022-09-30,36,2022-09-30,2022,1,Open,,foodiepie,,Moat-Mountain-Smokehouse-and-Brewing-North-Conway-NH
Rose Villa Southern Table & Bar,"Ormond Beach, Florida",FL,USA,True,Other,Other,"Southern, Cajun & soul",0.96,0.08,0.01,0.06,1.0,jev,2022-09-30,36,2022-09-30,2022,1,Open,,foodiepie,,Rose-Villa-Southern-Table-and-Bar-Ormond-Beach-FL
Big Dave's Bagels & Deli,"North Conway, New Hampshire",NH,USA,True,Other,Other,Sandwiches & delis,0.96,0.25,0.11,0.22,1.0,jev,2022-10-07,36,2022-10-07,2022,1,Open,,foodiepie,,Big-Daves-Bagels-and-Deli-North-Conway-NH
"Floyd's 1921 Restaurant, Bar & Catering","Morehead City, North Carolina",NC,USA,True,Other,Other,"Southern, Cajun & soul",0.92,0.18,0.04,0.16,0.99,jev,2022-10-07,36,2022-10-07,2022,1,Open,,foodiepie,,Floyds-1921-Restaurant-and-Catering-Morehead-City-NC
Third Wave Cafe,"New Smyrna Beach, Florida",FL,USA,True,Other,Other,New American bistros,0.87,0.11,0.02,0.07,1.0,jev,2022-10-07,36,2022-10-07,2022,1,Open,,foodiepie,,Third-Wave-Cafe-New-Smyrna-Beach-FL
Barley & Salt Tap House and Kitchen,"North Conway, New Hampshire",NH,USA,True,Other,Dive,Brewpubs & bars,1.0,0.12,0.02,0.21,0.93,jev,2022-11-04,36,2022-11-04,2022,1,Open,,foodiepie,,Barley-and-Salt-North-Conway-NH
Ranchos Plaza Grill,"Ranchos de Taos, New Mexico",NM,USA,True,Other,Other,Mexican & Latin,1.0,0.07,0.06,0.26,1.0,jev,2022-11-04,36,2022-11-04,2022,1,Open,,foodiepie,,Ranchos-Plaza-Grill-Taos-NM
Shepard Barbecue,"Emerald Isle, North Carolina",NC,USA,True,Other,Drive-In,BBQ & smokehouses,1.0,0.15,0.37,0.34,0.99,jev,2022-11-04,36,2022-11-04,2022,1,Open,,foodiepie,,Shepard-Barbecue-Emerald-Isle-NC
Antonio's The Taste of Mexico,"Taos, New Mexico",NM,USA,True,Other,Other,Mexican & Latin,1.0,0.05,0.05,0.15,1.0,jev,2022-11-11,36,2022-11-11,2022,1,Open,,foodiepie,,Antonios-The-Taste-of-Mexico-Taos-NM
Gutiz,"Taos, New Mexico",NM,USA,True,Other,Other,Breakfast & brunch,0.76,0.13,0.02,0.09,1.0,jev,2022-11-11,36,2022-11-11,2022,1,Open,,foodiepie,,Gutiz-Taos-NM
Kindred,"San Diego, California",CA,USA,True,Dive,Dive,Dive,,0.1,0.03,0.43,0.34,jev,2022-11-11,36,2022-11-11,2022,1,Open,,foodiepie,,Kindred-San-Diego-CA
Donabe Asian Kitchen,"Taos, New Mexico",NM,USA,True,Other,Other,Global kitchens,1.0,0.02,0.01,0.06,1.0,jev,2022-11-25,36,2022-11-25,2022,1,Closed,wikipedia;web,web,,
Shawarma Guys,"San Diego, California",CA,USA,True,Drive-In,Drive-In,Drive-In,,0.03,0.93,0.28,0.96,jev,2022-11-25,36,2022-11-25,2022,1,Open,,foodiepie,,Shawarma-Guys-San-Diego-CA
Tuetano Taqueria,"San Diego, California",CA,USA,True,Dive,Dive,Dive,,0.04,0.14,0.54,0.69,jev,2022-11-25,36,2022-11-25,2022,1,Closed,foodiepie,foodiepie,,Tuetano-Taqueria-San-Diego-CA
ACEQ Restaurant,"Arroyo Seco, New Mexico",NM,USA,True,Other,Other,New American bistros,0.99,0.17,0.03,0.08,1.0,jev,2022-12-16,36,2022-12-16,2022,1,Open,,foodiepie,,ACEQ-Restaurant-Arroyo-Seco-NM
Aly's Eats,"Arroyo Seco, New Mexico",NM,USA,True,Other,Diner,"Bakeries, cafes & desserts",0.56,0.17,0.18,0.24,0.9,jev,2022-12-16,36,2022-12-16,2022,1,Open,,foodiepie,,Alys-Taos-Eats-El-Prado-NM
Sovereign Thai,"San Diego, California",CA,USA,True,Other,Dive,Global kitchens,1.0,0.03,0.03,0.27,0.99,jev,2022-12-16,36,2022-12-16,2022,1,Open,,foodiepie,,Sovereign-Modern-Thai-Cuisine-San-Diego-CA
NOLA on 5th,"San Diego, California",CA,USA,True,Dive,Dive,Dive,,0.29,0.05,0.56,0.75,jev,2023-01-06,36,2023-01-06,2023,1,Open,,foodiepie,,NOLA-on-5th-San-Diego-CA
Nutmeg Bakery & Cafe,"San Diego, California",CA,USA,True,Other,Diner,"Bakeries, cafes & desserts",1.0,0.3,0.03,0.07,0.98,jev,2023-01-06,36,2023-01-06,2023,1,Open,,foodiepie,,Nutmeg-Bakery-and-Cafe-San-Diego-CA
Roof 106,"Healdsburg, California",CA,USA,True,Other,Other,New American bistros,0.5,0.04,0.02,0.05,1.0,jev,2023-01-06,36,2023-01-06,2023,1,Open,,foodiepie,,Roof-106-Healdsburg-CA
Bossie's Kitchen,"Santa Barbara, California",CA,USA,True,Other,Diner,New American bistros,0.78,0.37,0.06,0.23,0.67,jev,2023-01-13,36,2023-01-13,2023,1,Open,,foodiepie,,Bossies-Kitchen-Santa-Barbara-CA
Chickpeas Mediterranean Cafe,"Las Vegas, Nevada",NV,USA,True,Other,Other,Global kitchens,1.0,0.04,0.09,0.2,1.0,jev,2023-01-13,36,2023-01-13,2023,1,Open,,foodiepie,,Chickpeas-Mediterranean-Cafe-Las-Vegas-NV
The Chef's Touch BBQ Rig,"Santa Ynez, California",CA,USA,True,Drive-In,Drive-In,Drive-In,,0.06,0.95,0.23,0.89,jev,2023-01-13,36,2023-01-13,2023,1,Open,,foodiepie,,Chefs-Touch-Santa-Barbara-CA
Bettina,"Santa Barbara, California",CA,USA,True,Other,Other,Pizza & Italian,1.0,0.04,0.03,0.13,1.0,jev,2023-01-27,36,2023-01-27,2023,1,Open,,foodiepie,,Bettina-Santa-Barbara-CA
Marsigliano's,"Las Vegas, Nevada",NV,USA,True,Other,Dive,Pizza & Italian,1.0,0.22,0.26,0.55,0.7,jev,2023-01-27,36,2023-01-27,2023,1,Open,,foodiepie,,Marsiglianos-Pizzeria-Las-Vegas-NV
No Butcher,"Las Vegas, Nevada",NV,USA,True,Other,Drive-In,Sandwiches & delis,1.0,0.14,0.58,0.19,0.9,jev,2023-01-27,36,2023-01-27,2023,1,Closed,wikipedia,foodiepie,,NoButcher-Las-Vegas-NV
House of Dutch Pot,"Las Vegas, Nevada",NV,USA,True,Other,Other,Mexican & Latin,1.0,0.05,0.08,0.32,1.0,jev,2023-02-17,36,2023-02-17,2023,1,Open,,foodiepie,,House-Of-Dutch-Pot-Las-Vegas-NV
The Blue Owl,"Santa Barbara, California",CA,USA,True,Other,Diner,Global kitchens,0.58,0.19,0.04,0.1,0.98,jev,2023-02-17,36,2023-02-17,2023,1,Open,,foodiepie,,Blue-Owl-Santa-Barbara-CA
The Rebel House,"Boca Raton, Florida",FL,USA,True,Other,Other,New American bistros,1.0,0.08,0.03,0.09,1.0,jev,2023-02-17,36,2023-02-17,2023,1,Closed,foodiepie;wikipedia,foodiepie,,Rebel-House-Boca-Raton-FL
Rose's Daughter,"Delray Beach, Florida",FL,USA,True,Other,Other,Pizza & Italian,0.99,0.05,0.02,0.08,1.0,jev,2023-03-03,37,2023-03-03,2023,1,Open,,foodiepie,,Rose’s-Daughter-Delray-Beach-FL
Shalhoob's Funk Zone Patio,"Santa Barbara, California",CA,USA,True,Other,Dive,New American bistros,0.99,0.16,0.08,0.24,0.96,jev,2023-03-03,37,2023-03-03,2023,1,Open,,foodiepie,,Shalhoobs-Funk-Zone-Patio-Santa-Barbara-CA
What's Zaap? Thai Food,"Las Vegas, Nevada",NV,USA,True,Other,Other,Global kitchens,1.0,0.03,0.05,0.2,1.0,jev,2023-03-03,37,2023-03-03,2023,1,Open,,foodiepie,,Whats-Zaap-Thai-Food-Las-Vegas-NV
Cheffrey Eats,"Boca Raton, Florida",FL,USA,True,Drive-In,Drive-In,Drive-In,,0.1,0.93,0.39,1.0,jev,2023-03-10,37,2023-03-10,2023,1,Open,,foodiepie,,Cheffrey-Eats-Boca-Raton-FL
Secret Bao,"Santa Barbara, California",CA,USA,True,Other,Other,Global kitchens,1.0,0.04,0.08,0.15,1.0,jev,2023-03-10,37,2023-03-10,2023,1,Open,,foodiepie,,Secret-Bao-Santa-Barbara-CA
The Butcher & The Bar,"Boynton Beach, Florida",FL,USA,True,Other,Dive,Butchers & markets,0.72,0.16,0.04,0.24,0.94,jev,2023-03-10,37,2023-03-10,2023,1,Closed,wikipedia,foodiepie,,Butcher-and-The-Bar-Boynton-Beach-FL
Hellenic Republic,"Coral Springs, Florida",FL,USA,True,Other,Diner,Global kitchens,1.0,0.22,0.06,0.17,0.99,jev,2023-03-17,37,2023-03-17,2023,1,Open,,foodiepie,,Hellenic-Republic-Coral-Springs-FL
La Cosinita Latina,"West Palm Beach, Florida",FL,USA,True,Other,Other,Mexican & Latin,1.0,0.06,0.07,0.28,1.0,jev,2023-03-17,37,2023-03-17,2023,1,Open,,foodiepie,,La-Cosinita-Latina-West-Palm-Beach-FL
Letty's de Leticia's Cocina,"Las Vegas, Nevada",NV,USA,True,Other,Other,Mexican & Latin,1.0,0.09,0.06,0.28,0.99,jev,2023-03-17,37,2023-03-17,2023,1,Open,,foodiepie,,Lettys-De-Leticias-Cocina-Las-Vegas-NV
Alyonka Russian Cuisine,"Boise, Idaho",ID,USA,True,Other,Other,Global kitchens,1.0,0.09,0.03,0.28,1.0,jev,2023-03-31,37,2023-03-31,2023,1,Open,,foodiepie,,Alyonka-Russian-Cuisine-Boise-ID
Big Lee's BBQ,"Ocala, Florida",FL,USA,True,Other,Drive-In,BBQ & smokehouses,1.0,0.1,0.38,0.29,0.97,jev,2023-03-31,37,2023-03-31,2023,1,Open,,web,,
Taj Mahal Homestyle Indian and Pakistani Cuisine,"Boise, Idaho",ID,USA,True,Other,Other,Global kitchens,1.0,0.03,0.04,0.23,1.0,jev,2023-03-31,37,2023-03-31,2023,1,Open,,foodiepie,,Taj-Mahal-Homestyle-Indian-and-Pakistani-Cuisine-Boise-ID
Big Bon,"Savannah, Georgia",GA,USA,True,Other,Dive,"Bakeries, cafes & desserts",0.53,0.17,0.29,0.59,0.56,jev,2023-04-14,37,2023-04-14,2023,1,Open,,web,,
Saint Lawrence Gridiron,"Boise, Idaho",ID,USA,True,Other,Diner,BBQ & smokehouses,0.94,0.28,0.08,0.23,0.95,jev,2023-04-14,37,2023-04-14,2023,1,Open,,foodiepie,,Saint-Lawrence-Gridiron-Boise-ID
Tango's Empanadas,"Boise, Idaho",ID,USA,True,Other,Other,Mexican & Latin,1.0,0.05,0.23,0.24,0.99,jev,2023-04-14,37,2023-04-14,2023,1,Open,,foodiepie,,Tangos-Empanadas-and-Grill-Meridian-ID
Sea Wolf Tybee,"Tybee Island, Georgia",GA,USA,True,Other,Dive,New American bistros,0.76,0.23,0.23,0.24,0.67,jev,2023-04-28,37,2023-04-28,2023,1,Open,,foodiepie,,Sea-Wolf-Tybee-Tybee-Island-GA
Sisters of the New South,"Savannah, Georgia",GA,USA,True,Other,Diner,"Southern, Cajun & soul",1.0,0.2,0.04,0.17,0.98,jev,2023-04-28,37,2023-04-28,2023,1,Open,,foodiepie,,Sisters-of-the-New-South-Savannah-GA
Sunshine Spice Bakery & Cafe,"Boise, Idaho",ID,USA,True,Other,Other,"Bakeries, cafes & desserts",0.87,0.1,0.04,0.14,1.0,jev,2023-04-28,37,2023-04-28,2023,1,Open,,foodiepie,,Sunshine-Spice-Bakery-and-Cafe-Boise-ID
Madre - Boutique Taqueria,"Boise, Idaho",ID,USA,True,Other,Dive,Mexican & Latin,1.0,0.04,0.05,0.15,0.98,jev,2023-05-19,37,2023-05-19,2023,1,Open,,foodiepie,,Madre---Boutique-Taqueria-Boise-ID
Sundae Cafe at Tybee,"Tybee Island, Georgia",GA,USA,True,Other,Diner,"Southern, Cajun & soul",0.74,0.32,0.06,0.11,0.88,jev,2023-05-19,37,2023-05-19,2023,1,Open,,foodiepie,,Sundae-Cafe-Tybee-Island-GA
The Garage at Victory North,"Savannah, Georgia",GA,USA,True,Other,Other,New American bistros,0.52,0.1,0.04,0.06,1.0,jev,2023-05-19,37,2023-05-19,2023,1,Open,,foodiepie,,Garage-Savannah-GA
Anita's Kitchen Gourmet Indian Food,"Bend, Oregon",OR,USA,True,Drive-In,Drive-In,Drive-In,,0.03,0.87,0.51,0.69,jev,2023-07-07,37,2023-07-07,2023,1,Open,,foodiepie,,Anitas-Kitchen-Bend-OR
Chazito's Latin Cuisine,"Pooler, Georgia",GA,USA,True,Other,Other,Mexican & Latin,1.0,0.18,0.15,0.3,0.99,jev,2023-07-07,37,2023-07-07,2023,1,Open,,foodiepie,,Chazitos-Latin-Cuisine-Pooler-GA
La Pupusa Urban Eatery,"Los Angeles, California",CA,USA,True,Other,Other,Mexican & Latin,1.0,0.17,0.18,0.27,0.99,jev,2023-07-07,37,2023-07-07,2023,1,Open,,foodiepie,,La-Pupusa-Urban-Eatery-Los-Angeles-CA
A Broken Angel,"Bend, Oregon",OR,USA,True,Drive-In,Drive-In,Drive-In,,0.08,0.87,0.2,0.93,jev,2023-07-28,37,2023-07-28,2023,1,Open,,foodiepie,,A-Broken-Angel-Bend-OR
Lucius Q,"Cincinnati, Ohio",OH,USA,True,Other,Other,BBQ & smokehouses,1.0,0.15,0.07,0.25,1.0,jev,2023-07-28,37,2023-07-28,2023,1,Open,,foodiepie,,Lucius-Q-Cincinnati-OH
South End,"Venice, Los Angeles, California",CA,USA,True,Other,Other,Pizza & Italian,0.78,0.05,0.03,0.07,1.0,jev,2023-07-28,37,2023-07-28,2023,1,Closed,foodiepie,foodiepie,,South-End-Venice-CA
Big Ski's Pierogis,"Bend, Oregon",OR,USA,True,Drive-In,Drive-In,Drive-In,,0.05,0.94,0.4,0.97,jev,2023-08-04,37,2023-08-04,2023,1,Open,,foodiepie,,Big-Skis-Pierogis-Bend-OR
Tacos Y Birria La Unica,"Los Angeles, California",CA,USA,True,Drive-In,Drive-In,Drive-In,,0.02,0.95,0.51,0.99,jev,2023-08-04,37,2023-08-04,2023,1,Open,,foodiepie,,Tacos-y-Birria-La-Unica-Los-Angeles-CA
The Governor,"Milford, Ohio",OH,USA,True,Diner,Diner,Diner,,0.88,0.04,0.14,0.99,jev,2023-08-04,37,2023-08-04,2023,1,Open,,foodiepie,,Governor-Modern-Diner-Milford-OH
High Camp Taphouse,"Sisters, Oregon",OR,USA,True,Other,Dive,Global kitchens,0.77,0.07,0.11,0.28,0.86,jev,2023-08-18,37,2023-08-18,2023,1,Open,,foodiepie,,High-Camp-Taphouse-Sisters-OR
Kiki College Hill,"Cincinnati, Ohio",OH,USA,True,Other,Other,Global kitchens,0.91,0.05,0.03,0.13,1.0,jev,2023-08-18,37,2023-08-18,2023,1,Closed,wikipedia,foodiepie,,Kiki-College-Hill-Cincinnati-OH
Marouch Restaurant,"Los Angeles, California",CA,USA,True,Other,Other,Global kitchens,1.0,0.04,0.05,0.25,1.0,jev,2023-08-18,37,2023-08-18,2023,1,Open,,foodiepie,,Marouch-Restaurant-Los-Angeles-CA
Grace and Hammer Pizzeria,"Redmond, Oregon",OR,USA,True,Other,Other,Pizza & Italian,1.0,0.07,0.07,0.3,1.0,jev,2023-08-25,37,2023-08-25,2023,1,Open,,foodiepie,,Grace-and-Hammer-Redmond-OR
Schoolhouse Restaurant,"Camp Dennison, Ohio",OH,USA,True,Other,Diner,"Southern, Cajun & soul",1.0,0.4,0.03,0.3,0.47,jev,2023-08-25,37,2023-08-25,2023,1,Open,,foodiepie,,Schoolhouse-Restaurant-Dennison-OH
The Stamford Diner,"Stamford, Connecticut",CT,USA,True,Diner,Diner,Diner,,0.95,0.03,0.27,1.0,name,2023-08-25,37,2023-08-25,2023,1,Open,,foodiepie,,Stamford-Diner-Stamford-CT
Big Jays Place,"Cincinnati, Ohio",OH,USA,True,Other,Dive,Mexican & Latin,0.91,0.17,0.19,0.51,0.91,jev,2023-09-01,38,2023-09-01,2023,1,Open,,web,,
Dirty Birds,"Omaha, Nebraska",NE,USA,True,Other,Drive-In,"Southern, Cajun & soul",0.91,0.15,0.18,0.28,0.49,jev,2023-09-01,38,2023-09-01,2023,1,Open,,web,,
Feast Food Company,"Redmond, Oregon",OR,USA,True,Other,Drive-In,New American bistros,1.0,0.13,0.13,0.19,0.98,jev,2023-09-01,38,2023-09-01,2023,1,Open,,web,,
Izzy's Pizza Bus,"Omaha, Nebraska",NE,USA,True,Drive-In,Drive-In,Drive-In,,0.05,0.85,0.26,0.63,jev,2023-09-08,38,2023-09-08,2023,1,Open,,foodiepie,,Izzys-Pizza-Bus-Omaha-NE
Rinconcito Salvadoreño,"Port Chester, New York",NY,USA,True,Other,Dive,Mexican & Latin,1.0,0.05,0.09,0.54,0.97,jev,2023-09-08,38,2023-09-08,2023,1,Open,,foodiepie,,Rinconcito-Salvadoreno-Port-Chester-NY
Sago,"Cincinnati, Ohio",OH,USA,True,Other,Other,Global kitchens,1.0,0.04,0.04,0.14,1.0,jev,2023-09-08,38,2023-09-08,2023,1,Open,,foodiepie,,Sago-Cincinnati-OH
Black Market Liquor Bar,"Studio City, Los Angeles, California",CA,USA,True,Other,Dive,New American bistros,0.82,0.06,0.02,0.08,0.97,jev,2023-09-15,38,2023-09-15,2023,1,Open,,foodiepie,,Black-Market-Liquor-Bar-Studio-City-CA
Bokujo Ramen,"Rapid City, South Dakota",SD,USA,True,Other,Other,Global kitchens,0.8,0.07,0.06,0.14,1.0,jev,2023-09-15,38,2023-09-15,2023,1,Open,,foodiepie,,Bokujo-Ramen-Sioux-Falls-SD
Il Pastaficio,"Greenwich, Connecticut",CT,USA,True,Other,Other,Pizza & Italian,1.0,0.02,0.03,0.09,1.0,jev,2023-10-13,38,2023-10-13,2023,1,Open,,foodiepie,,Il-Pastaficio-Greenwich-CT
WD Cravings,"Omaha, Nebraska",NE,USA,True,Other,Diner,"Bakeries, cafes & desserts",0.52,0.25,0.04,0.13,0.63,jev,2023-10-13,38,2023-10-13,2023,1,Open,,foodiepie,,WD-Cravings-Omaha-NE
daybird,"Los Angeles, California",CA,USA,True,Other,Dive,Global kitchens,0.82,0.12,0.23,0.2,0.93,jev,2023-10-13,38,2023-10-13,2023,1,Open,,foodiepie,,Daybird-Los-Angeles-CA
Grigg Street Pizza,"Greenwich, Connecticut",CT,USA,True,Other,Other,Pizza & Italian,1.0,0.07,0.04,0.21,1.0,jev,2023-10-20,38,2023-10-20,2023,1,Open,,foodiepie,,Grigg-Street-Pizza-Greenwich-CT
Sitti's Table,"Cody, Wyoming",WY,USA,True,Other,Other,Global kitchens,0.74,0.11,0.04,0.06,1.0,jev,2023-10-20,38,2023-10-20,2023,1,Open,,foodiepie,,Sittis-Table-Cody-WY
The Noble South,"Mobile, Alabama",AL,USA,True,Other,Diner,New American bistros,0.62,0.2,0.03,0.08,0.98,jev,2023-10-20,38,2023-10-20,2023,1,Open,,foodiepie,,Noble-South-Mobile-AL
Corbo's Southside Deli,"Stamford, Connecticut",CT,USA,True,Other,Diner,Sandwiches & delis,1.0,0.31,0.08,0.38,0.99,jev,2023-10-27,38,2023-10-27,2023,1,Open,,foodiepie,,Corbos-Southside-Deli-Stamford-CT
Kitchen Table,"Omaha, Nebraska",NE,USA,True,Other,Diner,New American bistros,0.76,0.32,0.05,0.12,0.72,jev,2023-10-27,38,2023-10-27,2023,1,Open,,foodiepie,,Kitchen-Table-Omaha-NE
Southwood Kitchen,"Daphne, Alabama",AL,USA,True,Other,Dive,Seafood,0.55,0.12,0.03,0.25,0.91,jev,2023-10-27,38,2023-10-27,2023,1,Open,,foodiepie,,Southwood-Kitchen-Daphne-AL
Kouzina Greek Taverna and Bar,"Stamford, Connecticut",CT,USA,True,Other,Dive,Global kitchens,0.97,0.04,0.02,0.25,0.93,jev,2023-11-10,38,2023-11-10,2023,1,Open,,foodiepie,,Kouzina-Greek-Taverna-and-Bar-Stamford-CT
Modern Love,"Omaha, Nebraska",NE,USA,True,Other,Diner,New American bistros,0.52,0.25,0.07,0.16,0.77,jev,2023-11-10,38,2023-11-10,2023,1,Closed,wikipedia,foodiepie,,Modern-Love-Omaha-NE
The Hummingbird Way Oyster Bar,"Mobile, Alabama",AL,USA,True,Other,Other,Seafood,1.0,0.03,0.02,0.04,1.0,jev,2023-11-10,38,2023-11-10,2023,1,Open,,foodiepie,,Hummingbird-Way-Mobile-AL
307pizza,"Cody, Wyoming",WY,USA,True,Other,Drive-In,Pizza & Italian,1.0,0.04,0.84,0.36,0.38,jev,2023-11-17,38,2023-11-17,2023,1,Open,,foodiepie,,307-Pizza-Cody-WY
Block 16,"Omaha, Nebraska",NE,USA,True,Other,Drive-In,New American bistros,1.0,0.28,0.4,0.23,0.31,jev,2023-11-17,38,2023-11-17,2023,1,Open,,foodiepie,,Block-16-Omaha-NE
Roosters,"Mobile, Alabama",AL,USA,True,Dive,Dive,Dive,,0.05,0.13,0.51,0.53,jev,2023-11-17,38,2023-11-17,2023,1,Open,,foodiepie,,Roosters-Mobile-AL
Front Yard Tacos,"Mobile, Alabama",AL,USA,True,Other,Drive-In,Mexican & Latin,0.85,0.34,0.36,0.24,0.27,jev,2023-12-08,38,2023-12-08,2023,1,Open,,foodiepie,,Front-Yard-Tacos-Mobile-AL
Nic's On Beverly,"Los Angeles, California",CA,USA,True,Other,Other,New American bistros,0.98,0.16,0.03,0.11,1.0,jev,2023-12-08,38,2023-12-08,2023,1,Open,,foodiepie,,Nics-on-Beverly-Los-Angeles-CA
Saffron Street,"Calgary, Alberta, Canada",AB,Canada,False,Other,Other,Global kitchens,0.93,0.03,0.06,0.18,1.0,jev,2023-12-08,38,2023-12-08,2023,1,Open,,foodiepie,,Saffron-Street-Calgary-AB
Heaven Restaurant Market,"Calgary, Alberta, Canada",AB,Canada,False,Other,Other,Mexican & Latin,0.99,0.07,0.12,0.26,1.0,jev,2023-12-15,38,2023-12-15,2023,1,Open,,foodiepie,,Heaven-Restaurant-Market-Calgary-AB
Pie Zanos,"Buffalo, Wyoming",WY,USA,True,Other,Other,Pizza & Italian,1.0,0.04,0.03,0.09,1.0,jev,2023-12-15,38,2023-12-15,2023,1,Open,,foodiepie,,Pie-Zanos-Buffalo-WY
Trap Fusion,"Memphis, Tennessee",TN,USA,True,Other,Other,Mexican & Latin,0.77,0.09,0.1,0.26,1.0,jev,2023-12-15,38,2023-12-15,2023,1,Open,,foodiepie,,Trap-Fusion-Memphis-TN
LowCountry Steak,"Atlanta, Georgia",GA,USA,True,Other,Other,"Southern, Cajun & soul",0.95,0.02,0.01,0.02,1.0,jev,2023-12-29,39,2023-12-29,2023,1,Closed,web,web,,
Meat Boss Cottage Hill,"Mobile, Alabama",AL,USA,True,Other,Other,BBQ & smokehouses,1.0,0.22,0.28,0.59,0.97,jev,2023-12-29,39,2023-12-29,2023,1,Open,,web,,
Bohemian Biergarten,"Boulder, Colorado",CO,USA,True,Other,Dive,Brewpubs & bars,0.96,0.04,0.02,0.15,0.98,jev,2024-01-05,38,2024-01-05,2024,1,Open,,foodiepie,,Bohemian-Biergarten-Boulder-CO
Calgary Momo House,"Calgary, Alberta, Canada",AB,Canada,False,Other,Other,Global kitchens,1.0,0.04,0.04,0.23,1.0,jev,2024-01-05,38,2024-01-05,2024,1,Open,,foodiepie,,Calgary-Momo-House-Calgary-AB
Good Fortune Co.,"Memphis, Tennessee",TN,USA,True,Other,Other,Global kitchens,1.0,0.04,0.03,0.23,0.99,jev,2024-01-05,38,2024-01-05,2024,1,Open,,foodiepie,,Good-Fortune-Memphis-TN
Del Sur Artisan Eats,"St. Simons Island, Georgia",GA,USA,True,Other,Other,Mexican & Latin,0.99,0.03,0.01,0.07,1.0,jev,2024-01-12,38,2024-01-12,2024,1,Open,,web,,
Little Bettie Pizza & Snacks,"Memphis, Tennessee",TN,USA,True,Other,Dive,Brewpubs & bars,0.73,0.11,0.07,0.33,0.99,jev,2024-01-12,38,2024-01-12,2024,1,Open,,web,,
The Moose and Poncho,"Calgary, Alberta, Canada",AB,Canada,False,Dive,Dive,Dive,,0.04,0.13,0.44,0.44,jev,2024-01-12,38,2024-01-12,2024,1,Open,,web,,
Loaf,"Memphis, Tennessee",TN,USA,True,Other,Drive-In,Sandwiches & delis,0.99,0.15,0.16,0.11,0.9,jev,2024-01-26,38,2024-01-26,2024,1,Open,,web,,
Salt & Pepper,"Calgary, Alberta, Canada",AB,Canada,False,Other,Dive,Mexican & Latin,1.0,0.03,0.02,0.47,0.98,jev,2024-01-26,38,2024-01-26,2024,1,Open,,web,,
The Burns Pub & Restaurant,"Broomfield, Colorado",CO,USA,True,Other,Dive,Brewpubs & bars,0.95,0.03,0.01,0.2,0.67,jev,2024-01-26,38,2024-01-26,2024,1,Open,,web,,
Porch,"St. Simons Island, Georgia",GA,USA,True,Other,Diner,"Southern, Cajun & soul",0.93,0.28,0.27,0.29,0.45,jev,2024-02-02,38,2024-02-02,2024,1,Open,,web,,
Pure Street Food,"Calgary, Alberta, Canada",AB,Canada,False,Other,Dive,Global kitchens,0.92,0.03,0.22,0.57,0.71,jev,2024-02-02,38,2024-02-02,2024,1,Open,,web,,
Fry Bread House,"Phoenix, Arizona",AZ,USA,True,Other,Dive,Mexican & Latin,0.71,0.16,0.25,0.5,0.78,jev,2024-02-16,38,2024-02-16,2024,1,Open,,web,,
Rincon Argentino,"Boulder, Colorado",CO,USA,True,Other,Dive,Mexican & Latin,1.0,0.11,0.15,0.32,0.97,jev,2024-02-16,38,2024-02-16,2024,1,Open,,web,,
StickEM,"Memphis, Tennessee",TN,USA,True,Other,Drive-In,Global kitchens,1.0,0.05,0.18,0.28,0.98,jev,2024-02-16,38,2024-02-16,2024,1,Open,,web,,
Golden Isles Olive Oil Restaurant,"St. Simons Island, Georgia",GA,USA,True,Other,Other,New American bistros,0.32,0.06,0.01,0.06,1.0,jev,2024-02-23,38,2024-02-23,2024,1,Open,,web,,
Hush Public House,"Scottsdale, Arizona",AZ,USA,True,Other,Other,Brewpubs & bars,0.99,0.05,0.01,0.04,1.0,jev,2024-02-23,38,2024-02-23,2024,1,Open,,web,,
Las Tortugas Deli Mexicana,"Memphis, Tennessee",TN,USA,True,Dive,Dive,Dive,,0.09,0.22,0.77,0.68,jev,2024-02-23,38,2024-02-23,2024,1,Open,,web,,
Holy Crepe!!,"Boulder, Colorado",CO,USA,True,Other,Drive-In,Global kitchens,0.72,0.11,0.27,0.26,0.93,jev,2024-03-08,39,2024-03-08,2024,1,Open,,web,,
Julia's Bistro & Bar,"San Antonio, Texas",TX,USA,True,Other,Other,New American bistros,0.99,0.07,0.01,0.06,1.0,jev,2024-03-08,39,2024-03-08,2024,1,Open,,web,,
Kabob Grill N Go,"Phoenix, Arizona",AZ,USA,True,Dive,Dive,Dive,,0.02,0.37,0.81,0.89,jev,2024-03-08,39,2024-03-08,2024,1,Open,,web,,
Cracovia Polish-American Restaurant & Bar,"Westminster, Colorado",CO,USA,True,Other,Other,Global kitchens,1.0,0.08,0.01,0.17,1.0,jev,2024-03-15,39,2024-03-15,2024,1,Open,,web,,
Indigo Coastal Shanty,"Brunswick, Georgia",GA,USA,True,Other,Other,New American bistros,0.56,0.15,0.02,0.16,0.99,jev,2024-03-15,39,2024-03-15,2024,1,Open,,web,,
The Jerk Shack,"San Antonio, Texas",TX,USA,True,Drive-In,Drive-In,Drive-In,,0.08,0.69,0.24,0.57,jev,2024-03-15,39,2024-03-15,2024,1,Open,,web,,
Barchetta,"Boulder, Colorado",CO,USA,True,Other,Other,Pizza & Italian,1.0,0.04,0.04,0.28,1.0,jev,2024-03-29,39,2024-03-29,2024,1,Open,,web,,
Dulce Dough Donuts & Bakery,"St. Simons Island, Georgia",GA,USA,True,Other,Other,"Bakeries, cafes & desserts",1.0,0.14,0.2,0.09,1.0,jev,2024-03-29,39,2024-03-29,2024,1,Open,,web,,
Sichuan House,"San Antonio, Texas",TX,USA,True,Other,Other,Global kitchens,1.0,0.02,0.01,0.45,0.99,jev,2024-03-29,39,2024-03-29,2024,1,Open,,web,,
Bonfire Craft Kitchen & Tap House,"Tempe, Arizona",AZ,USA,True,Other,Dive,Brewpubs & bars,0.99,0.1,0.01,0.24,0.88,jev,2024-04-05,39,2024-04-05,2024,1,Open,,web,,
CRUjiente Tacos,"Phoenix, Arizona",AZ,USA,True,Other,Dive,Mexican & Latin,1.0,0.03,0.02,0.23,0.97,jev,2024-04-05,39,2024-04-05,2024,1,Closed,wikipedia;web,web,,
Tim Finnegan's Irish Restaurant And Pub,"Glendale, Arizona",AZ,USA,True,Dive,Dive,Dive,,0.11,0.01,0.47,0.44,jev,2024-04-05,39,2024-04-05,2024,1,Open,,web,,
Cavé Bistro,"Avon-by-the-Sea, New Jersey",NJ,USA,True,Other,Other,New American bistros,1.0,0.06,0.01,0.02,1.0,jev,2024-08-02,40,2024-08-02,2024,1,Open,,web,,
Che Chori,"Indianapolis, Indiana",IN,USA,True,Other,Dive,Mexican & Latin,1.0,0.06,0.14,0.39,0.97,jev,2024-08-02,40,2024-08-02,2024,1,Open,,web,,
Petra Mediterranean Pizza and Grill,"San Luis Obispo, California",CA,USA,True,Other,Other,Global kitchens,0.57,0.06,0.04,0.32,1.0,jev,2024-08-02,40,2024-08-02,2024,1,Open,,web,,
Flour House,"San Luis Obispo, California",CA,USA,True,Other,Other,Pizza & Italian,1.0,0.03,0.01,0.05,1.0,jev,2024-08-16,40,2024-08-16,2024,1,Open,,web,,
Katalina's,"Columbus, Ohio",OH,USA,True,Diner,Diner,Diner,,0.57,0.22,0.58,0.61,jev,2024-08-16,40,2024-08-16,2024,1,Open,,web,,
Source Restaurants,"Cambridge, Massachusetts",MA,USA,True,Other,Other,Brewpubs & bars,0.53,0.06,0.01,0.07,1.0,jev,2024-08-16,40,2024-08-16,2024,1,Open,,web,,
King Gyros Greek Restaurant,"Whitehall, Ohio",OH,USA,True,Other,Other,Global kitchens,1.0,0.06,0.02,0.31,1.0,jev,2024-08-30,40,2024-08-30,2024,1,Open,,web,,
Skratch Kitchen,"Bradley Beach, New Jersey",NJ,USA,True,Other,Other,New American bistros,0.64,0.06,0.01,0.2,1.0,jev,2024-08-30,40,2024-08-30,2024,1,Open,,web,,
Tlaolli,"Indianapolis, Indiana",IN,USA,True,Other,Dive,Mexican & Latin,1.0,0.03,0.36,0.34,0.56,jev,2024-08-30,40,2024-08-30,2024,1,Open,,web,,
Seed to Sprout,"Avon-by-the-Sea, New Jersey",NJ,USA,True,Other,Other,"Bakeries, cafes & desserts",0.71,0.09,0.12,0.2,0.99,jev,2024-09-06,40,2024-09-06,2024,1,Open,,web,,
Sweet Cheeks Q,"Boston, Massachusetts",MA,USA,True,Other,Other,BBQ & smokehouses,1.0,0.05,0.01,0.05,1.0,jev,2024-09-06,40,2024-09-06,2024,1,Open,,web,,
TASTE! craft eatery,"San Luis Obispo, California",CA,USA,True,Other,Diner,New American bistros,1.0,0.22,0.01,0.11,0.98,jev,2024-09-06,40,2024-09-06,2024,1,Open,,web,,
Mutiny BBQ Company,"Asbury Park, New Jersey",NJ,USA,True,Other,Other,BBQ & smokehouses,1.0,0.08,0.23,0.26,0.99,jev,2024-09-20,40,2024-09-20,2024,1,Open,,web,,
The Spoon Trade,"Grover Beach, California",CA,USA,True,Other,Other,New American bistros,1.0,0.12,0.02,0.06,1.0,jev,2024-09-20,40,2024-09-20,2024,1,Open,,web,,
Tommy's Diner,"Columbus, Ohio",OH,USA,True,Diner,Diner,Diner,,0.97,0.05,0.54,1.0,name,2024-09-20,40,2024-09-20,2024,1,Open,,web,,
Heights 167,"Point Pleasant Beach, New Jersey",NJ,USA,True,Other,Other,Mexican & Latin,1.0,0.04,0.02,0.14,1.0,jev,2024-10-04,40,2024-10-04,2024,1,Open,,web,,
Little Donkey,"Cambridge, Massachusetts",MA,USA,True,Other,Other,New American bistros,0.85,0.01,0.01,0.02,1.0,jev,2024-10-04,40,2024-10-04,2024,1,Open,,web,,
Pa & Ma's Backyard BBQ,"Indianapolis, Indiana",IN,USA,True,Dive,Dive,Dive,,0.17,0.32,0.81,0.69,jev,2024-10-04,40,2024-10-04,2024,1,Open,,web,,
High Bank Distillery Co,"Columbus, Ohio",OH,USA,True,Other,Other,Brewpubs & bars,1.0,0.06,0.02,0.09,1.0,jev,2024-10-11,40,2024-10-11,2024,1,Open,,web,,
His Place Eatery,"Indianapolis, Indiana",IN,USA,True,Other,Diner,"Southern, Cajun & soul",1.0,0.29,0.03,0.28,0.92,jev,2024-10-11,40,2024-10-11,2024,1,Open,,web,,
Vinal Bakery,"Somerville, Massachusetts",MA,USA,True,Other,Diner,"Bakeries, cafes & desserts",1.0,0.28,0.08,0.24,0.99,jev,2024-10-11,40,2024-10-11,2024,1,Open,,web,,
Joya's,"Worthington, Ohio",OH,USA,True,Other,Diner,Global kitchens,0.51,0.35,0.07,0.15,0.81,jev,2024-10-18,40,2024-10-18,2024,1,Open,,web,,
STEPCHLD,"Minneapolis, Minnesota",MN,USA,True,Other,Other,Global kitchens,0.67,0.03,0.01,0.03,1.0,jev,2024-10-18,40,2024-10-18,2024,1,Closed,web,web,,
The Quiet Few,"East Boston, Massachusetts",MA,USA,True,Dive,Dive,Dive,,0.13,0.01,0.59,0.98,jev,2024-10-18,40,2024-10-18,2024,1,Open,,web,,
Hai Hai,"Minneapolis, Minnesota",MN,USA,True,Other,Other,Global kitchens,1.0,0.02,0.02,0.06,1.0,jev,2024-11-01,40,2024-11-01,2024,1,Open,,web,,
Jersey Shore BBQ,"Point Pleasant Beach, New Jersey",NJ,USA,True,Other,Other,BBQ & smokehouses,1.0,0.21,0.24,0.29,0.99,jev,2024-11-01,40,2024-11-01,2024,1,Open,,web,,
Tandem Bakery & Cafe,"Missoula, Montana",MT,USA,True,Other,Diner,"Bakeries, cafes & desserts",1.0,0.35,0.11,0.13,0.98,jev,2024-11-01,40,2024-11-01,2024,1,Open,,web,,
Mexican Moose,"Missoula, Montana",MT,USA,True,Other,Dive,Mexican & Latin,1.0,0.05,0.15,0.31,0.86,jev,2024-11-08,40,2024-11-08,2024,1,Open,,web,,
Union Hmong Kitchen,"Minneapolis, Minnesota",MN,USA,True,Other,Drive-In,Global kitchens,1.0,0.18,0.19,0.3,0.96,jev,2024-11-08,40,2024-11-08,2024,1,Open,,web,,
Wario's Beef and Pork,"Columbus, Ohio",OH,USA,True,Drive-In,Drive-In,Drive-In,,0.16,0.64,0.35,0.5,jev,2024-11-08,40,2024-11-08,2024,1,Open,,web,,
Ba Lẹ Restaurant,"Boston, Massachusetts",MA,USA,True,Other,Drive-In,Global kitchens,0.58,0.1,0.25,0.46,0.96,jev,2024-11-15,40,2024-11-15,2024,1,Open,,web,,
Cucina Florabella,"Missoula, Montana",MT,USA,True,Other,Other,Pizza & Italian,1.0,0.07,0.01,0.03,1.0,jev,2024-11-15,40,2024-11-15,2024,1,Open,,web,,
Guacaya Bistreaux,"Minneapolis, Minnesota",MN,USA,True,Other,Other,Mexican & Latin,1.0,0.02,0.01,0.04,1.0,jev,2024-11-15,40,2024-11-15,2024,1,Closed,wikipedia,web,,
Biga Pizza,"Missoula, Montana",MT,USA,True,Other,Other,Pizza & Italian,1.0,0.04,0.03,0.14,1.0,jev,2024-11-29,40,2024-11-29,2024,1,Open,,web,,
Oro by Nixta,"Minneapolis, Minnesota",MN,USA,True,Other,Other,Mexican & Latin,1.0,0.02,0.01,0.03,1.0,jev,2024-11-29,40,2024-11-29,2024,1,Open,,web,,
Veera Donuts,"Missoula, Montana",MT,USA,True,Other,Diner,"Bakeries, cafes & desserts",1.0,0.25,0.19,0.18,0.99,jev,2024-11-29,40,2024-11-29,2024,1,Open,,web,,
Reid's Apothecary,"Brunswick, Georgia",GA,USA,True,Other,Other,New American bistros,0.53,0.04,0.01,0.04,1.0,jev,2024-12-06,39,2024-12-06,2024,1,Open,,web,,
Ro-Ho Pork & Bread: Tortas Ahogadas,"San Antonio, Texas",TX,USA,True,Other,Drive-In,Mexican & Latin,0.58,0.09,0.58,0.47,0.47,jev,2024-12-06,39,2024-12-06,2024,1,Open,,web,,
10th Street Diner,"Indianapolis, Indiana",IN,USA,True,Diner,Diner,Diner,,0.88,0.02,0.43,1.0,name,2024-12-13,39,2024-12-13,2024,1,Open,,web,,
Con Huevos Tacos,"San Antonio, Texas",TX,USA,True,Dive,Dive,Dive,,0.14,0.24,0.69,0.93,jev,2024-12-13,39,2024-12-13,2024,1,Open,,web,,
Mama's Meatball,"San Luis Obispo, California",CA,USA,True,Other,Other,Pizza & Italian,1.0,0.06,0.03,0.26,1.0,jev,2024-12-13,39,2024-12-13,2024,1,Open,,web,,
Backwoods Crossing,"Tallahassee, Florida",FL,USA,True,Other,Other,"Southern, Cajun & soul",0.64,0.11,0.02,0.06,1.0,jev,2024-12-27,41,2024-12-27,2024,1,Open,,web,,
Tortello,"Chicago, Illinois",IL,USA,True,Other,Other,Pizza & Italian,1.0,0.04,0.01,0.1,1.0,jev,2024-12-27,41,2024-12-27,2024,1,Open,,web,,
Wally & Buck,"Missoula, Montana",MT,USA,True,Other,Drive-In,Sandwiches & delis,0.77,0.27,0.17,0.26,0.25,jev,2024-12-27,41,2024-12-27,2024,1,Open,,web,,
Brooks Burgers SLO,"San Luis Obispo, California",CA,USA,True,Other,Drive-In,Butchers & markets,0.66,0.22,0.17,0.26,0.81,jev,2025-01-17,39,2025-01-17,2025,1,Open,,web,,
Subito,"Indianapolis, Indiana",IN,USA,True,Other,Dive,Sandwiches & delis,1.0,0.31,0.07,0.52,0.41,jev,2025-01-17,39,2025-01-17,2025,1,Open,,web,,
Wild Barley Kitchen & Brewery,"San Antonio, Texas",TX,USA,True,Other,Dive,Brewpubs & bars,1.0,0.15,0.21,0.34,0.98,jev,2025-01-17,39,2025-01-17,2025,1,Open,,web,,
Coosh's Bayou Rouge Restaurant,"Tallahassee, Florida",FL,USA,True,Other,Other,"Southern, Cajun & soul",1.0,0.19,0.04,0.28,1.0,jev,2025-01-24,40,2025-01-24,2025,1,Open,,web,,
Little Goat Diner,"Chicago, Illinois",IL,USA,True,Diner,Diner,Diner,,0.95,0.02,0.18,1.0,name,2025-01-24,40,2025-01-24,2025,1,Open,,web,,
The Rooster Food+Drink,"Naples, Florida",FL,USA,True,Other,Diner,Breakfast & brunch,0.99,0.51,0.01,0.16,0.39,jev,2025-01-24,40,2025-01-24,2025,1,Open,,web,,
El Mariachi Tequila Bar,"Chicago, Illinois",IL,USA,True,Other,Dive,Mexican & Latin,0.87,0.03,0.01,0.21,0.95,jev,2025-02-07,40,2025-02-07,2025,1,Open,,web,,
OG Zaza Pizza Trailer,"Minneapolis, Minnesota",MN,USA,True,Drive-In,Drive-In,Drive-In,,0.03,0.91,0.42,0.82,jev,2025-02-07,40,2025-02-07,2025,1,Open,,web,,
Tally Mac Shack,"Tallahassee, Florida",FL,USA,True,Other,Diner,"Southern, Cajun & soul",0.94,0.26,0.16,0.35,0.43,jev,2025-02-07,40,2025-02-07,2025,1,Open,,web,,
Bites Asian Kitchen + Bar,"Chicago, Illinois",IL,USA,True,Other,Other,Global kitchens,1.0,0.02,0.01,0.08,1.0,jev,2025-02-14,40,2025-02-14,2025,1,Open,,web,,
Leon's at Lake Ella,"Tallahassee, Florida",FL,USA,True,Other,Other,"Southern, Cajun & soul",0.53,0.04,0.01,0.08,1.0,jev,2025-02-14,40,2025-02-14,2025,1,Open,,web,,
Molto Trattoria,"Naples, Florida",FL,USA,True,Other,Other,Pizza & Italian,1.0,0.03,0.01,0.09,1.0,jev,2025-02-14,40,2025-02-14,2025,1,Open,,web,,
Cracklin’ Jacks,"Naples, Florida",FL,USA,True,Other,Other,BBQ & smokehouses,1.0,0.08,0.06,0.41,0.99,jev,2025-02-21,41,2025-02-21,2025,1,Open,,web,,
Hello Dumpling,"Dallas, Texas",TX,USA,True,Other,Dive,Global kitchens,1.0,0.03,0.03,0.54,0.84,jev,2025-02-21,41,2025-02-21,2025,1,Open,,web,,
Omarcito’s Latin Cafe,"Chicago, Illinois",IL,USA,True,Other,Drive-In,Mexican & Latin,1.0,0.17,0.44,0.41,0.7,jev,2025-02-21,41,2025-02-21,2025,1,Open,,web,,
Monster Ramen,"Chicago, Illinois",IL,USA,True,Other,Other,Global kitchens,1.0,0.03,0.02,0.1,1.0,jev,2025-03-07,41,2025-03-07,2025,1,Open,,web,,
Mykonos Kuzina,"Naples, Florida",FL,USA,True,Other,Other,Global kitchens,1.0,0.03,0.01,0.18,1.0,jev,2025-03-07,41,2025-03-07,2025,1,Open,,web,,
Rye,"Dallas, Texas",TX,USA,True,Other,Other,New American bistros,0.99,0.02,0.01,0.02,1.0,jev,2025-03-07,41,2025-03-07,2025,1,Open,,web,,
Fehrenbacher's Meats & Eats,"Gainesville, Florida",FL,USA,True,Other,Other,Butchers & markets,1.0,0.18,0.18,0.23,1.0,jev,2025-03-14,41,2025-03-14,2025,1,Open,,web,,
Halisi Africa,"Tallahassee, Florida",FL,USA,True,Other,Other,Global kitchens,1.0,0.04,0.01,0.07,1.0,jev,2025-03-14,41,2025-03-14,2025,1,Open,,web,,
Sfera Sicilian Street Food,"Chicago, Illinois",IL,USA,True,Other,Drive-In,Pizza & Italian,0.98,0.08,0.27,0.49,0.91,jev,2025-03-14,41,2025-03-14,2025,1,Open,,web,,
Humble Wood Fire Bagel Shop,"Gainesville, Florida",FL,USA,True,Other,Drive-In,"Bakeries, cafes & desserts",0.69,0.16,0.66,0.29,0.37,jev,2025-04-04,41,2025-04-04,2025,1,Open,,web,,
Phil's Oyster Bar & Seafood Restaurant,"Baton Rouge, Louisiana",LA,USA,True,Other,Dive,Seafood,1.0,0.14,0.03,0.59,0.43,jev,2025-04-04,41,2025-04-04,2025,1,Open,,web,,
Dempsey's Poboys,"Baton Rouge, Louisiana",LA,USA,True,Dive,Dive,Dive,,0.28,0.12,0.76,0.83,jev,2025-04-11,41,2025-04-11,2025,1,Open,,web,,
Slow Bone BBQ,"Dallas, Texas",TX,USA,True,Other,Other,BBQ & smokehouses,1.0,0.11,0.14,0.35,0.99,jev,2025-04-11,41,2025-04-11,2025,1,Open,,web,,
The Paper Bag,"Gainesville, Florida",FL,USA,True,Other,Other,Sandwiches & delis,1.0,0.24,0.21,0.27,0.99,jev,2025-04-11,41,2025-04-11,2025,1,Open,,web,,
Iverstine Butcher,"Baton Rouge, Louisiana",LA,USA,True,Other,Diner,Butchers & markets,1.0,0.24,0.17,0.48,0.98,jev,2025-04-18,41,2025-04-18,2025,1,Open,,web,,
Pineappétit,"Tallahassee, Florida",FL,USA,True,Other,Drive-In,Mexican & Latin,0.91,0.06,0.26,0.17,0.97,jev,2025-04-18,41,2025-04-18,2025,1,Open,,web,,
Uppercrust,"Gainesville, Florida",FL,USA,True,Other,Other,"Bakeries, cafes & desserts",1.0,0.14,0.09,0.09,1.0,jev,2025-04-18,41,2025-04-18,2025,1,Open,,web,,
El Palote Panaderia,"Dallas, Texas",TX,USA,True,Other,Other,"Bakeries, cafes & desserts",0.81,0.07,0.19,0.25,1.0,jev,2025-05-02,41,2025-05-02,2025,1,Open,,web,,
Elsie's Plate & Pie,"Baton Rouge, Louisiana",LA,USA,True,Other,Diner,"Southern, Cajun & soul",0.99,0.35,0.02,0.17,0.97,jev,2025-05-02,41,2025-05-02,2025,1,Open,,web,,
Germain's Chicken Sandwiches,"Gainesville, Florida",FL,USA,True,Other,Diner,Sandwiches & delis,1.0,0.15,0.19,0.15,0.73,jev,2025-05-02,41,2025-05-02,2025,1,Open,,web,,
Bingo Deli & Pub,"Gainesville, Florida",FL,USA,True,Other,Dive,Sandwiches & delis,0.97,0.3,0.03,0.59,0.44,jev,2025-05-09,41,2025-05-09,2025,1,Open,,web,,
Cou-yon's,"Port Allen, Louisiana",LA,USA,True,Other,Drive-In,BBQ & smokehouses,1.0,0.11,0.7,0.55,0.46,jev,2025-05-09,41,2025-05-09,2025,1,Open,,web,,
Yumbii,"Atlanta, Georgia",GA,USA,True,Other,Drive-In,Mexican & Latin,0.92,0.08,0.42,0.22,0.71,jev,2025-05-09,41,2025-05-09,2025,1,Closed,web,web,,
El Tesoro,"Atlanta, Georgia",GA,USA,True,Other,Dive,Mexican & Latin,1.0,0.03,0.09,0.37,0.44,jev,2025-05-23,41,2025-05-23,2025,1,Open,,web,,
Smoke'N Ash BBQ,"Arlington, Texas",TX,USA,True,Other,Other,BBQ & smokehouses,1.0,0.08,0.19,0.27,1.0,jev,2025-05-23,41,2025-05-23,2025,1,Open,,web,,
The 239 Naples,"Naples, Florida",FL,USA,True,Other,Other,New American bistros,0.93,0.02,0.01,0.02,1.0,jev,2025-05-23,41,2025-05-23,2025,1,Open,,web,,
Al Noor Kitchen,"Baton Rouge, Louisiana",LA,USA,True,Other,Other,Global kitchens,1.0,0.03,0.06,0.3,1.0,jev,2025-06-06,41,2025-06-06,2025,1,Open,,web,,
Starship Bagel,"Lewisville, Texas",TX,USA,True,Other,Other,"Bakeries, cafes & desserts",0.93,0.14,0.14,0.14,1.0,jev,2025-06-06,41,2025-06-06,2025,1,Open,,web,,
The Deer and The Dove,"Decatur, Georgia",GA,USA,True,Other,Other,New American bistros,0.97,0.01,0.01,0.01,1.0,jev,2025-06-06,41,2025-06-06,2025,1,Open,,web,,
Cafe Mochiko,"Cincinnati, Ohio",OH,USA,True,Other,Other,"Bakeries, cafes & desserts",0.99,0.16,0.12,0.08,1.0,jev,2025-06-20,41,2025-06-20,2025,1,Open,,web,,
How Crispy Express,"Atlanta, Georgia",GA,USA,True,Drive-In,Drive-In,Drive-In,,0.12,0.42,0.29,0.34,jev,2025-06-20,41,2025-06-20,2025,1,Closed,web,web,,
Oui Melrose,"Los Angeles, California",CA,USA,True,Other,Diner,"Bakeries, cafes & desserts",1.0,0.31,0.11,0.16,0.99,jev,2025-06-20,41,2025-06-20,2025,1,Open,,web,,
Camporosso,"Fort Mitchell, Kentucky",KY,USA,True,Other,Dive,Pizza & Italian,1.0,0.06,0.06,0.55,0.97,jev,2025-07-11,42,2025-07-11,2025,1,Open,,web,,
Mae Malai Thai House of Noodles,"Los Angeles, California",CA,USA,True,Other,Dive,Global kitchens,1.0,0.03,0.11,0.45,0.9,jev,2025-07-11,42,2025-07-11,2025,1,Open,,web,,
Tassa's Roti Shop,"Marietta, Georgia",GA,USA,True,Other,Other,Mexican & Latin,0.93,0.06,0.07,0.31,1.0,jev,2025-07-11,42,2025-07-11,2025,1,Open,,web,,
Annie's Soul Delicious,"Los Angeles, California",CA,USA,True,Other,Diner,"Southern, Cajun & soul",1.0,0.29,0.05,0.23,0.91,jev,2025-07-25,42,2025-07-25,2025,1,Open,,web,,
Industry,"Austin, Texas",TX,USA,True,Other,Dive,Brewpubs & bars,0.53,0.15,0.02,0.37,0.6,jev,2025-07-25,42,2025-07-25,2025,1,Open,,web,,
Leftie Lee‘s,"Avondale Estates, Georgia",GA,USA,True,Other,Diner,Sandwiches & delis,0.5,0.23,0.16,0.19,0.98,jev,2025-07-25,42,2025-07-25,2025,1,Closed,web,web,,
Donna Jean,"Sherman Oaks, Los Angeles, California",CA,USA,True,Other,Other,Pizza & Italian,1.0,0.05,0.01,0.14,1.0,jev,2025-08-22,42,2025-08-22,2025,1,Open,,web,,
Lao’d Bar,"Austin, Texas",TX,USA,True,Other,Dive,Brewpubs & bars,0.49,0.03,0.15,0.29,0.67,jev,2025-08-22,42,2025-08-22,2025,1,Open,,web,,
The Pickled Pig,"Cincinnati, Ohio",OH,USA,True,Other,Other,Sandwiches & delis,0.98,0.34,0.14,0.36,0.99,jev,2025-08-22,42,2025-08-22,2025,1,Open,,web,,
Northside Yacht Club,"Cincinnati, Ohio",OH,USA,True,Dive,Dive,Dive,,0.21,0.02,0.73,1.0,jev,2025-08-29,42,2025-08-29,2025,1,Open,,web,,
Ramen Del Barrio,"Austin, Texas",TX,USA,True,Other,Dive,Global kitchens,0.96,0.06,0.07,0.43,0.65,jev,2025-08-29,42,2025-08-29,2025,1,Open,,web,,
Ruen Pair,"Los Angeles, California",CA,USA,True,Other,Dive,Global kitchens,1.0,0.03,0.02,0.36,0.98,jev,2025-08-29,42,2025-08-29,2025,1,Open,,web,,
Boneyard Bistro,"Sherman Oaks, Los Angeles, California",CA,USA,True,Other,Other,BBQ & smokehouses,1.0,0.08,0.02,0.15,1.0,jev,2025-09-19,42,2025-09-19,2025,1,Closed,web,web,,
Bouldin Creek Cafe,"Austin, Texas",TX,USA,True,Diner,Diner,Diner,,0.54,0.09,0.18,0.83,jev,2025-09-19,42,2025-09-19,2025,1,Open,,web,,
Sacred Beast Diner,"Cincinnati, Ohio",OH,USA,True,Diner,Diner,Diner,,0.7,0.02,0.03,0.68,name,2025-09-19,42,2025-09-19,2025,1,Open,,web,,
Al Saraceno,"Taormina, Messina, Italy",,Italy,False,Other,Other,Pizza & Italian,1.0,0.02,0.01,0.04,1.0,jev,2025-09-26,42,2025-09-26,2025,1,Open,,web,,
Tischi Toschi,"Taormina, Messina, Italy",,Italy,False,Other,Other,Pizza & Italian,0.96,0.02,0.01,0.07,1.0,jev,2025-09-26,42,2025-09-26,2025,1,Open,,web,,
stritFUD,"Taormina, Messina, Italy",,Italy,False,Other,Drive-In,Pizza & Italian,0.98,0.04,0.34,0.44,0.53,jev,2025-09-26,42,2025-09-26,2025,1,Open,,web,,
Ethica Chef’s Table,"Taormina, Messina, Italy",,Italy,False,Other,Other,Pizza & Italian,0.86,0.01,0.01,0.01,1.0,jev,2025-10-03,42,2025-10-03,2025,1,Open,,web,,
Trattoria da Antonio,"Giardini Naxos, Messina, Italy",,Italy,False,Other,Other,Seafood,0.78,0.02,0.01,0.2,1.0,jev,2025-10-03,42,2025-10-03,2025,1,Open,,web,,
Villa Zuccaro Pizzeria,"Taormina, Messina, Italy",,Italy,False,Other,Other,Pizza & Italian,1.0,0.02,0.01,0.05,1.0,jev,2025-10-03,42,2025-10-03,2025,1,Open,,web,,
Darwin's Charcoal BBQ Chicken,"Calgary, Alberta, Canada",AB,Canada,False,Other,Dive,Global kitchens,0.9,0.06,0.17,0.73,0.33,jev,2025-11-21,42,2025-11-21,2025,1,Open,,web,,
KG BBQ,"Austin, Texas",TX,USA,True,Drive-In,Drive-In,Drive-In,,0.04,0.95,0.44,0.93,jev,2025-11-21,42,2025-11-21,2025,1,Open,,web,,
KungFood Amerasia,"Covington, Kentucky",KY,USA,True,Other,Dive,Global kitchens,1.0,0.06,0.08,0.55,0.73,jev,2025-11-21,42,2025-11-21,2025,1,Open,,web,,
Jane Bond BBQ,"Calgary, Alberta, Canada",AB,Canada,False,Other,Other,BBQ & smokehouses,1.0,0.08,0.07,0.45,1.0,jev,2026-01-23,43,2026-01-23,2026,1,Open,,web,,
Mum Foods,"Austin, Texas",TX,USA,True,Other,Other,Sandwiches & delis,0.72,0.23,0.08,0.16,1.0,jev,2026-01-23,43,2026-01-23,2026,1,Open,,web,,
R Town Pizza,"Reno, Nevada",NV,USA,True,Other,Dive,Pizza & Italian,1.0,0.17,0.07,0.42,0.94,jev,2026-01-23,43,2026-01-23,2026,1,Open,,web,,
Huli Sue's,"Asheville, North Carolina",NC,USA,True,Other,Other,BBQ & smokehouses,1.0,0.1,0.03,0.1,1.0,jev,2026-01-30,43,2026-01-30,2026,1,Open,,web,,
Papa What You Cooking,"Reno, Nevada",NV,USA,True,Other,Dive,"Southern, Cajun & soul",1.0,0.26,0.04,0.51,0.7,jev,2026-01-30,43,2026-01-30,2026,1,Open,,web,,
Pat & Betty,"Calgary, Alberta, Canada",AB,Canada,False,Other,Other,New American bistros,0.38,0.04,0.01,0.02,1.0,jev,2026-01-30,43,2026-01-30,2026,1,Open,,web,,
Foothills Grange,"Black Mountain, North Carolina",NC,USA,True,Other,Drive-In,Brewpubs & bars,0.9,0.32,0.38,0.35,0.63,jev,2026-02-27,43,2026-02-27,2026,1,Open,,web,,
Shiki Menya,"Calgary, Alberta, Canada",AB,Canada,False,Other,Dive,Global kitchens,1.0,0.04,0.02,0.39,0.8,jev,2026-02-27,43,2026-02-27,2026,1,Open,,web,,
Smiling with Hope Pizza,"Reno, Nevada",NV,USA,True,Other,Other,Pizza & Italian,1.0,0.1,0.11,0.4,1.0,jev,2026-02-27,43,2026-02-27,2026,1,Open,,web,,
BJ's Barbecue,"Sparks, Nevada",NV,USA,True,Other,Diner,BBQ & smokehouses,1.0,0.5,0.06,0.6,0.94,jev,2026-03-06,42,2026-03-06,2026,1,Open,,web,,
Good Hot Fish,"Asheville, North Carolina",NC,USA,True,Dive,Dive,Dive,,0.31,0.2,0.55,0.52,jev,2026-03-06,42,2026-03-06,2026,1,Open,,web,,
Park by Sidewalk Citizen,"Calgary, Alberta, Canada",AB,Canada,False,Other,Other,Global kitchens,0.98,0.02,0.01,0.02,1.0,jev,2026-03-06,42,2026-03-06,2026,1,Open,,web,,
Little Chango,"Asheville, North Carolina",NC,USA,True,Other,Other,Mexican & Latin,1.0,0.05,0.12,0.22,0.99,jev,2026-03-13,43,2026-03-13,2026,1,Open,,web,,
Moo Dang,"Reno, Nevada",NV,USA,True,Other,Other,Global kitchens,1.0,0.03,0.02,0.25,1.0,jev,2026-03-13,43,2026-03-13,2026,1,Open,,web,,
Namo Cafe Bistro,"Calgary, Alberta, Canada",AB,Canada,False,Other,Other,Breakfast & brunch,1.0,0.17,0.02,0.08,1.0,jev,2026-03-13,43,2026-03-13,2026,1,Open,,web,,
Island Taste Caribbean Grill,"San Jose, California",CA,USA,True,Other,Other,Mexican & Latin,1.0,0.07,0.14,0.21,1.0,jev,2026-03-27,43,2026-03-27,2026,1,Open,,web,,
MF International,"Sparks, Nevada",NV,USA,True,Other,Drive-In,Mexican & Latin,0.98,0.07,0.42,0.28,0.68,jev,2026-03-27,43,2026-03-27,2026,1,Open,,web,,
Regina's Westside,"Asheville, North Carolina",NC,USA,True,Diner,Diner,Diner,,0.93,0.02,0.11,1.0,jev,2026-03-27,43,2026-03-27,2026,1,Closed,web,web,,
Alaina's Cafe,"Palm Beach Gardens, Florida",FL,USA,True,Other,Other,"Bakeries, cafes & desserts",0.58,0.18,0.01,0.06,1.0,jev,2026-04-10,43,2026-04-10,2026,1,Open,,web,,
Fox Tale Fermentation Project,"San Jose, California",CA,USA,True,Other,Other,Brewpubs & bars,1.0,0.06,0.01,0.11,1.0,jev,2026-04-10,43,2026-04-10,2026,1,Open,,web,,
Tasty Dumpling,"Sacramento, California",CA,USA,True,Other,Dive,Global kitchens,1.0,0.05,0.05,0.59,0.8,jev,2026-04-10,43,2026-04-10,2026,1,Open,,web,,
Angkor,"San Jose, California",CA,USA,True,Other,Other,Global kitchens,1.0,0.02,0.01,0.08,1.0,jev,2026-04-24,42,2026-04-24,2026,1,Open,,web,,
NEVS Barbecue,"Palm Beach Gardens, Florida",FL,USA,True,Other,Other,BBQ & smokehouses,1.0,0.09,0.3,0.31,0.99,jev,2026-04-24,42,2026-04-24,2026,1,Open,,web,,
Nixtaco,"Roseville, California",CA,USA,True,Dive,Dive,Dive,,0.03,0.06,0.53,0.49,jev,2026-04-24,42,2026-04-24,2026,1,Open,,web,,
Bush Farmhouse,"Black Mountain, North Carolina",NC,USA,True,Other,Other,Global kitchens,0.89,0.05,0.02,0.09,1.0,jev,2026-05-08,42,2026-05-08,2026,1,Open,,web,,
Driftwood,"Boynton Beach, Florida",FL,USA,True,Other,Dive,Brewpubs & bars,0.92,0.09,0.01,0.25,0.94,jev,2026-05-08,42,2026-05-08,2026,1,Open,,web,,
El Halal Amigos,"San Jose, California",CA,USA,True,Other,Dive,Mexican & Latin,1.0,0.07,0.07,0.29,0.94,jev,2026-05-08,42,2026-05-08,2026,1,Open,,web,,
Spoon and Fork,"Sacramento, California",CA,USA,True,Other,Dive,Global kitchens,1.0,0.11,0.19,0.57,0.72,jev,2026-05-22,42,2026-05-22,2026,1,Open,,web,,
SuperNatural Food & Wine,"Tampa, Florida",FL,USA,True,Other,Diner,Sandwiches & delis,0.97,0.56,0.13,0.48,0.36,jev,2026-05-22,42,2026-05-22,2026,1,Open,,web,,
Tropical Smokehouse,"West Palm Beach, Florida",FL,USA,True,Other,Other,BBQ & smokehouses,1.0,0.14,0.19,0.35,1.0,jev,2026-05-22,42,2026-05-22,2026,1,Open,,web,,
Don Ramon Restaurant,"West Palm Beach, Florida",FL,USA,True,Other,Other,Mexican & Latin,1.0,0.07,0.01,0.18,1.0,jev,2026-05-29,43,2026-05-29,2026,1,Open,,web,,
Pizza Supreme Being,"Sacramento, California",CA,USA,True,Other,Dive,Pizza & Italian,1.0,0.08,0.15,0.53,0.7,jev,2026-05-29,43,2026-05-29,2026,1,Open,,web,,
Vietnoms,"San Jose, California",CA,USA,True,Other,Dive,Global kitchens,0.96,0.03,0.07,0.2,0.98,jev,2026-05-29,43,2026-05-29,2026,1,Open,,web,,
Tank House BBQ,"Sacramento, California",CA,USA,True,Other,Other,BBQ & smokehouses,1.0,0.05,0.03,0.26,1.0,jev,2026-06-12,43,2026-06-12,2026,1,Open,,web,,
The Bywater,"Los Gatos, California",CA,USA,True,Other,Other,"Southern, Cajun & soul",1.0,0.08,0.01,0.15,1.0,jev,2026-06-12,43,2026-06-12,2026,1,Open,,web,,
Wok by the Beach,"Riviera Beach, Florida",FL,USA,True,Other,Other,Global kitchens,1.0,0.02,0.01,0.11,1.0,jev,2026-06-12,43,2026-06-12,2026,1,Open,,web,,
Cousin Vinny's Sandwich Co.,"Tampa, Florida",FL,USA,True,Other,Diner,Sandwiches & delis,1.0,0.21,0.18,0.24,0.95,jev,2026-07-10,43,2026-07-10,2026,1,Open,,web,,
La Santa Maria Kitchen,"Tampa, Florida",FL,USA,True,Drive-In,Drive-In,Drive-In,,0.03,0.95,0.24,0.97,jev,2026-07-10,43,2026-07-10,2026,1,Open,,web,,
StreetZlan Restaurant,"Elk Grove, California",CA,USA,True,Other,Dive,Mexican & Latin,0.96,0.16,0.12,0.44,0.94,jev,2026-07-10,43,2026-07-10,2026,1,Open,,web,,
Mezzaluna Pasteria,"Bentonville, Arkansas",AR,USA,True,Other,Other,Pizza & Italian,1.0,0.02,0.01,0.05,1.0,jev,2026-08-07,43,2026-08-07,2026,1,Open,,web,,
Saiwok Vietnamese Street Food,"Rogers, Arkansas",AR,USA,True,Other,Other,Global kitchens,1.0,0.05,0.11,0.14,0.99,jev,2026-08-07,43,2026-08-07,2026,1,Open,,web,,
The Boozy Pig,"Tampa, Florida",FL,USA,True,Other,Diner,Butchers & markets,0.59,0.5,0.01,0.26,0.89,jev,2026-08-07,43,2026-08-07,2026,1,Open,,web,,
Blu Fish House,"Bentonville, Arkansas",AR,USA,True,Other,Other,Seafood,1.0,0.02,0.02,0.08,1.0,jev,2026-08-21,43,2026-08-21,2026,1,Open,,web,,
The Liberty Smokehouse,"Tampa, Florida",FL,USA,True,Drive-In,Drive-In,Drive-In,,0.04,0.9,0.41,0.63,jev,2026-08-21,43,2026-08-21,2026,1,Open,,web,,
Toot Beirut,"Rogers, Arkansas",AR,USA,True,Other,Other,Global kitchens,1.0,0.06,0.3,0.36,0.98,jev,2026-08-21,43,2026-08-21,2026,1,Open,,web,,
Danger Dave's,"Bentonville, Arkansas",AR,USA,True,Dive,Dive,Dive,,0.03,0.02,0.45,0.75,jev,2026-09-11,43,2026-09-11,2026,1,Open,,web,,
Lupe's Situ Tacos,"Seattle, Washington",WA,USA,True,Other,Dive,Mexican & Latin,1.0,0.06,0.15,0.29,0.4,jev,2026-09-11,43,2026-09-11,2026,1,Open,,web,,
Ramen Nara,"Rogers, Arkansas",AR,USA,True,Other,Other,Global kitchens,1.0,0.05,0.03,0.26,1.0,jev,2026-09-11,43,2026-09-11,2026,1,Open,,web,,
